Datetime,Open,High,Low,Close,Volume,ema50,ema100,ema200,ema12,ema26,macd,signal,histogram,sma20,upper20,lower20
2016-09-28,3.29,3.3,3.29,3.3,968831000,3.3,3.3,3.3,3.3,3.3,0.0,0.0,0.0,,,
2016-09-29,3.29,3.3,3.29,3.3,240619630,3.3,3.3,3.3,3.3,3.3,0.0,0.0,0.0,,,
2016-09-30,3.29,3.3,3.29,3.3,350443500,3.3,3.3,3.3,3.3,3.3,0.0,0.0,0.0,,,
2016-10-03,3.3,3.35,3.29,3.33,89477625,3.301176470588235,3.3005940594059404,3.3002985074626867,3.3046153846153845,3.302222222222222,0.0023931623931625623,0.00047863247863251247,0.0019145299145300499,,,
2016-10-04,3.33,3.34,3.3,3.3,36255500,3.3011303344867358,3.3005822958533475,3.3002955372391773,3.303905325443787,3.3020576131687243,0.0018477122750626407,0.0007524484379185382,0.0010952638371441025,,,
2016-10-05,3.3,3.33,3.3,3.3,33567000,3.301086007644119,3.3005707652423903,3.300292596570131,3.303304506144743,3.3019051973784483,0.0013993087662944603,0.0008818205035937227,0.0005174882627007377,,,
2016-10-06,3.31,3.32,3.3,3.3,33570821,3.3010434191090554,3.3005594629603627,3.3002896851614727,3.3027961205840133,3.3017640716467116,0.0010320489373016883,0.0009118661903353159,0.00012018274696637247,,,
2016-10-07,3.3,3.3,3.3,3.3,21390000,3.301002500712622,3.3005483844859,3.300286802722055,3.302365948186473,3.3016333996728813,0.0007325485135916132,0.0008760026549865754,-0.00014345414139496214,,,
2016-10-11,3.31,3.31,3.29,3.29,80784000,3.3005710300964406,3.300339505585189,3.3001844464760643,3.300463494619323,3.300771666363779,-0.00030817174445596507,0.0006391677750980673,-0.0009473395195540323,,,
2016-10-12,3.29,3.3,3.29,3.29,337462000,3.30015647989658,3.300134762900334,3.3000831087001834,3.2988537262163504,3.2999737651516474,-0.0011200389352969964,0.00028732643301905455,-0.0014073653683160509,,,
2016-10-13,3.3,3.3,3.29,3.29,85977000,3.2997581865673022,3.2999340745260697,3.2999827792603806,3.297491614490758,3.299234967733007,-0.0017433532422490572,-0.0001188095020345678,-0.0016245437402144893,,,
2016-10-14,3.3,3.3,3.29,3.29,118591000,3.299375512584271,3.299737360179019,3.299883448123462,3.2963390584152563,3.2985508960490804,-0.002211837633824043,-0.0005374151283924629,-0.0016744225054315803,,,
2016-10-17,3.29,3.3,3.29,3.29,51170000,3.2990078454241036,3.2995445411655733,3.2997851053560643,3.2953638186590632,3.297917496341741,-0.0025536776826777796,-0.0009406676392495262,-0.0016130100434282534,,,
2016-10-18,3.29,3.3,3.29,3.29,112481000,3.2986545965839427,3.2993555403504136,3.299687741123666,3.294538615788438,3.297331015131242,-0.00279239934280362,-0.0013110139799603448,-0.001481385362843275,,,
2016-10-19,3.29,3.3,3.29,3.29,133524000,3.2983152006394745,3.2991702821256528,3.2995913456896,3.2938403672056014,3.296787976973372,-0.0029476097677707536,-0.0016383331375224267,-0.001309276630248327,,,
2016-10-20,3.29,3.3,3.29,3.29,206133000,3.297989114339887,3.2989886923805902,3.2994959094140817,3.2932495414816625,3.2962851638642334,-0.003035622382570935,-0.0019177909865321285,-0.0011178313960388065,,,
2016-10-24,3.25,3.28,3.16,3.18,59197000,3.293362090248127,3.2966324806502816,3.298306895390061,3.2758265350998683,3.2876714480224383,-0.01184491292256995,-0.003903215373739693,-0.007941697548830257,,,
2016-10-25,3.16,3.18,3.05,3.07,80114625,3.284602792591338,3.292144708756217,3.29603518498817,3.244160914315273,3.271547637057813,-0.02738672274253995,-0.008599916847499745,-0.018786805895040205,,,
2016-10-26,3.04,3.06,2.99,3.01,40772000,3.273834055626972,3.2865576848204503,3.293189063744507,3.2081361582667696,3.2521737380164937,-0.04403757974972411,-0.01568744942794462,-0.02835013032177949,,,
2016-10-27,3.01,3.01,2.9,2.92,68995000,3.259958210308267,3.2792991168042036,3.289475739727149,3.1638075185334205,3.2275682759411977,-0.0637607574077772,-0.02530211102391114,-0.03845864638386606,3.2464999999999997,3.4657053831455786,3.027294616854421
2016-10-28,2.89,2.92,2.85,2.88,61299000,3.2450578883353938,3.27139220360016,3.2854013542572273,3.1201448233744324,3.201822477723331,-0.08167765434889862,-0.03657721968890863,-0.04510043465998999,3.2255000000000003,3.494904899732726,2.9560951002672744
2016-10-31,2.86,2.92,2.84,2.9,25851000,3.2315262064398884,3.2640379025387705,3.2815665149113844,3.0862763890091354,3.1794652571512323,-0.09318886814209693,-0.0478995493795463,-0.04528931876255063,3.2055,3.507259838282035,2.903740161717965
2016-11-01,2.9,2.98,2.89,2.98,35583000,3.221662433638324,3.2584133896172105,3.2785658530714703,3.0699261753154223,3.1646900529178077,-0.09476387760238536,-0.05727241502411411,-0.037491462578271254,3.1895,3.5032180262592507,2.875781973740749
2016-11-02,2.96,2.98,2.94,2.98,17685000,3.212185475456429,3.252900253189147,3.2755950485632965,3.0560913791130497,3.1510093082572297,-0.09491792914417996,-0.06480151784812728,-0.030116411296052678,3.172,3.491411959700948,2.8525880402990524
2016-11-03,2.99,3.04,2.98,3.01,28171000,3.2042566332816675,3.2480903471854012,3.272952311761672,3.049000397711042,3.14056417431225,-0.09156377660120807,-0.07015396959874344,-0.02140980700246463,3.1574999999999998,3.478677521006685,2.8363224789933144
2016-11-04,3.01,3.01,2.97,3.01,12419000,3.1966387260941516,3.2433756868450963,3.270335870848621,3.0430003365247273,3.130892753992824,-0.08789241746809662,-0.07370165917261408,-0.014190758295482539,3.143,3.4633185914054936,2.822681408594506
2016-11-07,3.01,3.01,2.97,2.99,14000000,3.188535246639479,3.23835834651153,3.2675464591983863,3.034846438597846,3.1204562536970593,-0.08560981509921328,-0.07608329035793392,-0.009526524741279366,3.1275000000000004,3.4459258155363663,2.8090741844636344
2016-11-08,3.01,3.01,2.94,2.97,17387000,3.179965236967343,3.2330443198479353,3.2645857979128303,3.0248700634289465,3.109311346015796,-0.08444128258684946,-0.07775488880371703,-0.006686393783132433,3.1109999999999998,3.4261444113418476,2.795855588658152
2016-11-09,2.96,2.97,2.88,2.92,30935000,3.1697705217921532,3.2268454224252037,3.2611570835057377,3.008736207516801,3.0952882833479594,-0.08655207583115843,-0.07951432620920532,-0.00703774962195311,3.0925000000000002,3.4068803428969434,2.778119657103057
2016-11-10,2.95,2.99,2.93,2.94,13888000,3.160759913094422,3.221165315050447,3.257961490635034,2.99816140636037,3.0837854475444066,-0.08562404118403677,-0.08073626920417161,-0.00488777197986516,3.075,3.38234345608781,2.7676565439121905
2016-11-11,2.94,2.94,2.85,2.89,58650000,3.1501418772867975,3.214607586039547,3.254300182270506,2.981521189997236,3.0694309699485247,-0.08790977995128868,-0.08217097135359502,-0.0057388085976936565,3.055,3.355765689532565,2.754234310467435
2016-11-14,2.88,2.91,2.86,2.9,24088266,3.1403323919030015,3.208377732850645,3.2507748073225406,2.9689794684592,3.0568805277301156,-0.08790105927091574,-0.08331698893705917,-0.004584070333856563,3.0355,3.3230743382153545,2.7479256617846453
2016-11-15,2.92,2.94,2.89,2.9,11424000,3.130907592220531,3.2022712430912263,3.2472845107322668,2.9583672425424,3.045259747898255,-0.08689250535585513,-0.08403209222081838,-0.0028604131350367518,3.016,3.28413429471069,2.74786570528931
2016-11-16,2.92,2.92,2.9,2.91,12448000,3.1222445493883533,3.196483693723083,3.2439284459488613,2.9509261283051074,3.035240507313199,-0.08431437900809158,-0.08408854957827303,-0.00022582942981855259,2.997,3.237174936244394,2.7568250637556058
2016-11-17,2.92,2.92,2.9,2.9,7786102,3.11352907686332,3.190612729490943,3.2405062723573304,2.943091339335091,3.0252226919566656,-0.08213135262157456,-0.08369711018693334,0.0015657575653587746,2.9775,3.179675666191554,2.775324333808446
2016-11-18,2.9,2.92,2.9,2.91,4821000,3.1055475444373077,3.185056041778251,3.2372176527318843,2.9380003640527694,3.0166876777376532,-0.0786873136848838,-0.08269515088652343,0.004007837201639636,2.9585,3.102760181616406,2.814239818383594
2016-11-21,2.9,2.92,2.9,2.91,4518000,3.097879013282904,3.179609387485612,3.2339617556897764,2.9336926157369585,3.0087848867941234,-0.07509227105716487,-0.08117457492065172,0.006082303863486849,2.945,3.0486339712642443,2.8413660287357554
2016-11-22,2.91,2.93,2.9,2.92,8883000,3.0909033657031824,3.174468607535402,3.230837758120724,2.9315860594697343,3.0022082285130773,-0.07062216904334306,-0.07906409374519,0.008441924701846931,2.9375,3.0241890996607887,2.8508109003392113
2016-11-23,2.92,2.93,2.9,2.9,10071000,3.0834169592050187,3.169033585604008,3.227545840129473,2.92672666570516,2.99463724862322,-0.06791058291805996,-0.076833391579764,0.008922808661704043,2.932,3.013387959797492,2.850612040202508
2016-11-24,2.9,2.91,2.88,2.9,5063000,3.0762241372754104,3.163706187869275,3.2242866775411203,2.922614870981289,2.9876270820585367,-0.06501221107724753,-0.07446915547926071,0.009456944402013182,2.931,3.0134378553820884,2.8485621446179117
2016-11-25,2.9,2.92,2.88,2.92,7774000,3.0700977005195123,3.1588803227629527,3.221258949406383,2.922212583138014,2.9826176685727193,-0.06040508543470535,-0.07165634147034963,0.01125125603564428,2.933,3.012271684730414,2.853728315269586
2016-11-28,2.91,2.98,2.91,2.98,11543403,3.0665644573618844,3.1553381381537853,3.2188583628451255,2.9311029549629346,2.9824237671969627,-0.05132081223402807,-0.06758923562308533,0.016268423389057263,2.937,3.0172745289615466,2.856725471038453
2016-11-29,2.97,2.99,2.96,2.98,9205500,3.0631697727594576,3.1518660958141065,3.2164816627173134,2.938625577276329,2.982244228886077,-0.04361865160974787,-0.06279511882041784,0.01917646721066997,2.9370000000000003,3.017274528961547,2.8567254710384535
2016-11-30,2.99,3.01,2.97,3.01,12694000,3.061084683631636,3.1490568661940253,3.2144271188096787,2.949606257695355,2.984300211931553,-0.03469395423619792,-0.05717488590357386,0.022480931667375942,2.9385,3.022945248534173,2.854054751465827
2016-12-01,3.01,3.01,2.97,2.98,10116500,3.0579048921166696,3.1457092054773117,3.2120945106623187,2.954282218049916,2.983981677714401,-0.02969945966448506,-0.05167980065575611,0.021980340991271045,2.937,3.0172745289615466,2.856725471038453
2016-12-02,2.98,2.99,2.96,2.97,7889000,3.054457641445428,3.14222981526984,3.2096856100587137,2.956700338349929,2.982945997883705,-0.02624565953377589,-0.04659297243136007,0.02034731289758418,2.935,3.0096993975879203,2.86030060241208
2016-12-05,2.97,2.99,2.94,2.97,3796000,3.0511455770750193,3.138819323878358,3.2073006786153435,2.9587464401422476,2.9819870350775046,-0.023240594935256986,-0.04192249693213945,0.018681901996882466,2.934,3.0062218803410587,2.8617781196589416
2016-12-06,2.98,3.0,2.95,2.97,4489000,3.0479633975818814,3.135476366969876,3.2049394778331015,2.9604777570434404,2.9810991065532453,-0.020621349509804876,-0.037662267447672544,0.017040917937867668,2.934,3.0062218803410587,2.8617781196589416
2016-12-07,2.97,2.99,2.96,2.97,7266000,3.0449060094414158,3.132199607227898,3.2026017715860062,2.961942717498296,2.9802769505122644,-0.018334233013968415,-0.03379666056093172,0.015462427546963302,2.9364999999999997,3.0100594997263994,2.8629405002736
2016-12-08,2.99,2.99,2.96,2.97,4823000,3.0419685188750862,3.1289877338174445,3.200287326097589,2.9631822994216352,2.9795156949187636,-0.01633339549712831,-0.030304007548171037,0.013970612051042726,2.9379999999999997,3.0129933330369987,2.8630066669630008
2016-12-09,2.97,2.97,2.93,2.94,7466934,3.0379697534290044,3.125245402454723,3.1976974024548266,2.959615791818307,2.9765886064062625,-0.016972814587955742,-0.02763776895612798,0.010664954368172237,2.9405,3.012186818872079,2.8688131811279214
2016-12-12,2.95,2.95,2.9,2.92,8958000,3.0333434885886517,3.12118113705958,3.1949342442214457,2.9535210546154906,2.9723968577835764,-0.018875803168085792,-0.025885375798519544,0.0070095726304337524,2.9415,3.011435684739611,2.871564315260389
2016-12-13,2.92,2.92,2.9,2.9,5366000,3.0281143321734105,3.116801312563351,3.191999575124715,2.9452870462131076,2.9670341275773855,-0.021747081364277943,-0.025057716911671225,0.0033106355473932828,2.9415000000000004,3.0114356847396113,2.8715643152603896
2016-12-14,2.91,2.92,2.9,2.9,8939000,3.02309024071563,3.112508217265067,3.189094106715514,2.938319808334168,2.962068636645727,-0.023748828311559222,-0.024795939191648825,0.0010471108800896023,2.941,3.0119647799968283,2.8700352200031714
2016-12-15,2.9,2.9,2.87,2.87,15869000,3.017086701864037,3.107706074348927,3.1859190409770513,2.92780906859045,2.955248737634933,-0.027439669044482695,-0.0253246851622156,-0.0021149838822670936,2.9395,3.014991721400417,2.8640082785995826
2016-12-16,2.87,2.89,2.86,2.88,21073391,3.0117107527713296,3.1031970431737004,3.182875070420066,2.920453827268842,2.949674757069382,-0.02922092980054014,-0.02610393408988051,-0.0031169957106596292,2.9379999999999997,3.0168923316932528,2.8591076683067467
2016-12-19,2.87,2.88,2.85,2.85,10119188,3.0053691546234345,3.0981832403385776,3.1795628806646423,2.9096147769197898,2.9422914417309096,-0.03267666481111986,-0.027418480234128382,-0.005258184576991478,2.935,3.0220631954387054,2.8479368045612947
2016-12-20,2.85,2.88,2.84,2.88,8915000,3.0004527171872213,3.093862780133853,3.1765821554838998,2.905058657393668,2.9376772608619532,-0.03261860346828538,-0.028458504880959783,-0.004160098587325595,2.933,3.02313323471394,2.8428667652860597
2016-12-21,2.88,2.89,2.86,2.88,8396000,2.995729081219095,3.089627873596549,3.1736310892601796,2.901203479333103,2.9334048711684755,-0.032201391835372295,-0.029207082271842287,-0.002994309563530008,2.932,3.02399999999999,2.84000000000001
2016-12-22,2.88,2.89,2.86,2.88,4312000,2.9911906858771697,3.085476826594637,3.1707093868794813,2.8979414055895485,2.9294489547856255,-0.03150754919607701,-0.029667175656689235,-0.0018403735393877768,2.931,3.024786992701537,2.837213007298463
2016-12-23,2.88,2.88,2.86,2.87,3961589,2.9864381099604183,3.081209958741278,3.1677172536767007,2.893642727806541,2.9250453285052087,-0.031402600698667626,-0.030014260665084915,-0.0013883400335827113,2.9285,3.0259217634822844,2.831078236517716
2016-12-28,2.87,2.89,2.86,2.89,3271000,2.982656223295304,3.077423622924619,3.1649538979187235,2.8930823081439963,2.9224493782455636,-0.02936707010156736,-0.029884822552381406,0.0005177524508140456,2.9240000000000004,3.019791440118615,2.8282085598813858
2016-12-29,2.88,2.89,2.86,2.88,5084000,2.978630489048429,3.0735142442528445,3.1621185357503783,2.891069645352612,2.9193049798570034,-0.028235334504391307,-0.02955492494278339,0.001319590438392082,2.9189999999999996,3.0129999999999892,2.82500000000001
2016-12-30,2.88,2.9,2.87,2.9,6707000,2.975546940458295,3.070078318624075,3.1595103911160463,2.8924435460675952,2.9178749813490774,-0.025431435281482173,-0.02873022701052315,0.0032987917290409757,2.9135,2.997945248534172,2.829054751465828
2017-01-03,2.89,2.92,2.87,2.91,5174391,2.9729764722050285,3.066908450928549,3.15702770065718,2.8951445389802726,2.917291649397294,-0.02214711041702122,-0.027413603691822764,0.005266493274801543,2.91,2.988740078740106,2.8312599212598943
2017-01-04,2.89,2.94,2.89,2.93,6107551,2.971291120353851,3.06419739249432,3.154768718561089,2.900506917598692,2.918233008701198,-0.01772609110250567,-0.025476101173959348,0.007750010071453678,2.908,2.982458041875932,2.833541958124068
2017-01-05,2.94,2.97,2.92,2.95,8867977,2.9704561744576217,3.0619360579894823,3.1527312188739143,2.9081212379681243,2.9205861191677758,-0.0124648811996515,-0.022873857179097783,0.010408975979446282,2.907,2.9785821206726792,2.835417879327321
2017-01-06,2.96,2.97,2.94,2.94,9773535,2.96926181467497,3.05952148258375,3.1506144903279054,2.9130256628961053,2.922024184414607,-0.008998521518501779,-0.020098790046978583,0.011100268528476804,2.9055,2.972872101050791,2.838127898949209
2017-01-09,2.96,2.99,2.95,2.98,13545438,2.969682919981834,3.0579467997603094,3.148916833707727,2.9233294070659355,2.9263186892727844,-0.002989282206848909,-0.01667688847895265,0.01368760627210374,2.906,2.9753974062915756,2.8366025937084247
2017-01-10,2.99,2.99,2.97,2.97,9164992,2.969695354492351,3.0562052789729766,3.1471365667056603,2.9305094982865607,2.929554341919245,0.0009551563673158014,-0.01315047950969896,0.014105635877014761,2.906,2.9753974062915756,2.8366025937084247
2017-01-11,2.99,3.0,2.97,3.0,9477215,2.9708837719632393,3.0550923031517296,3.145672521265803,2.941200344704013,2.9347725388141157,0.006427805889897442,-0.00923482242977968,0.015662628319677123,2.909,2.9884732659452093,2.8295267340547903
2017-01-12,2.99,3.0,2.97,2.99,12748000,2.9716334279646808,3.0538033466536754,3.1441235409547006,2.9487079839803187,2.9388634618649223,0.009844522115396437,-0.005418953520744458,0.015263475636140895,2.9125000000000005,2.9994195029898245,2.8255804970101766
2017-01-13,2.99,3.04,2.98,3.04,19237090,2.9743144700052815,3.053530013056573,3.143087485820823,2.962752909521808,2.9463550572823354,0.016397852239472765,-0.001055592368701013,0.017453444608173777,2.9195,3.02235426583277,2.8166457341672304
2017-01-16,3.01,3.08,3.01,3.08,13861688,2.9784590005933094,3.0540541712138687,3.1424597496435016,2.98079092344153,2.956254682668829,0.024536240772701223,0.004062774259579434,0.02047346651312179,2.9285,3.0523184154316234,2.804681584568377
2017-01-17,3.08,3.1,3.06,3.09,16618137,2.9828331574327875,3.054765969803693,3.14193776208486,2.9975923198351406,2.9661617432118783,0.03143057662326232,0.00953633473231601,0.021894241890946308,2.9395,3.078708476753386,2.8002915232466137
2017-01-18,3.09,3.13,3.09,3.13,22424700,2.9886044061609134,3.0562557525798577,3.1418189783825237,3.017962732168196,2.978297910381369,0.039664821786827176,0.015562032143218243,0.024102789643608933,2.952,3.1110723106011795,2.7929276893988204
2017-01-19,3.13,3.14,3.09,3.14,12291000,2.99454148827225,3.0579140545089696,3.1418008790951353,3.036737696450012,2.990275842945712,0.04646185350429999,0.021741996415434593,0.024719857088865396,2.9665,3.1381129365753004,2.7948870634246994
2017-01-20,3.14,3.15,3.11,3.15,10575739,3.000637900496868,3.0597375385780987,3.1418824623877213,3.054162666226933,3.0021072619867706,0.05205540424016242,0.02780467798038016,0.02425072625978226,2.98,3.164282391996626,2.795717608003374
2017-01-23,3.14,3.16,3.13,3.15,8786465,3.006495237732285,3.0615249140518,3.1419632339062513,3.0689068714227896,3.01306227961738,0.05584459180540957,0.03341266074538604,0.02243193106002353,2.9935,3.1858824316303287,2.8011175683696714
2017-01-24,3.15,3.15,3.12,3.15,12125977,3.012122875468274,3.0632768959517644,3.1420432017280797,3.081382737357745,3.023205814460537,0.058176922897207994,0.03836551317575043,0.019811409721457562,3.007,3.2034790065121417,2.8105209934878586
2017-01-25,3.12,3.16,3.12,3.15,10939000,3.017529821528342,3.064994185140838,3.1421223738501887,3.0919392393027074,3.032597976352349,0.05934126295035824,0.04256066313067199,0.01678059981968625,3.021,3.2163356086329324,2.8256643913670674
2017-01-26,3.16,3.17,3.15,3.16,11720000,3.02311688735076,3.066875488405376,3.1423002606775503,3.1024101255638294,3.042035163289212,0.06037496227461725,0.046123522959461045,0.014251439315156204,3.0345,3.2290738934184087,2.8399261065815913
2017-01-27,3.16,3.16,3.15,3.15,4880000,3.0280926956899457,3.068521518337943,3.142376874999167,3.1097316447078556,3.0500325586011225,0.059699086106733024,0.04883863558891544,0.010860450517817581,3.048,3.235147001044629,2.8608529989553713
2017-02-01,3.15,3.19,3.12,3.19,15282657,3.0344420017413203,3.0709270328263005,3.142850736939474,3.1220806224451083,3.0604005172232616,0.06168010522184675,0.05140692951550171,0.01027317570634504,3.0625,3.2464429259308396,2.8785570740691604
2017-02-02,3.19,3.21,3.17,3.2,12992000,3.040934472261269,3.0734829331663738,3.143419386323161,3.134068218992015,3.070741219651168,0.06332699934084696,0.05379094348057076,0.009536055860276199,3.077,3.256231693625872,2.897768306374128
2017-02-03,3.21,3.21,3.17,3.21,15823727,3.0475644929569055,3.076186241420505,3.144081879991588,3.145750031454782,3.0810566848621925,0.0646933465925894,0.055971424102974496,0.008721922489614911,3.091,3.2658027459738506,2.91619725402615
2017-02-06,3.21,3.23,3.18,3.23,12760899,3.0547188265664387,3.079232058422079,3.1449367866583384,3.158711565077123,3.0920895230205483,0.06662204205657485,0.05810154769369457,0.008520494362880278,3.105,3.277220788524494,2.932779211475506
2017-02-07,3.22,3.25,3.21,3.24,18839008,3.061984754936382,3.0824155820176813,3.1458826892786536,3.1712174781421814,3.1030458546486557,0.06817162349352568,0.0601155628536608,0.00805606063986488,3.12,3.284195006014186,2.955804993985814
2017-02-08,3.22,3.25,3.21,3.24,22418719,3.0689657449388767,3.0855360655420836,3.1468191799325975,3.181799404581846,3.113190606156163,0.06860879842568313,0.06181420996806527,0.0067945884576178575,3.133,3.291883605195749,2.974116394804251
2017-02-09,3.24,3.26,3.23,3.26,19028407,3.0764572843530384,3.088990796917488,3.147945357246701,3.193830265415408,3.1240653760705213,0.06976488934488678,0.06340434584342958,0.006360543501457205,3.1475,3.296882060502587,2.998117939497413
2017-02-10,3.26,3.26,3.24,3.25,15819200,3.0832628810450764,3.0921790979686268,3.148960826328824,3.202471763043807,3.1333938667319643,0.06907789631184258,0.06453905593711218,0.004538840374730402,3.1599999999999997,3.299427400463462,3.0205725995365373
2017-02-13,3.26,3.31,3.21,3.21,43473000,3.088232964141348,3.0945121851375648,3.1495681812907264,3.20362995334476,3.139068395122189,0.0645615582225707,0.0645435563942039,1.8001828366809303e-05,3.171,3.287944431248344,3.0540555687516555
2017-02-14,3.22,3.28,3.22,3.28,18893000,3.0957532400573737,3.0981852111744446,3.15086601033261,3.21537919129172,3.1495077732612864,0.06587141803043339,0.0648091287214498,0.0010622893089835966,3.183,3.2927451593465458,3.073254840653454
2017-02-15,3.28,3.33,3.28,3.32,40604000,3.1045472306433592,3.102577583230396,3.1525489356029324,3.231474700323763,3.1621368270937835,0.06933787322997942,0.06571487762315573,0.0036229956068236924,3.195,3.3094552314225902,3.0805447685774094
2017-02-16,3.33,3.33,3.28,3.29,18531918,3.111819888265188,3.106288918215933,3.1539166078854906,3.2404785925816455,3.171608173234985,0.0688704193466605,0.06634598596785668,0.0025244333788038142,3.2050000000000005,3.315905365064089,3.094094634935912
2017-02-17,3.29,3.31,3.28,3.29,22417098,3.1188073436273376,3.109926761419578,3.15527067148862,3.2480972706460074,3.1803779381805417,0.06771933246546569,0.06662065526737848,0.0010986771980872057,3.213,3.3241935249913355,3.1018064750086647
2017-02-20,3.3,3.32,3.29,3.32,19049168,3.1266972517203833,3.114086627530081,3.1569097692847534,3.25915922900816,3.1907203131301314,0.06843891587802853,0.0669843073895085,0.0014546084885200261,3.222,3.337169440391098,3.106830559608902
2017-02-21,3.32,3.33,3.3,3.31,13512000,3.1338855947901725,3.1179661002522576,3.1584330551625173,3.266980886083828,3.1995558454908624,0.0674250405929655,0.0670724540301999,0.00035258656276559996,3.2299999999999995,3.3462755348299833,3.1137244651700158
2017-02-22,3.31,3.32,3.29,3.32,20931520,3.1411841989160485,3.121966771534391,3.160040686454433,3.2751376728401618,3.2084776347137614,0.06666003812640042,0.06698997084944,-0.00032993272303957766,3.2384999999999997,3.3549946350695974,3.122005364930402
2017-02-23,3.31,3.32,3.29,3.32,16960008,3.148196583272282,3.125888221603017,3.161632321415085,3.2820395693262907,3.21673855066089,0.06530101866540061,0.06665218041263213,-0.0013511617472315163,3.247,3.361210332282148,3.132789667717852
2017-02-24,3.31,3.33,3.29,3.33,15490047,3.15532612902631,3.1299300389970166,3.1633076216995124,3.289418097122246,3.2251282876489724,0.06428980947327378,0.06617970622476047,-0.0018898967514866805,3.2560000000000002,3.366526015037179,3.1454739849628215
2017-02-27,3.33,3.33,3.3,3.32,15038000,3.1617839278880235,3.133693800601036,3.164866749841806,3.294123005257285,3.2321558218971966,0.06196718336008855,0.06533720165182609,-0.0033700182917375393,3.2640000000000002,3.3685753316992044,3.159424668300796
2017-02-28,3.32,3.33,3.29,3.29,22190000,3.166812009147317,3.1367889728663623,3.1661118568085542,3.2934886967561647,3.2364405758307377,0.05704812092542699,0.06367938550654628,-0.006631264581119289,3.271,3.3619725233243454,3.1800274766756544
2017-03-01,3.29,3.32,3.29,3.3,10888618,3.172035067612128,3.140020874393761,3.1674440771388173,3.294490435716755,3.2411486813247574,0.0533417543919974,0.06161185928363651,-0.00827010489163911,3.2765,3.360231714421708,3.1927682855782917
2017-03-02,3.32,3.34,3.3,3.32,47871000,3.17783761398028,3.1435848174750727,3.168962046520521,3.2984149840680232,3.2469895197451457,0.051425464322877534,0.05957458029148471,-0.008149115968607179,3.2825,3.36044228634059,3.2045577136594106
2017-03-03,3.31,3.34,3.3,3.33,253886000,3.18380476637321,3.1472762072280416,3.1705644142168343,3.3032742172883274,3.253138444208468,0.05013577307985928,0.05768681884915963,-0.007551045769300352,3.2885,3.3615136973450763,3.2154863026549236
2017-03-06,3.33,3.36,3.31,3.36,78664000,3.1907143833781824,3.1514885595601596,3.172449345418657,3.3120012607824307,3.2610541150078407,0.05094714577459003,0.05633888423424572,-0.005391738459655689,3.2949999999999995,3.3691619848709453,3.2208380151290537
2017-03-07,3.35,3.41,3.35,3.4,50231598,3.198921662461391,3.1564095781827306,3.174713531036382,3.3255395283543643,3.2713464027850376,0.05419312556932665,0.05590973250126191,-0.0017166069319352606,3.303,3.3857284715197755,3.2202715284802244
2017-03-08,3.37,3.39,3.36,3.38,21127567,3.206022773737415,3.160837111288023,3.176756182468856,3.333918062453693,3.2793948173935537,0.05452324506013939,0.05563243501303741,-0.001109189952898021,3.31,3.393904707853602,3.226095292146398
2017-03-09,3.35,3.35,3.29,3.31,19786067,3.2101003120222225,3.163790831856577,3.1780819915985195,3.3302383605377406,3.281661867956994,0.04857649258074659,0.05422124652657925,-0.0056447539458326645,3.3125,3.3932155499268775,3.2317844500731225
2017-03-10,3.28,3.33,3.28,3.32,12723000,3.2144101037076256,3.166884082710902,3.1794941110851016,3.328663228147319,3.284501729589809,0.04416149855750984,0.052209296932765374,-0.008047798375255537,3.3160000000000003,3.3914718490564413,3.2405281509435593
2017-03-13,3.37,3.37,3.3,3.33,25264000,3.2189430408171305,3.170114100875043,3.180991682119081,3.3288688853554236,3.287871971842416,0.040996913513007716,0.04996682024881385,-0.008969906735806131,3.322,3.3798273291791885,3.2641726708208116
2017-03-14,3.32,3.35,3.31,3.34,16303000,3.223690372549792,3.173478178085438,3.1825738544363045,3.330581364531512,3.291733307261496,0.038848057270016056,0.04774306765305429,-0.008895010383038235,3.325,3.37995452665612,3.27004547334388
2017-03-15,3.33,3.35,3.32,3.33,23118899,3.2278593775478392,3.1765776201035485,3.184040781257834,3.3304919238343564,3.2945678770939777,0.035924046740378746,0.04537926347051918,-0.009455216730140437,3.3255000000000003,3.3804454274712485,3.270554572528752
2017-03-16,3.33,3.35,3.32,3.33,27450817,3.2318648921538062,3.179615687032191,3.185493111792582,3.3304162432444553,3.29719247879072,0.03322376445373543,0.042948163667162434,-0.009724399213427007,3.3274999999999997,3.3799880938880253,3.275011906111974
2017-03-17,3.33,3.38,3.31,3.35,192073380,3.236497641481108,3.1829896338236328,3.187129996252357,3.333429128899154,3.301104147028444,0.03232498187071009,0.04082352730787196,-0.008498545437161872,3.3305,3.380888490749358,3.2801115092506414
2017-03-20,3.35,3.35,3.32,3.33,16545000,3.2401644006387116,3.185900730183561,3.188551588329448,3.3329015706069764,3.3032445805818926,0.029656990025083818,0.038590219851314334,-0.008933229826230515,3.3310000000000004,3.3811597448159203,3.2808402551840805
2017-03-21,3.34,3.39,3.33,3.37,59748750,3.245255992770527,3.1895462602789357,3.190357045161991,3.338609021282826,3.308189426464715,0.030419594818110962,0.03695609484467366,-0.006536500026562697,3.3339999999999996,3.385923019942971,3.2820769800570284
2017-03-22,3.35,3.36,3.31,3.32,24722000,3.248187130308938,3.19212950264965,3.191647024812121,3.335746094931622,3.3090642837636253,0.026681811167996727,0.034901238109338276,-0.008219426941341548,3.3339999999999996,3.385923019942971,3.2820769800570284
2017-03-23,3.32,3.34,3.31,3.33,26025000,3.25139547813996,3.1948596115080727,3.1930236713314035,3.334862080326757,3.310615077558912,0.024247002767844972,0.03277039104103962,-0.008523388273194647,3.3345,3.386065492337397,3.2829345076626026
2017-03-24,3.34,3.35,3.32,3.33,10749219,3.2544780084089813,3.1975356588049424,3.19438661987537,3.3341140679687946,3.312050997739733,0.0220630702290614,0.030628926878643978,-0.008565856649582579,3.3345,3.386065492337397,3.2829345076626026
2017-03-27,3.31,3.33,3.28,3.29,19901000,3.2558710276870606,3.19936663585831,3.1953379967920332,3.327327288281288,3.3104175904997533,0.016909697781534838,0.027885081059222154,-0.010975383277687316,3.3329999999999997,3.387808758424162,3.2781912415758376
2017-03-28,3.3,3.32,3.28,3.3,22492000,3.2576015756209014,3.201359375742304,3.1963794097592766,3.3231230900841666,3.309645917129401,0.013477172954765582,0.025003499438330842,-0.01152632648356526,3.3335,3.386894756296833,3.280105243703167
2017-03-29,3.32,3.35,3.31,3.33,40638930,3.260440729518121,3.2039067148365157,3.197708967871125,3.324181076225064,3.3111536269716675,0.013027449253396384,0.02260828940134395,-0.009580840147947568,3.335,3.386185935568261,3.283814064431739
2017-03-30,3.33,3.34,3.31,3.32,12762250,3.2627763871840774,3.206205591770446,3.1989257940614624,3.3235378337289,3.311808913862655,0.011728919866245135,0.020432415494324188,-0.008703495628079053,3.335,3.386185935568261,3.283814064431739
2017-03-31,3.31,3.33,3.28,3.33,15593000,3.2654126072945058,3.2086569661908335,3.200230015016075,3.324532013155223,3.3131564017246804,0.011375611430542776,0.018621054681567904,-0.0072454432510251285,3.335,3.386185935568261,3.283814064431739
2017-04-03,3.34,3.34,3.3,3.32,8142609,3.267553289361388,3.21086177874151,3.201421756160194,3.3238347803621116,3.3136633349302596,0.010171445431852,0.016931132831624722,-0.006759687399772722,3.3329999999999997,3.3832394267483035,3.282760573251696
2017-04-05,3.33,3.36,3.33,3.35,52678567,3.2707864937001574,3.2136169910436583,3.202900146646162,3.3278601987679406,3.3163549397502403,0.011505259017700276,0.015845958068839833,-0.004340699051139558,3.3305,3.37123082370881,3.2897691762911894
2017-04-06,3.33,3.35,3.31,3.35,21855000,3.273892905711916,3.216317644686358,3.204363826779036,3.331266322034411,3.3188471664354076,0.012419155599003417,0.015160597574872552,-0.0027414419758691345,3.3289999999999997,3.3641567916624684,3.293843208337531
2017-04-07,3.35,3.39,3.33,3.39,50116110,3.2784461250957624,3.2197568992470242,3.2062109528807374,3.3403022724906557,3.324117746699452,0.016184525791203885,0.01536538321813882,0.000819142573065066,3.3329999999999997,3.3759418211071464,3.290058178892853
2017-04-10,3.39,3.39,3.37,3.38,9602438,3.2824286299939676,3.222930029955004,3.207940197130681,3.346409615184401,3.328257172869863,0.018152442314538053,0.01592279503741867,0.0022296472771193843,3.336,3.38307440918374,3.28892559081626
2017-04-11,3.37,3.38,3.33,3.37,13262848,3.2858628013667532,3.2258423065895583,3.2095527324826145,3.3500389051560315,3.331349234138762,0.018689671017269482,0.016476170233388834,0.002213500783880648,3.338,3.3872341345003463,3.288765865499654
2017-04-12,3.37,3.38,3.35,3.37,19293958,3.289162299352371,3.228696914379864,3.2111492227066685,3.3531098428243347,3.334212253832187,0.018897588992147885,0.016960453985140643,0.0019371350070072416,3.3395,3.3906761663276783,3.288323833672322
2017-04-13,3.37,3.38,3.37,3.38,15461000,3.2927245621228662,3.2316930150852134,3.2128293299434185,3.3572467900821295,3.3376039387335066,0.01964285134862287,0.01749693345783709,0.002145917890785779,3.342,3.395888774341213,3.288111225658787
2017-04-18,3.38,3.38,3.34,3.35,13037000,3.2949706577258913,3.2340357276577834,3.2141942122325386,3.356131899300263,3.3385221654939876,0.017609733806275507,0.017519493527524774,9.024027875073268e-05,3.343,3.3967028863283732,3.2892971136716267
2017-04-19,3.36,3.37,3.33,3.35,23112430,3.2971286711484056,3.2363320498823818,3.215545513603359,3.355188530177146,3.339372375457396,0.015816154719749953,0.01717882576596981,-0.0013626710462198571,3.343,3.3967028863283732,3.2892971136716267
2017-04-20,3.36,3.39,3.35,3.39,26635520,3.3007706840445463,3.239374979587681,3.217281379139644,3.3605441409191235,3.343122569867959,0.017421571051164264,0.017227374823008703,0.00019419622815556106,3.346,3.4030613704707324,3.2889386295292677
2017-04-21,3.39,3.44,3.37,3.43,41505950,3.3058385003565247,3.243149732467133,3.2193979823322842,3.3712296577007965,3.349557935062925,0.021671722637871316,0.018116244385981226,0.0035554782518900895,3.349,3.416201190465632,3.281798809534368
2017-04-24,3.43,3.48,3.41,3.48,47819950,3.3126683630876412,3.2478398367747143,3.2219910372344507,3.3879635565160586,3.3592203102434492,0.02874324627260938,0.02024164476330686,0.008501601509302521,3.357,3.4437409937687953,3.270259006231205
2017-04-25,3.48,3.58,3.46,3.54,93641938,3.321583329241067,3.2536251865415515,3.2251553055206754,3.4113537785905113,3.3726113983735644,0.03874238021694687,0.02394179185403486,0.01480058836291201,3.3674999999999997,3.484269002736163,3.2507309972638363
2017-04-26,3.54,3.57,3.54,3.54,45427000,3.3301486888786718,3.2592959749268675,3.228288088550321,3.431145504961202,3.3850105540495967,0.046134950911605355,0.028380423665548958,0.017754527246056397,3.378,3.5153462777071085,3.2406537222928917
2017-04-27,3.54,3.54,3.49,3.5,14625000,3.33680952460892,3.2640623912649493,3.230991689659273,3.4417385041979403,3.3935282907866635,0.04821021341127674,0.03234638161469452,0.01586383179658222,3.3884999999999996,3.5293935768585567,3.2476064231414425
2017-04-28,3.5,3.5,3.48,3.5,17487938,3.343209151094845,3.268734423121089,3.233668389264654,3.4507018112444108,3.401415084061725,0.049286727182685564,0.03573445072829273,0.013552276454392831,3.3985,3.54122701215957,3.25577298784043
2017-05-02,3.5,3.5,3.44,3.44,20988547,3.347004870659753,3.2721258206830477,3.235721440117742,3.4490553787452707,3.404273225983079,0.044782152762191885,0.03754399113507256,0.007238161627119322,3.404,3.5441998573465683,3.2638001426534315
2017-05-04,3.44,3.44,3.38,3.42,30597778,3.3498674247515274,3.2750540222536806,3.2375550576290086,3.444585320476768,3.4054381722065545,0.03914714827021326,0.0378646225621007,0.0012825257081125613,3.409,3.5438925498313307,3.274107450168669
2017-05-05,3.4,3.4,3.34,3.37,25350000,3.3506569375063697,3.2769341406248946,3.2388729177521034,3.4331106557880346,3.4028131224134763,0.030297533374558316,0.036351204724592225,-0.006053671350033908,3.411,3.542285947458203,3.279714052541797
2017-05-08,3.37,3.4,3.37,3.39,9441000,3.352199802702198,3.2791730685333125,3.2403766698142715,3.42647824720526,3.4018640022347006,0.02461424497055953,0.03400381277378569,-0.00938956780322616,3.4145000000000003,3.53947599769555,3.2895240023044505
2017-05-09,3.4,3.44,3.39,3.44,33942700,3.355642947694269,3.282357760245524,3.2423629716071645,3.4285585168659893,3.4046888909580564,0.023869625907932956,0.03197697540061514,-0.008107349492682187,3.4189999999999996,3.5408031198286722,3.297196880171327
2017-05-10,3.44,3.46,3.44,3.44,20775000,3.3589510673925327,3.2854793887555136,3.244329509203113,3.4303187450404526,3.407304528664867,0.02301421637558576,0.03018442359560927,-0.007170207220023508,3.4234999999999998,3.541360086543316,3.3056399134566834
2017-05-11,3.45,3.46,3.44,3.44,17100829,3.362129456906551,3.288539202839563,3.2462764792607937,3.431808168880383,3.4097264154304323,0.02208175344995089,0.028563889566477596,-0.006482136116526704,3.4259999999999997,3.5430299107066134,3.308970089293386
2017-05-12,3.44,3.45,3.42,3.43,16914700,3.364791046831785,3.29134040674373,3.248104573994517,3.431529989052632,3.4112281624355854,0.020301826617046714,0.026911476976591422,-0.006609650359544708,3.4285000000000005,3.5436129879726788,3.3133870120273223
2017-05-15,3.44,3.44,3.39,3.44,30551000,3.367740417544264,3.2942841610656366,3.2500139812184523,3.4328330676599195,3.4133594096625792,0.019473657997340243,0.02542391318074119,-0.005950255183400945,3.432,3.5439999999999907,3.320000000000009
2017-05-16,3.34,3.34,3.21,3.24,105846880,3.3627309894052733,3.293209227183149,3.2499143396142887,3.4031664418660856,3.400517971909796,0.002648469956289645,0.02086882453585088,-0.018220354579561233,3.4254999999999995,3.5632642914546357,3.2877357085453633
2017-05-17,3.21,3.26,3.2,3.21,35631118,3.3567415388403608,3.2915615197141754,3.2495171820061866,3.3734485277328417,3.3864055295461073,-0.012957001813265645,0.014103659266027574,-0.027060661079293218,3.4170000000000003,3.583024094636887,3.2509759053631133
2017-05-18,3.18,3.21,3.11,3.11,43813000,3.3470654000623075,3.287966242096073,3.2481289513394582,3.3329179850047126,3.3659310458760254,-0.03301306087131284,0.004680315238559492,-0.03769337610987233,3.4050000000000002,3.6169905658278174,3.193009434172183
2017-05-19,3.12,3.15,3.11,3.14,16812118,3.338945188295158,3.285036217500111,3.2470530413758816,3.3032382950039874,3.349195412848172,-0.04595711784418466,-0.005447171377989338,-0.04050994646619532,3.3945,3.635205213902811,3.1537947860971887
2017-05-22,3.16,3.16,3.1,3.1,15804000,3.3295747887541713,3.2813721339852573,3.245589827033833,3.271970865003374,3.3307364933779366,-0.058765628374562784,-0.01611086277730403,-0.042654765597258754,3.38,3.652836947644556,3.107163052355444
2017-05-23,3.1,3.1,3.05,3.1,20083040,3.320571855861851,3.2777806065796087,3.2441411720384714,3.2455138088490085,3.3136449012758673,-0.06813109242685877,-0.02651490870721498,-0.04161618371964379,3.3635000000000006,3.6610415937310252,3.065958406268976
2017-05-24,3.08,3.09,3.05,3.06,23236168,3.310353351710406,3.2734681193206066,3.242308921570427,3.2169732228722383,3.2948563900702474,-0.07788316719800914,-0.036788560405373816,-0.041094606792635324,3.3425,3.6626171660501794,3.02238283394982
2017-05-25,3.08,3.19,3.07,3.17,27818290,3.304849298702155,3.2714192456706934,3.2415894298135077,3.209746573199586,3.2856077685835623,-0.07586119538397629,-0.04460308740109431,-0.03125810798288198,3.3240000000000003,3.6390492025065266,3.008950797493474
2017-05-26,3.18,3.26,3.17,3.26,40063000,3.30309050267462,3.271193121994046,3.241772619566607,3.217477869630419,3.2837108968366318,-0.06623302720621282,-0.04892907536211801,-0.017303951844094813,3.31,3.6099333259242767,3.0100666740757234
2017-05-29,3.26,3.28,3.24,3.25,11226000,3.301008522177576,3.2707734562119857,3.2418544840485315,3.222481274302662,3.2812137933672516,-0.05873251906458954,-0.050889764102612325,-0.007842754961977214,3.2975000000000003,3.585310701677333,3.0096892983226677
2017-05-31,3.25,3.27,3.24,3.25,20125000,3.299008187974534,3.2703621006434314,3.2419355339584968,3.226714924409945,3.278901660525233,-0.052186736115288124,-0.05114915850514749,-0.0010375776101406303,3.285,3.5578735971104543,3.012126402889546
2017-06-01,3.26,3.3,3.2,3.21,19253000,3.2955176707990623,3.2691668115217793,3.2416177674514475,3.2241433975776457,3.27379783381966,-0.04965443624201438,-0.050850214052520874,0.0011957778105064973,3.2735,3.53854905206395,3.0084509479360495
2017-06-02,3.22,3.24,3.19,3.19,12307922,3.291379722924589,3.267599151887685,3.241104157825065,3.218890567181085,3.2675905868700554,-0.04870001968897064,-0.05042017517981083,0.001720155490840189,3.2619999999999996,3.5205033848907945,3.0034966151092046
2017-06-05,3.19,3.21,3.15,3.16,12978000,3.2862275769275464,3.265468475612681,3.240297151279542,3.2098304799224566,3.25962091376857,-0.04979043384611348,-0.050294226913071366,0.0005037930669578861,3.2515,3.5086594835894616,2.9943405164105386
2017-06-06,3.15,3.2,3.15,3.17,13750989,3.28166963273431,3.2635780107490637,3.2395976771374575,3.2037027137805403,3.252982327563491,-0.04927961378295054,-0.0500913042870472,0.000811690504096664,3.2405,3.491774750024746,2.989225249975254
2017-06-07,3.18,3.19,3.15,3.18,18226254,3.2776825883133562,3.2619230006352207,3.239004665424647,3.200056142429688,3.2475762292254546,-0.04752008679576658,-0.04957706078879108,0.0020569739930244996,3.2275,3.462521275632651,2.992478724367349
2017-06-08,3.19,3.19,3.15,3.16,11868208,3.2730675848500876,3.259904723394919,3.23821854935077,3.193893658978967,3.2410891011346803,-0.04719544215571325,-0.04910073706217552,0.0019052949064622682,3.2135,3.4287463704688155,2.998253629531184
2017-06-09,3.18,3.18,3.15,3.15,9775000,3.268241405052045,3.257728392238584,3.2373407528398173,3.1871407883668184,3.2343417603098894,-0.047200971943071046,-0.04872078403835463,0.001519812095283582,3.1990000000000003,3.3888315042346733,3.0091684957653273
2017-06-12,3.18,3.18,3.12,3.13,10382000,3.2628201734813764,3.2551991171447505,3.2362726856473816,3.1783498978488463,3.2266127410276755,-0.04826284317882923,-0.04862919586644955,0.00036635268762032214,3.184,3.343423963067033,3.0245760369329675
2017-06-13,3.17,3.22,3.17,3.19,10041395,3.2599644804036756,3.2539080455181217,3.235812260914572,3.180142221256716,3.2239006861367363,-0.04375846488002022,-0.04765504966916369,0.0038965847891434674,3.1715,3.2796249277456346,3.0633750722543653
2017-06-14,3.19,3.19,3.14,3.15,9651981,3.2556521478388256,3.251850460458357,3.2349584075721385,3.1755049564479907,3.218426561237719,-0.042921604789728285,-0.046708360693276614,0.003786755903548329,3.167,3.270749698794737,3.0632503012052625
2017-06-15,3.14,3.14,3.11,3.13,10034000,3.25072461262946,3.249437580053241,3.2339140453077393,3.168504193917531,3.2118764455904807,-0.04337225167294978,-0.046041138889211256,0.0026688872162614757,3.1630000000000003,3.2659757252948416,3.060024274705159
2017-06-16,3.17,3.17,3.13,3.17,54046965,3.247558941545952,3.247864558666048,3.2332780846579112,3.1687343179302183,3.2087744866578527,-0.040040168727634384,-0.04484094485689588,0.004800776129261497,3.166,3.2660799680255677,3.065920031974432
2017-06-19,3.16,3.18,3.13,3.17,11754000,3.2445174144265034,3.246322686217215,3.232648451974748,3.1689290382486464,3.2059023024609745,-0.03697326421232816,-0.04326740872798234,0.006294144515654181,3.1675,3.266873034571752,3.068126965428248
2017-06-20,3.16,3.19,3.14,3.14,7599981,3.2404186922921308,3.2442172864901417,3.2317265768307206,3.1644784169796236,3.201020650426828,-0.03654223344720453,-0.04192237367182679,0.005380140224622257,3.1695,3.264888678573501,3.0741113214264995
2017-06-21,3.16,3.22,3.13,3.16,17495000,3.2372650180845963,3.242549617450733,3.231012879548823,3.1637894297519895,3.1979820837285446,-0.03419265397655513,-0.04037642973277246,0.006183775756217327,3.1725000000000003,3.2625832947887603,3.0824167052112403
2017-06-22,3.16,3.21,3.15,3.19,14214262,3.2354114879636318,3.24150903096656,3.2306047911951032,3.16782182517476,3.197390818267171,-0.02956899309241079,-0.03821494240470013,0.00864594931228934,3.179,3.252999999999991,3.105000000000009
2017-06-23,3.21,3.22,3.16,3.17,8925000,3.2328463315729015,3.2400930105513805,3.2300017584468934,3.1681569289940277,3.195361868765899,-0.027204939771871217,-0.03601294187813435,0.008808002106263133,3.1790000000000003,3.2529999999999912,3.1050000000000093
2017-06-26,3.2,3.21,3.17,3.19,12001801,3.231166083275925,3.239101069748383,3.229603730999661,3.1715174014564846,3.1949646933017584,-0.02344729184527372,-0.03349981187156222,0.010052520026288501,3.1755,3.239835060425857,3.111164939574143
2017-06-27,3.19,3.21,3.17,3.18,4308000,3.2291595702062805,3.2379307515355435,3.2291101615369775,3.1728224166170254,3.193856197501628,-0.021033780884602837,-0.031006605674170348,0.00997282478956751,3.1719999999999997,3.2266260011349783,3.117373998865021
2017-06-28,3.18,3.18,3.13,3.16,10233000,3.226447430198191,3.23638756833682,3.2284224982381025,3.170849737137483,3.191348331020026,-0.020498593882543048,-0.02890500331584489,0.008406409433301842,3.1674999999999995,3.2089125584816807,3.1260874415183184
2017-06-29,3.17,3.18,3.15,3.18,3536332,3.2246259623472815,3.2352709828251998,3.2279406823352357,3.1722574698855626,3.1905077139074316,-0.018250244021869033,-0.02677405145704972,0.008523807435180688,3.166,3.203094473981965,3.128905526018035
2017-06-30,3.18,3.18,3.13,3.17,6929000,3.2224837677454277,3.23397848811579,3.2273641581328953,3.1719101668262453,3.1889886239883625,-0.0170784571621172,-0.024834932598063218,0.007756475435946018,3.165,3.200496478698579,3.1295035213014213
2017-07-03,3.18,3.21,3.16,3.19,5419145,3.2212098945005088,3.233107626964982,3.2269923754649064,3.1746932180837457,3.1890635407299652,-0.014370322646219513,-0.022742010607694478,0.008371687961474965,3.1665,3.2035270171631294,3.129472982836871
2017-07-04,3.22,3.25,3.19,3.24,16444000,3.2219467613828416,3.233244109599339,3.2271218045647583,3.184740415301631,3.192836611787005,-0.008096196485373852,-0.019812847783230354,0.011716651297856501,3.17,3.21898979485565,3.12101020514435
2017-07-05,3.24,3.27,3.22,3.25,9936746,3.223046888387436,3.233575909409253,3.2273494483004326,3.1947803514090722,3.1970709368398196,-0.0022905854307473383,-0.016308395312733752,0.014017809881986414,3.1734999999999998,3.233591596750283,3.1134084032497165
2017-07-06,3.26,3.26,3.22,3.23,6808895,3.223319559431066,3.233505099321941,3.2273758219491846,3.2001987588845995,3.1995101267035366,0.0006886321810628537,-0.012908989813974432,0.013597621995037286,3.177,3.2415290632195966,3.1124709367804035
2017-07-07,3.24,3.25,3.21,3.22,4823082,3.223189380629848,3.2332376716125957,3.2273024306860085,3.203245103671584,3.201027895095867,0.0022172085757170557,-0.009883750136036136,0.012100958711753191,3.1805,3.2463710862214876,3.114628913778512
2017-07-10,3.22,3.22,3.17,3.17,11911000,3.221103522565933,3.2319854404915542,3.226732257246347,3.1981304723374944,3.198729532496173,-0.0005990601586787214,-0.008026812140564653,0.007427751981885932,3.1825,3.2444273768215535,3.1205726231784467
2017-07-11,3.2,3.3,3.18,3.28,22339000,3.223413188347661,3.232936223848157,3.2272622845374284,3.210725784285572,3.204749567126086,0.00597621715948593,-0.005226206280554537,0.011202423440040467,3.1870000000000003,3.262126559883963,3.1118734401160375
2017-07-12,3.28,3.36,3.28,3.35,35161200,3.2283773770399096,3.235254318425421,3.228483555338051,3.2321525867031764,3.2155088584500797,0.01664372825309668,-0.0008522193738242935,0.01749594762692097,3.197,3.298410058672691,3.095589941327309
2017-07-13,3.4,3.4,3.35,3.38,25545000,3.2343233622540306,3.2381205695457096,3.2299911816530953,3.2548983425949953,3.227693387453778,0.027204955141217457,0.004759215529184057,0.022445739612033402,3.2095,3.3338342269851653,3.0851657730148343
2017-07-14,3.4,3.4,3.35,3.37,7258000,3.2396440147146572,3.2407320434160916,3.2313843042237114,3.2726062898880732,3.2382346180127572,0.03437167187531598,0.010681706798410441,0.023689965076905538,3.2195,3.3605638153461004,3.0784361846538997
2017-07-17,3.37,3.42,3.35,3.39,10477290,3.245540327863102,3.243687844536565,3.2329625698533264,3.2906668606745235,3.2494764981599604,0.041190362514563095,0.016783437941640972,0.024406924572922123,3.2305,3.387786363045239,3.0732136369547614
2017-07-18,3.39,3.39,3.34,3.36,7274371,3.250028942456706,3.245991055535841,3.234226623884637,3.3013334974938275,3.2576634242221854,0.043670073271642185,0.022160765007641213,0.02150930826400097,3.2415,3.4026552046941045,3.080344795305895
2017-07-19,3.35,3.38,3.34,3.37,4787996,3.2547336898113453,3.2484466781984973,3.2355776027514564,3.3118975748024697,3.265984652057579,0.04591292274489067,0.026911196555091107,0.019001726189799565,3.252,3.4178432995330192,3.0861567004669803
2017-07-20,3.36,3.39,3.32,3.33,9951652,3.2576853098187435,3.250061595461893,3.2365171290922383,3.3146825632943973,3.2707265296829435,0.043956033611453726,0.030320163966363632,0.013635869645090094,3.2590000000000003,3.4256013205229743,3.0923986794770264
2017-07-21,3.36,3.36,3.3,3.32,4500481,3.2601290231591853,3.251446514363638,3.237347804424654,3.3155006304798746,3.2743764163730957,0.04112421410677891,0.03248097399444669,0.008643240112332223,3.2664999999999997,3.4298738045097767,3.1031261954902227
2017-07-24,3.33,3.33,3.3,3.31,4106801,3.262084747741178,3.2526059893267343,3.2380707118433145,3.314654379636817,3.277015200345459,0.03763917929135818,0.033512615053828985,0.004126564237529197,3.2725,3.4329836440264203,3.1120163559735796
2017-07-25,3.3,3.33,3.3,3.31,3781695,3.263963777241524,3.2537425043895714,3.2387864261533315,3.313938321231153,3.279458518838388,0.03447980239276527,0.033706052521616243,0.0007737498711490251,3.279,3.4344220061638593,3.1235779938361405
2017-07-26,3.3,3.33,3.28,3.28,8860957,3.2645926487222483,3.254262454797699,3.239196511465239,3.308717041041745,3.279498628554063,0.029218412487681977,0.03280852451482939,-0.0035901120271474157,3.285,3.4305335012978073,3.139466498702193
2017-07-27,3.27,3.27,3.19,3.23,22269860,3.263236074262552,3.2537820101482393,3.2391050038884703,3.2966067270353228,3.275832063475984,0.02077466355933888,0.030401752323731292,-0.009627088764392413,3.2875,3.427339193361514,3.1476608066384864
2017-07-28,3.2,3.21,3.2,3.21,8593594,3.2611483850757854,3.2529150396502544,3.2388154018597297,3.283282615183735,3.2709556143296146,0.012327000854120307,0.026786802029809098,-0.014459801175688791,3.2895000000000003,3.4235857934309184,3.1554142065690822
2017-07-31,3.23,3.23,3.21,3.21,9174297,3.259142566053206,3.252065236884903,3.2385286814432153,3.2720083666939295,3.266440383638532,0.0055679830553976295,0.022543038234926805,-0.016975055179529176,3.2905,3.4218735133122307,3.1591264866877697
2017-08-01,3.21,3.25,3.21,3.24,9901129,3.2583918771883744,3.2518263213030236,3.238543321428855,3.267084002587171,3.2644818367023447,0.002602165884826313,0.01855486376490671,-0.015952697880080396,3.2905,3.4218735133122307,3.1591264866877697
2017-08-02,3.25,3.3,3.23,3.27,15901000,3.2588470976907913,3.252186196128706,3.2388563232056824,3.26753261757376,3.2648905895392084,0.0026420280345513802,0.015372296618835645,-0.012730268584284265,3.2915,3.421926224356909,3.161073775643091
2017-08-03,3.26,3.28,3.24,3.27,8541844,3.2592844664087997,3.252538944720217,3.239166210536969,3.2679122148701043,3.265269064388156,0.0026431504819481866,0.012826467391458155,-0.010183316909509969,3.2935000000000003,3.421292801049194,3.1657071989508068
2017-08-04,3.26,3.27,3.24,3.25,7269000,3.258920369686886,3.2524886685871435,3.239274009437099,3.2651564895054728,3.2641380225816263,0.0010184669238464394,0.010464867297935812,-0.009446400374089373,3.2950000000000004,3.4199799983997394,3.1700200016002613
2017-08-07,3.25,3.25,3.23,3.23,8016371,3.257786237542302,3.252043348417101,3.2391817307362323,3.2597477988123233,3.261609280168172,-0.0018614813558488486,0.007999597567178881,-0.00986107892302773,3.2979999999999996,3.413342966842364,3.182657033157635
2017-08-08,3.21,3.23,3.21,3.23,6780231,3.256696581168094,3.2516068464682473,3.239090370231394,3.2551712143796583,3.2592678520075666,-0.0040966376279083505,0.005580350528161435,-0.009676988156069787,3.2954999999999997,3.414407527095633,3.176592472904366
2017-08-09,3.21,3.23,3.18,3.21,8213434,3.254865342690914,3.250782948518381,3.2388009138111813,3.2482217967827878,3.2556183814884876,-0.007396584705699816,0.002984963481389185,-0.010381548187089001,3.2885,3.410200451930134,3.166799548069866
2017-08-10,3.19,3.21,3.17,3.19,12085223,3.2523216037618585,3.2495793257754424,3.238315332579229,3.239264597277743,3.2507577606374887,-0.011493163359745484,8.933811316225128e-05,-0.011582501472907736,3.279,3.4003095214729613,3.1576904785270385
2017-08-11,3.17,3.18,3.16,3.18,17795075,3.249485462437864,3.2482015173442456,3.237735080513764,3.2301469669273213,3.2455164450347116,-0.01536947810739031,-0.0030024251309482613,-0.012367052976442049,3.2695,3.390574357318133,3.148425642681867
2017-08-14,3.21,3.21,3.17,3.21,5912883,3.247937012930497,3.2474450516542603,3.2374591095633787,3.2270474335538872,3.2428855972543627,-0.015838163700475416,-0.005569572844853692,-0.010268590855621724,3.2605000000000004,3.370677130113282,3.1503228698867187
2017-08-15,3.23,3.24,3.18,3.23,17787000,3.2472336006587126,3.247099605086849,3.237384889567723,3.227501674545597,3.241931108568854,-0.014429434023257137,-0.007341545080534382,-0.007087888942722755,3.254,3.354876161703343,3.153123838296657
2017-08-16,3.21,3.25,3.21,3.25,9386637,3.247342086907391,3.2471570386494855,3.2375104130546117,3.2309629553847357,3.2425288042304206,-0.0115658488456849,-0.008186405833564486,-0.003379443012120415,3.2479999999999998,3.3336971411425083,3.1623028588574913
2017-08-17,3.26,3.26,3.21,3.23,6285000,3.2466620050678854,3.2468172953098917,3.2374356825764563,3.2308148084024686,3.241600744657797,-0.010785936255328199,-0.008706311917917228,-0.002079624337410971,3.243,3.320226938305225,3.165773061694775
2017-08-18,3.19,3.22,3.19,3.21,8445785,3.2452242793789488,3.2460882399572206,3.2371626907100244,3.2276125301867045,3.239259948757219,-0.011647418570514656,-0.009294533248436715,-0.0023528853220779414,3.2375,3.3073212002188375,3.167678799781162
2017-08-21,3.22,3.22,3.19,3.21,3312830,3.2438429350895785,3.245373621344206,3.236892415180572,3.2249029101579807,3.237092545145573,-0.012189634987592513,-0.009873553596267876,-0.002316081391324637,3.2324999999999995,3.2947494979899354,3.1702505020100635
2017-08-22,3.23,3.23,3.2,3.22,9236000,3.2429079180272424,3.2448711733967963,3.236724331447432,3.224148616287522,3.2358264306903455,-0.011677814402823561,-0.010234405757579014,-0.0014434086452445472,3.228,3.279224993899454,3.1767750061005464
2017-08-24,3.2,3.24,3.2,3.24,7779422,3.242793882026174,3.2447747145176518,3.236756925164373,3.226587290704826,3.2361355839725423,-0.009548293267716446,-0.0100971832596065,0.0005488899918900548,3.226,3.2717820925690284,3.1802179074309715
2017-08-25,3.22,3.29,3.22,3.26,12838860,3.243468631750638,3.2450762053192825,3.2369881995408467,3.231727707519468,3.2379033184930948,-0.006175610973626622,-0.009312868802410525,0.0031372578287839036,3.2275,3.275614446894868,3.1793855531051323
2017-08-28,3.28,3.31,3.25,3.28,15292153,3.2449012344270836,3.24576776560999,3.237416177654868,3.2391542140549348,3.24102159119731,-0.0018673771423753927,-0.0078237704704035,0.005956393328028107,3.2310000000000003,3.283497618993618,3.178502381006383
2017-08-29,3.3,3.3,3.25,3.28,7447141,3.2462776566064133,3.2464456316375148,3.237839897280193,3.2454381811234065,3.24390888073825,0.001529300385156418,-0.005953156299291516,0.007482456684447934,3.2344999999999997,3.290168662638858,3.1788313373611414
2017-08-30,3.4,3.43,3.36,3.38,42869442,3.251521670072828,3.2490902725951876,3.239254425665465,3.2661399994121134,3.2539897043872683,0.012150295024845104,-0.002332466034464193,0.014482761059309297,3.2415,3.3259452485341767,3.157054751465823
2017-08-31,3.39,3.39,3.32,3.33,14717450,3.2545992516385995,3.2506924454150847,3.24015736670362,3.275964614887173,3.259620096654878,0.01634451823229499,0.001402930818887644,0.014941587413407348,3.2445,3.3366900211519606,3.1523099788480393
2017-09-01,3.32,3.33,3.29,3.3,14202340,3.2563796731429684,3.251668832634588,3.240752815791146,3.2796623664429925,3.2626112006063686,0.017051165836623916,0.004532577822434898,0.012518588014189019,3.246,3.34074175425861,3.15125824574139
2017-09-04,3.31,3.31,3.26,3.28,8234727,3.257305960470695,3.2522298458497447,3.2411433350370054,3.2797143100671473,3.263899259820712,0.01581505024643537,0.006789072307234993,0.009025977939200376,3.2475,3.3433905626221834,3.1516094373778167
2017-09-05,3.29,3.29,3.25,3.27,6743797,3.2578037659424326,3.252581730090344,3.241430466031662,3.2782198008260477,3.2643511665006595,0.013868634325388207,0.008204984710865636,0.0056636496145225715,3.2495,3.345515623728635,3.1534843762713645
2017-09-06,3.28,3.29,3.24,3.27,7150231,3.258282049630965,3.252926646326179,3.241714740001496,3.2769552160835786,3.264769598611722,0.012185617471856869,0.009001111263063882,0.0031845062087929865,3.2515,3.347473954800242,3.155526045199758
2017-09-07,3.29,3.3,3.26,3.28,8050961,3.259133733959162,3.2534627523395216,3.242095687862178,3.2774236443784126,3.265897776492335,0.011525867886077457,0.009506062587666599,0.002019805298410858,3.255,3.3497628619238506,3.160237138076149
2017-09-08,3.3,3.33,3.3,3.3,10058438,3.2607363326274306,3.2543842819961646,3.2426718501720067,3.2808969298586566,3.2684238671225327,0.012473062736123808,0.010099462617358041,0.0023736001187657663,3.2605000000000004,3.3522551088495827,3.168744891150418
2017-09-11,3.33,3.34,3.3,3.32,3242000,3.2630603980145905,3.2556836031447554,3.2434412844986533,3.2869127868034784,3.2722443214097523,0.014668465393726127,0.011013263172631658,0.003655202221094469,3.2674999999999996,3.3548784870548727,3.1801215129451266
2017-09-12,3.3,3.32,3.28,3.29,6355000,3.2641168529944102,3.25636313575575,3.243904555299662,3.2873877426798668,3.273559556860882,0.013828185818984817,0.01157624770190229,0.002251938117082528,3.2715000000000005,3.355231714421709,3.187768285578292
2017-09-13,3.28,3.31,3.27,3.3,7772711,3.2655240352299235,3.2572272320774185,3.244462718928521,3.2893280899598873,3.2755181082045204,0.013809981755366962,0.012022994512595225,0.001786987242771737,3.275,3.357340755400947,3.192659244599053
2017-09-14,3.3,3.3,3.25,3.28,7565000,3.2660917201228674,3.2576781779768758,3.2448163237153023,3.2878929991968278,3.2758501001893707,0.01204289900745703,0.012026975411567588,1.5923595889442976e-05,3.2765,3.3580536633144003,3.1949463366855997
2017-09-15,3.28,3.32,3.24,3.32,16245215,3.2682057703141276,3.258912273462482,3.245564419996742,3.292832537781931,3.279120463138306,0.013712074643625005,0.012363995257979073,0.0013480793856459321,3.281,3.361721744282433,3.200278255717567
2017-09-18,3.31,3.33,3.29,3.3,9073410,3.2694526028508286,3.25972589180976,3.2461060675589635,3.2939352242770186,3.2806670954984316,0.013268128778586963,0.012544821962100652,0.0007233068164863108,3.2855,3.359655242565839,3.2113447574341607
2017-09-19,3.28,3.29,3.25,3.27,5322984,3.2694740694056983,3.2599293394966953,3.246343818130516,3.290252882080554,3.2798769402763255,0.010375941804228628,0.012111045930526247,-0.0017351041262976194,3.2885,3.35461353870425,3.22238646129575
2017-09-20,3.25,3.29,3.25,3.25,4355000,3.2687103804093964,3.2597327189126024,3.2463801980496156,3.284060130991238,3.2776638335891906,0.006396297402047502,0.010968096224830498,-0.004571798822782996,3.29,3.3509918027278944,3.2290081972721056
2017-09-21,3.28,3.28,3.23,3.24,15167000,3.2675844831384397,3.259341972003442,3.246316713491908,3.2772816493002788,3.2748739199899912,0.002407729310287543,0.009256022841921908,-0.006848293531634365,3.29,3.3509918027278944,3.2290081972721056
2017-09-22,3.24,3.25,3.21,3.24,4908625,3.266502738701638,3.258958962656839,3.246253860621342,3.2715460109463894,3.2722906666573994,-0.0007446557110100116,0.007255887131335524,-0.008000542842345536,3.289,3.352529520697062,3.2254704793029383
2017-09-25,3.24,3.24,3.18,3.19,9075344,3.263502631301574,3.2575934386438323,3.245694120714662,3.2590004708007907,3.2661950617198143,-0.007194590919023636,0.004365791521263692,-0.011560382440287328,3.2845,3.3613049477572794,3.2076950522427206
2017-09-26,3.18,3.23,3.18,3.21,7748848,3.261404488897591,3.2566509943142514,3.245338955334417,3.2514619368314386,3.2620324645553835,-0.010570527723944956,0.0013785276722219626,-0.011949055396166919,3.2809999999999997,3.364402637847963,3.1975973621520364
2017-09-27,3.21,3.23,3.17,3.18,9601844,3.2582121559996464,3.255133152842682,3.244688816475368,3.2404677927035253,3.2559559856994293,-0.015488192995904093,-0.001994816461403249,-0.013493376534500844,3.271,3.3524616474176563,3.1895383525823435
2017-09-28,3.17,3.19,3.17,3.18,8183570,3.255145012627111,3.2536453676378763,3.2440451466596927,3.2311650553645213,3.2503296163883606,-0.019164561023839344,-0.0054287653738904675,-0.013735795649948876,3.2634999999999996,3.3493545281275168,3.1776454718724825
2017-09-29,3.2,3.2,3.16,3.16,7359059,3.2514138356613422,3.251791003922275,3.243208876543676,3.2202165853084415,3.2436385336929265,-0.02342194838448508,-0.00902740197600939,-0.01439454640847569,3.2565,3.351636743690326,3.161363256309674
2017-10-03,3.18,3.26,3.17,3.25,19097000,3.251358391125603,3.251755538498071,3.243276449911401,3.2247986491071425,3.2441097534193766,-0.01931110431223404,-0.01108414244325432,-0.00822696186897972,3.255,3.3495515732285757,3.160448426771424
2017-10-04,3.27,3.29,3.23,3.23,11859000,3.250520807159893,3.251324735755535,3.243144345932183,3.225598856936813,3.2430645864994228,-0.017465729562609944,-0.012360459867125445,-0.005105269695484499,3.253,3.3478894093142055,3.1581105906857947
2017-10-06,3.25,3.28,3.25,3.28,11817293,3.251676853937936,3.251892562770277,3.243511068858231,3.2339682635619185,3.245800543055021,-0.011832279493102504,-0.012254823792320858,0.0004225442992183536,3.2535,3.3488467356546554,3.1581532643453443
2017-10-09,3.23,3.28,3.23,3.27,11262723,3.2523954086854685,3.2522511258837365,3.243774640312378,3.2395116076293156,3.247593095421316,-0.008081487792000352,-0.011420156592256757,0.003338668800256404,3.253,3.3478894093142055,3.1581105906857947
2017-10-10,3.25,3.33,3.25,3.31,16323204,3.2546544122664307,3.253394667945445,3.24443359911524,3.250355975686344,3.252215829093811,-0.0018598534074669715,-0.0095080959552988,0.007648242547831828,3.2535,3.3494739548002412,3.1575260451997584
2017-10-11,3.33,3.35,3.3,3.3,13050118,3.2564326706089237,3.254317545807911,3.244986498626531,3.257993517888445,3.2557553973090845,0.0022381205793604586,-0.007158852648366948,0.009396973227727406,3.2525,3.346068156976606,3.1589318430233937
2017-10-12,3.3,3.33,3.27,3.27,12624000,3.256964722741907,3.2546280894552795,3.245235389187461,3.2598406689825303,3.2568105530639673,0.003030115918563059,-0.005121058934980947,0.008151174853544007,3.2515,3.3438634126697298,3.1591365873302704
2017-10-13,3.25,3.29,3.25,3.28,6450797,3.257868066948107,3.255130503525472,3.245581305712959,3.2629421045236797,3.258528289874044,0.00441381464963575,-0.003214084218057608,0.007627898867693357,3.2505,3.341158700630435,3.1598412993695653
2017-10-16,3.28,3.29,3.25,3.26,8478000,3.257951672165828,3.2552269291982348,3.245724775307855,3.2624894730584986,3.25863730543893,0.003852167619568636,-0.0018008338505323593,0.005653001470100996,3.2495,3.339271933253099,3.1597280667469008
2017-10-17,3.26,3.28,3.25,3.25,7555527,3.2576398418848154,3.2551234256497548,3.2457673148570305,3.2605680156648833,3.2579975050360463,0.002570510628836953,-0.0009265649546584971,0.00349707558349545,3.246,3.329761566365481,3.162238433634519
2017-10-18,3.24,3.3,3.24,3.28,14488653,3.258516710830509,3.255616031082433,3.2461079385897964,3.2635575517164397,3.2596273194778207,0.003930232238618991,4.47944839970007e-05,0.0038854377546219906,3.2449999999999997,3.326608823052406,3.1633911769475933
2017-10-19,3.29,3.29,3.21,3.21,11826360,3.2566140947195086,3.254712743338226,3.245748655618754,3.255317928375449,3.2559512217387225,-0.0006332933632733351,-9.082308545706647e-05,-0.0005424702778162687,3.242,3.324121860670585,3.159878139329415
2017-10-20,3.21,3.28,3.21,3.26,10560000,3.256746875318744,3.2548174414899442,3.245890460040458,3.2560382470869182,3.256251131239558,-0.00021288415263986948,-0.00011523529889362708,-9.76488537462424e-05,3.2424999999999997,3.324931789984198,3.1600682100158015
2017-10-23,3.24,3.25,3.21,3.22,10220040,3.2553058213846757,3.2541279872030144,3.2456328435226425,3.2504939013812386,3.25356586225885,-0.0030719608776115237,-0.0007065804146372065,-0.002365380462974317,3.2415,3.32451204731844,3.1584879526815595
2017-10-24,3.21,3.23,3.18,3.19,9271199,3.252744808781355,3.2528581260702816,3.2450792828905763,3.241187147322586,3.2488572798693056,-0.007670132546719444,-0.002099290841053654,-0.00557084170566579,3.239,3.3249999999999944,3.1530000000000054
2017-10-25,3.18,3.22,3.18,3.18,9816000,3.249892071182086,3.251415390900573,3.244431727836939,3.2317737400421884,3.243756740619727,-0.01198300057753876,-0.004076032788350676,-0.007906967789188084,3.2384999999999997,3.3257410453857528,3.1512589546142467
2017-10-26,3.17,3.21,3.17,3.2,7857000,3.247935519371024,3.2503972643480865,3.2439896210922927,3.2268854723433904,3.2405155005738213,-0.013630028230430913,-0.005986831876766723,-0.00764319635366419,3.2380000000000004,3.325999999999995,3.1500000000000057
2017-10-27,3.2,3.28,3.2,3.26,12482000,3.248408636258435,3.2505874175293124,3.2441489283451057,3.2319800150597917,3.2419587968276127,-0.009978781767820966,-0.006785221854977572,-0.0031935599128433932,3.242,3.326285230022816,3.157714769977184
2017-10-30,3.33,3.35,3.27,3.27,14565961,3.249255356405163,3.2509718251029893,3.2444061529386867,3.2378292435121314,3.2440359229885303,-0.0062066794763988575,-0.0066695133792618305,0.0004628339028629729,3.2464999999999997,3.326568720484337,3.1664312795156624
2017-10-31,3.29,3.32,3.28,3.32,14657743,3.2520296561539803,3.2523387196554054,3.2451583305213867,3.2504708983564186,3.2496628916560466,0.0008080067003719549,-0.005174009363335073,0.005982016063707028,3.2545,3.330256187866067,3.1787438121339333
2017-11-01,3.3,3.31,3.28,3.29,5871258,3.253518689245981,3.2530844875830214,3.2456045162873433,3.256552298609277,3.2526508256074504,0.0039014730018265276,-0.0033589128903027533,0.007260385892129281,3.2565,3.3337722459877983,3.1792277540122016
2017-11-02,3.25,3.3,3.24,3.28,6346535,3.254557172020648,3.253617468026922,3.2459467599063747,3.2601596372847728,3.254676690377269,0.005482946907503727,-0.0015905409307414573,0.007073487838245185,3.2589999999999995,3.335915538092109,3.18208446190789
2017-11-03,3.27,3.3,3.25,3.29,7561926,3.255947086843368,3.2543379142046067,3.246385100603824,3.2647504623178847,3.2572932318308045,0.007457230487080135,0.0002190133528228611,0.0072382171342572745,3.2595,3.3370822144566574,3.1819177855433427
2017-11-06,3.3,3.3,3.23,3.28,12512325,3.2568903383397063,3.254846074319367,3.2467195772147313,3.26709654503821,3.2589752146581525,0.008121330380057579,0.0017994767582698045,0.006321853621787775,3.2600000000000002,3.337974354758464,3.1820256452415365
2017-11-07,3.3,3.3,3.23,3.28,14548040,3.2577965995812863,3.255344171857597,3.247050725700157,3.2690816919554084,3.260532606164956,0.008549085790452438,0.0031493985647063315,0.005399687225746106,3.2585,3.333673133498603,3.1833268665013974
2017-11-08,3.25,3.26,3.21,3.21,17671680,3.2559222231271185,3.2544462674643775,3.2466820617628422,3.2599922008853457,3.256789450152737,0.0032027507326088944,0.003160068998286844,4.268173432205036e-05,3.254,3.329471849056445,3.178528150943555
2017-11-09,3.24,3.25,3.21,3.21,9462348,3.2541213516319374,3.253566143356172,3.246317066123411,3.2523010930568312,3.2533235649562378,-0.0010224718994065185,0.0023235608187481714,-0.00334603271815469,3.251,3.3284338427304165,3.1735661572695832
2017-11-10,3.2,3.25,3.2,3.24,12424922,3.2535675731365674,3.2532975068540697,3.2462542097440736,3.250408617201934,3.2523366342187385,-0.0019280170168043398,0.0014732452516376692,-0.003401262268442009,3.2489999999999997,3.32539371701913,3.1726062829808694
2017-11-13,3.23,3.28,3.21,3.21,10394028,3.251859040856702,3.252440130480722,3.2458934713386602,3.244191906863175,3.2492005872395726,-0.005008680376397567,0.00017686012603062196,-0.005185540502428189,3.2464999999999997,3.3245448588953743,3.168455141104625
2017-11-14,3.2,3.21,3.14,3.15,31441000,3.2478645686662433,3.25041161304546,3.2449393074447435,3.2297008442688404,3.241852395592197,-0.012151551323356546,-0.002288822163846812,-0.009862729159509734,3.2415,3.330105868880109,3.152894131119891
2017-11-15,3.13,3.13,3.09,3.1,25929000,3.242065958130312,3.2474331652623816,3.243497125281114,3.2097468682274806,3.231344810733516,-0.021597942506035306,-0.00615064623228451,-0.015447296273750796,3.2324999999999995,3.3384952829139065,3.1265047170860925
2017-11-16,3.09,3.13,3.09,3.13,15994000,3.2376712146742213,3.245107756049265,3.2423678006514516,3.1974781192694066,3.2238377877162185,-0.026359668446811924,-0.010192450675189993,-0.01616721777162193,3.2284999999999995,3.343264977236085,3.113735022763914
2017-11-17,3.13,3.14,3.11,3.13,10357254,3.2334488140987614,3.2428283945433387,3.2412497130827806,3.1870968701510365,3.2168868404779802,-0.02978997032694375,-0.014111954605540745,-0.015678015721403003,3.222,3.3434248738932815,3.1005751261067185
2017-11-20,3.11,3.12,3.07,3.08,9636000,3.2274312135458687,3.2396040698989164,3.239645238325738,3.1706204285893387,3.2067470745166484,-0.03612664592730974,-0.018514892869894543,-0.0176117530574152,3.215,3.351308473691107,3.0786915263088925
2017-11-21,3.08,3.15,3.08,3.13,14457000,3.223610381642109,3.237433692277156,3.2385542409294623,3.1643711318832866,3.201062106033934,-0.03669097415064737,-0.02215010912604511,-0.014540865024602261,3.2120000000000006,3.3529397034195814,3.07106029658042
2017-11-22,3.15,3.17,3.12,3.15,13561000,3.220723700009085,3.2357023320340437,3.2376731042037963,3.1621601885166273,3.1972797278091982,-0.035119539292570945,-0.024743995159350277,-0.010375544133220668,3.2105000000000006,3.3533950663948886,3.0676049336051125
2017-11-23,3.16,3.17,3.11,3.13,10462000,3.2171659078518657,3.233609216548221,3.2366017300326146,3.157212467206377,3.1922960442677764,-0.03508357706139931,-0.026811911539760085,-0.008271665521639222,3.207,3.354118999452822,3.0598810005471777
2017-11-24,3.13,3.16,3.11,3.16,4422000,3.2149241075439496,3.2321516082997412,3.2358395237636337,3.157641318405396,3.1899037446923857,-0.0322624262869895,-0.027902014489205967,-0.004360411797783532,3.2020000000000004,3.3483693957082545,3.0556306042917463
2017-11-27,3.16,3.16,3.13,3.14,3754000,3.2119859072481085,3.230326823976974,3.234885896661508,3.1549272694199506,3.1862071710114686,-0.031279901591517945,-0.028577591909668364,-0.0027023096818495802,3.1955,3.340754948280599,3.050245051719401
2017-11-28,3.14,3.16,3.11,3.14,6561199,3.2091629304932807,3.228538173997232,3.233941758386269,3.152630766432266,3.182784417603212,-0.030153651170945928,-0.02889280376192388,-0.0012608474090220478,3.1864999999999997,3.321744223536532,3.051255776463467
2017-11-29,3.16,3.16,3.1,3.1,5860469,3.20488203125825,3.225992863621049,3.23260900457148,3.1445337254426864,3.176652238521492,-0.032118513078805755,-0.029537945625300255,-0.0025805674535054994,3.177,3.308468627436357,3.045531372563643
2017-11-30,3.09,3.12,3.09,3.09,6565758,3.200376853561848,3.223299935628553,3.2311900095011175,3.136143921528427,3.1702335541865665,-0.03408963265813947,-0.030448283031868098,-0.00364134962627137,3.1674999999999995,3.2952301843731524,3.0397698156268467
2017-12-01,3.13,3.13,3.09,3.1,8653606,3.1964405063633445,3.2208583527448194,3.2298846362722506,3.1305833182163614,3.165031068691265,-0.03444775047490367,-0.031248176520475214,-0.003199573954428457,3.158,3.2757454882362786,3.040254511763721
2017-12-04,3.09,3.12,3.09,3.11,3675000,3.19305068258439,3.2186631378389814,3.2286917543192932,3.1274166538753825,3.160954693232653,-0.0335380393572704,-0.03170614908783426,-0.0018318902694361427,3.1494999999999997,3.2546617801294735,3.044338219870526
2017-12-05,3.09,3.12,3.09,3.09,3290530,3.189009479345786,3.2161153529312787,3.2273117368633804,3.121660245586862,3.155698790030234,-0.034038544443371954,-0.0321726281589418,-0.0018659162844301552,3.1399999999999997,3.2294427190999904,3.050557280900009
2017-12-06,3.08,3.09,3.06,3.06,13779000,3.183950284077324,3.2130239598039267,3.2256469434617547,3.112174053958114,3.148609990768735,-0.03643593681062107,-0.03302528988927766,-0.0034106469213434146,3.1325000000000003,3.2223610037780563,3.0426389962219442
2017-12-07,3.05,3.06,3.02,3.04,18659000,3.1783051748978215,3.2095977427781066,3.2237997101934788,3.1010703533491735,3.1405648062673475,-0.039494452918173995,-0.034319122495056927,-0.005175330423117068,3.124,3.215082380293885,3.032917619706115
2017-12-08,3.04,3.06,3.02,3.05,7016031,3.1732735994116323,3.206437391435966,3.222070359843295,3.0932133759108393,3.133856302099396,-0.04064292618855658,-0.03558388323375686,-0.005059042954799725,3.1145,3.194117837197452,3.034882162802548
2017-12-11,3.06,3.07,3.02,3.04,5912484,3.168047183748431,3.203141601506541,3.2202587144717203,3.085026702693787,3.1269039834253665,-0.04187728073157926,-0.03684256273332134,-0.005034717998257915,3.106,3.1790479294709986,3.032952070529001
2017-12-12,3.02,3.04,2.99,3.03,10727977,3.162633568699473,3.199713054942055,3.2183655929346884,3.076561056125512,3.119725910579043,-0.04316485445353102,-0.03810702107736328,-0.0050578333761677405,3.1,3.177201036262476,3.0227989637375243
2017-12-13,3.01,3.09,3.01,3.07,19757700,3.159000879730866,3.197144479596668,3.2168893183781244,3.075551662875433,3.11604250979541,-0.04049084691997695,-0.038583786245886015,-0.001907060674090938,3.0985,3.1768007024234146,3.0201992975765855
2017-12-14,3.06,3.09,2.99,2.99,25726000,3.1523733942512244,3.1930426087135655,3.2146317132201334,3.062389868586905,3.1067060275883427,-0.044316159001437594,-0.03973026079699633,-0.0045858982044412605,3.0915000000000004,3.1814499861033907,3.00155001389661
2017-12-15,2.92,2.92,2.85,2.85,904238500,3.14051561408451,3.1862496857687423,3.2110035369691867,3.0297145041889197,3.0876907662855024,-0.05797626209658269,-0.04337946105691361,-0.01459680103966908,3.0774999999999997,3.214156503687165,2.9408434963128345
2017-12-18,2.86,2.87,2.85,2.85,51565563,3.1291228449047255,3.1795912761495595,3.2074114619744685,3.0020661189290863,3.070084042856947,-0.06801792392786066,-0.048307153631103016,-0.019710770296757642,3.066,3.2348075827680742,2.8971924172319254
2017-12-19,2.86,2.86,2.84,2.85,28553000,3.1181768509868935,3.173064716225806,3.2038551290194985,2.9786713314015345,3.05378152116384,-0.07511018976230543,-0.0536677608573435,-0.021442428904961938,3.052,3.2423260360539263,2.8616739639460738
2017-12-20,2.84,2.87,2.84,2.86,23159000,3.1080522685952507,3.1668654149144038,3.200433684949653,2.960414203493606,3.0394273344109632,-0.07901313091735718,-0.058736834869346236,-0.02027629604801094,3.0375,3.239576718104785,2.835423281895215
2017-12-21,2.84,2.86,2.84,2.85,23163000,3.097932571787594,3.1605908522428314,3.196946782611845,2.9434274029561283,3.0253956800101514,-0.0819682770540231,-0.06338312330628161,-0.018585153747741487,3.0235,3.236504694783943,2.810495305216057
2017-12-22,2.85,2.89,2.84,2.88,74495000,3.0893861964233746,3.1550345977429735,3.193793083282374,2.9336693409628776,3.014625629639029,-0.08095628867615146,-0.06689775638025558,-0.014058532295895876,3.0095,3.22158253110523,2.79741746889477
2017-12-27,2.87,2.9,2.87,2.87,32647805,3.080782816171478,3.1493903482827164,3.190571261558172,2.9238740577378195,3.003912620036138,-0.08003856229831863,-0.0695259175638682,-0.010512644734450433,2.996,3.2075088650624393,2.7844911349375607
2017-12-28,2.9,2.9,2.87,2.9,36432438,3.073693293968675,3.1444519255444447,3.1876800052242595,2.920201125778155,2.99621538892235,-0.07601426314419513,-0.07082358667993358,-0.005190676464261551,2.984,3.1885873896407135,2.7794126103592864
2017-12-29,2.88,2.9,2.85,2.86,57916000,3.0653131647934333,3.138819214147525,3.184419507659839,2.9109394141199774,2.986125360113287,-0.07518594599330974,-0.07169605854260881,-0.003489887450700932,2.972,3.176117613154773,2.767882386845227
2018-01-02,2.86,2.91,2.85,2.91,33012000,3.059222452448593,3.134288140600049,3.1816889652950646,2.91079488887075,2.98048644454934,-0.06969155567858998,-0.07129515796980505,0.0016036022912150755,2.963,3.161302798769966,2.7646972012300344
2018-01-03,2.9,2.92,2.87,2.89,38215516,3.052586277842766,3.129450751677276,3.1787865875309347,2.9075956751983267,2.9737837449530926,-0.06618806975476588,-0.07027374032679722,0.0040856705720313385,2.9525,3.1427498357423778,2.7622501642576225
2018-01-04,2.9,2.97,2.9,2.95,60935000,3.0485632865548142,3.1258972714460427,3.1765101040729156,2.9141194174755074,2.972021986067678,-0.05790256859217058,-0.06779950597987189,0.00989693738770131,2.9445,3.1205085225209332,2.768491477479067
2018-01-05,2.97,3.05,2.95,3.05,76552750,3.048619628258547,3.1243943551797844,3.175251297067215,2.9350241224792755,2.9777981352478498,-0.04277401276857429,-0.06279440733761237,0.020020394569038077,2.9425,3.11266168781486,2.77233831218514
2018-01-08,3.02,3.13,3.02,3.13,122679440,3.051811015385663,3.1245053580475113,3.174801035404855,2.965020411328618,2.989072347451713,-0.024051936123095086,-0.05504591309470891,0.030993976971613824,2.9459999999999997,3.128142801120444,2.7638571988795553
2018-01-09,3.13,3.16,3.11,3.14,57788661,3.0552694069391664,3.1248121826406297,3.174454756445603,2.991940348047292,3.000252173566401,-0.008311825519109028,-0.045699095579588934,0.037387270060479906,2.9509999999999996,3.1480685160039563,2.753931483996043
2018-01-10,3.13,3.15,3.1,3.13,38315977,3.058200018431748,3.124914911697251,3.1740124205605724,3.013180294501555,3.0098631236725937,0.0033171708289612134,-0.035895842297878906,0.03921301312684012,2.955,3.1628942038634116,2.7471057961365886
2018-01-11,3.13,3.16,3.11,3.14,24478000,3.061407860846189,3.1252136263171075,3.1736739885151937,3.0326910184243925,3.019502892289439,0.01318812613495357,-0.02607904861131241,0.03926717474626598,2.96,3.1802725584361373,2.7397274415638626
2018-01-12,3.16,3.18,3.15,3.16,32016000,3.065274219244378,3.125902465399937,3.173537928927978,3.052277015589871,3.029910085453184,0.02236693013668667,-0.016389852861712597,0.03875678299839927,2.9665,3.2018104332578594,2.7311895667421404
2018-01-15,3.17,3.21,3.15,3.18,81614000,3.0697732694700886,3.1269737037088494,3.173602228142625,3.0719267054991217,3.0410278569010964,0.030898848598025275,-0.006932112569765023,0.0378309611677903,2.972,3.2214473892427047,2.7225526107572953
2018-01-16,3.16,3.26,3.16,3.26,73811063,3.0772331412555753,3.1296078877938225,3.174461907464589,3.100861058499257,3.0572480156491637,0.043613042850093375,0.0031769185142066572,0.04043612433588672,2.9855,3.2648188142606958,2.7061811857393043
2018-01-17,3.23,3.28,3.22,3.25,54512000,3.084008312186729,3.131991890015727,3.1752135302758866,3.123805511037833,3.0715259404158926,0.05227957062194033,0.012997448935753391,0.03928212168618694,3.0055,3.300014855312938,2.7109851446870623
2018-01-18,3.28,3.38,3.28,3.38,109570000,3.095615829355877,3.136902941698584,3.1772512065915497,3.1632200478012433,3.0943758707554565,0.06884417704578683,0.02416679455776008,0.044677382488026746,3.032,3.3593285810924556,2.7046714189075445
2018-01-19,3.39,3.4,3.35,3.38,105035000,3.1067681497732935,3.1417167448332655,3.1792686075209873,3.1965708096779752,3.1155332136624594,0.08103759601551586,0.03554095484931124,0.04549664116620462,3.0585,3.407686196748955,2.709313803251045
2018-01-22,3.37,3.4,3.31,3.37,44004188,3.117090967429243,3.1462372053316168,3.1811664323217737,3.223252223573671,3.134382605243018,0.08886961833065321,0.04620668754557963,0.04266293078507358,3.084,3.445740238292617,2.722259761707383
2018-01-23,3.37,3.42,3.37,3.41,121755000,3.128577596157508,3.1514602309686146,3.1834433832439455,3.2519826507161835,3.15479870855835,0.09718394215783333,0.056402138468030376,0.04078180368980295,3.112,3.4835158139299036,2.7404841860700966
2018-01-24,3.42,3.42,3.37,3.4,93723688,3.139221611994469,3.1563818105533947,3.1855981754504734,3.2747545506060014,3.172961767183658,0.10179278342234355,0.06548026745889302,0.03631251596345053,3.138,3.513691362690172,2.762308637309828
2018-01-25,3.36,3.36,3.29,3.3,105769000,3.1455266468182153,3.159225735096892,3.1867365020629066,3.278638465897386,3.1823720066515353,0.09626645924585064,0.07163750581628454,0.0246289534295661,3.1595,3.520303270495152,2.798696729504848
2018-01-26,3.32,3.61,3.32,3.5,181952000,3.159427562629266,3.165973740342498,3.1898535517936244,3.3126940865285572,3.2059000061588288,0.10679408036972848,0.07866882072697334,0.02812525964275514,3.1895,3.55868694451456,2.8203130554854394
2018-01-29,3.56,3.71,3.52,3.68,233474000,3.1798421680163536,3.176152478157498,3.194730630880255,3.369202688601087,3.241018524221138,0.12818416437994884,0.08857188945756844,0.0396122749223804,3.2305,3.625441767859512,2.8355582321404884
2018-01-30,3.62,3.73,3.59,3.62,110578190,3.197103259466693,3.1849415379959636,3.198962166891397,3.407786890354766,3.269091226130683,0.13869566422408308,0.09859664441087138,0.040099019813211706,3.2659999999999996,3.666918944426421,2.865081055573578
2018-01-31,3.61,3.71,3.57,3.68,124146880,3.2160403865464304,3.1947446758574296,3.2037486129919803,3.4496658303001864,3.299528913083966,0.15013691721622058,0.10890469897194122,0.04123221824427936,3.3055,3.706123264426812,2.904876735573188
2018-02-01,3.71,3.84,3.67,3.68,146999690,3.234234881191669,3.2043536921770843,3.2084874327632043,3.4851018564078498,3.3277119565592277,0.15738989984862206,0.1186017391472774,0.038788160701344665,3.342,3.739421690399498,2.944578309600502
2018-02-02,3.68,3.69,3.65,3.66,78092000,3.250931552517486,3.2133763913418947,3.2129800951237697,3.5120092631143343,3.3523258857029887,0.15968337741134553,0.12681806680009103,0.0328653106112545,3.3725,3.7692303870388475,2.9757696129611526
2018-02-05,3.53,3.66,3.53,3.63,102986070,3.265796981830526,3.22162636379057,3.2171295469135828,3.530161684173667,3.3728943386138783,0.15726734555978883,0.1329079225520306,0.02435942300775823,3.3975,3.7929680770934526,3.0020319229065473
2018-02-06,3.49,3.56,3.39,3.4,189864000,3.2710598452881525,3.2251585150026383,3.2189491534119554,3.5101368096854104,3.374902165383221,0.13523464430218946,0.1333732669020624,0.0018613774001270678,3.4105000000000003,3.787937412030118,3.0330625879698827
2018-02-07,3.52,3.54,3.3,3.31,119883690,3.272586910178813,3.2268385444085266,3.219855131984971,3.4793465312722707,3.3700945975770566,0.10925193369521402,0.12854900026069271,-0.019297066565478693,3.4195,3.777855968277344,3.0611440317226566
2018-02-08,3.33,3.36,3.26,3.28,106396820,3.2728776195835656,3.2278912464994467,3.2204535883831307,3.4486778341534596,3.36342092368246,0.0852569104709997,0.11989058230275412,-0.03463367183175442,3.4265,3.7678077789913265,3.0851922210086733
2018-02-09,3.17,3.23,3.11,3.16,103873000,3.2684510462665632,3.2265468653806457,3.2198520601405125,3.404265859668312,3.348352707113389,0.05591315255492324,0.10709509635318795,-0.05118194379826471,3.4265,3.7678077789913265,3.0851922210086733
2018-02-12,3.18,3.23,3.15,3.18,46835301,3.2649823777855214,3.2256251452740985,3.2194555222286665,3.3697634197193413,3.335882136216101,0.03388128350324049,0.09245233378319848,-0.05857105027995799,3.4265,3.7678077789913265,3.0851922210086733
2018-02-13,3.23,3.31,3.19,3.2,94168000,3.262434049244913,3.2251177166548093,3.2192619349428093,3.3436459705317505,3.325816792792686,0.017829177739064672,0.07752770257437172,-0.05969852483530705,3.4234999999999998,3.771596251057078,3.0754037489429216
2018-02-14,3.26,3.33,3.22,3.3,70202000,3.263907223784328,3.2266005341467934,3.220065298774224,3.336931205834558,3.3239044377710054,0.01302676806355274,0.06462751567220792,-0.051600747608655184,3.4259999999999997,3.769767363197835,3.0822326368021646
2018-02-15,3.36,3.36,3.31,3.35,44665122,3.2672834110869036,3.2290440879260647,3.2213581813734855,3.3389417895523184,3.3258374423805606,0.01310434717175779,0.054322881972117903,-0.04121853480036011,3.4245000000000005,3.7693173429512976,3.0796826570487035
2018-02-20,3.31,3.35,3.24,3.32,24895301,3.269350728299182,3.2308451950958457,3.222339692006585,3.3360276680827305,3.32540503924126,0.010622628841470583,0.045582831345988443,-0.03496020250451786,3.4215000000000004,3.768848528138515,3.074151471861486
2018-02-21,3.33,3.42,3.32,3.41,60278344,3.2748663860129397,3.234392814994938,3.2242069587527884,3.3474080268392337,3.3316713326307963,0.015736694208437374,0.039613603918478235,-0.02387690971004086,3.4234999999999998,3.7700991921513842,3.0769008078486153
2018-02-22,3.4,3.43,3.34,3.4,110624000,3.279773586561452,3.237672165193058,3.2259561432428105,3.3554990996331977,3.3367327153988855,0.018766384234312206,0.03544415998164503,-0.016677775747332826,3.4230000000000005,3.7697044851166375,3.0762955148833635
2018-02-23,3.43,3.49,3.42,3.46,46531000,3.2868412890492382,3.2420746965753735,3.22828493783741,3.3715761612280906,3.3458636253693386,0.025712535858751995,0.033497835157066426,-0.007785299298314431,3.4259999999999997,3.77289479673237,3.0791052032676296
2018-02-26,3.49,3.5,3.43,3.47,24011532,3.294023983596327,3.2465880689204156,3.2306900628340527,3.386718290269923,3.3550589123790173,0.03165937789090556,0.033130143703834256,-0.0014707658129286955,3.4345,3.776931014950445,3.0920689850495546
2018-02-27,3.49,3.49,3.44,3.46,86987688,3.300532846984707,3.250814047753675,3.2329717537511273,3.3979923994591656,3.362832326276868,0.03516007318229786,0.03353612959952698,0.001623943582770876,3.4325,3.7738429360628283,3.091157063937172
2018-02-28,3.44,3.44,3.36,3.42,66499000,3.3052178333774638,3.2541642646298397,3.2348327313257434,3.401378184157756,3.3670669687748775,0.0343112153828784,0.03369114675619726,0.0006200686266811389,3.4195,3.7413990524993705,3.09760094750063
2018-03-01,3.37,3.47,3.33,3.47,38227348,3.3116798791273676,3.2584382395876648,3.2371727041483727,3.411935386595024,3.374691637754516,0.03724374884050796,0.034401667173059404,0.002842081667448558,3.4120000000000004,3.721619120856566,3.1023808791434346
2018-03-02,3.47,3.47,3.37,3.42,72379000,3.315927727004726,3.261637482368107,3.2389918812215237,3.413176096349636,3.3780478127356632,0.03512828361397258,0.03454699046124204,0.0005812931527305401,3.399,3.6833167247982312,3.114683275201769
2018-03-05,3.44,3.45,3.33,3.35,21813290,3.317263894573168,3.263387235192501,3.2400964396173295,3.4034566969112303,3.375970196977466,0.027486499933764286,0.03313489235574649,-0.005648392421982201,3.3825000000000003,3.6363405011025502,3.1286594988974503
2018-03-06,3.4,3.46,3.36,3.43,24526000,3.3216849183153965,3.266686497861956,3.2419860272828287,3.4075402820018104,3.3799724046087647,0.02756787739304567,0.032021489363206326,-0.004453611970160656,3.371,3.592260028021317,3.149739971978683
2018-03-07,3.4,3.52,3.4,3.44,31445344,3.326324725440283,3.270118448399343,3.243956315568572,3.412534084770763,3.3844188931562638,0.028115191614499047,0.031240229813464873,-0.0031250381989658266,3.3615000000000004,3.5515815614413833,3.1714184385586175
2018-03-08,3.45,3.48,3.44,3.46,14422000,3.331566893070076,3.2738784791241087,3.246106003970875,3.4198365332675684,3.390017493663207,0.029819039604361386,0.030955991771644174,-0.0011369521672827884,3.3645000000000005,3.5587652825390945,3.1702347174609065
2018-03-09,3.45,3.48,3.42,3.46,16148000,3.3366034854987006,3.277564053794918,3.248234302438827,3.426015528149481,3.395201383021488,0.030814145127993076,0.030927622442913957,-0.00011347731492088176,3.372,3.5688349562450576,3.175165043754942
2018-03-12,3.49,3.52,3.48,3.52,20566000,3.343795505675222,3.2823647656009594,3.250938438732968,3.4404746776649455,3.4044457250198965,0.03602895264504902,0.03194788848334097,0.004081064161708045,3.3839999999999995,3.5861286718899454,3.1818713281100535
2018-03-13,3.52,3.61,3.49,3.55,39683047,3.351881956433057,3.2876644732128217,3.253914175660998,3.457324727254954,3.4152275231665707,0.04209720408838313,0.033977751604349404,0.008119452484033729,3.4035,3.590077061826991,3.2169229381730093
2018-03-14,3.52,3.52,3.43,3.48,22831000,3.356906193435682,3.291473097505637,3.2561637858534263,3.4608132307541917,3.4200254844134914,0.04078774634070026,0.03533975055161957,0.005447995789080687,3.4184999999999994,3.5769013888827748,3.260098611117224
2018-03-15,3.45,3.55,3.44,3.53,19378696,3.363694185849969,3.2961964025055255,3.258888524302646,3.4714573490997007,3.4281717448273072,0.043285604272393474,0.03692892129577435,0.006356682976619121,3.435,3.5651537552281596,3.3048462447718405
2018-03-16,3.35,3.56,3.35,3.53,35878622,3.3702159824833036,3.3008261767133367,3.2615861509265005,3.48046391077667,3.435714578543803,0.04474933223286692,0.038493003483192866,0.0062563287496740574,3.4464999999999995,3.5672103972323472,3.3257896027676517
2018-03-19,3.52,3.63,3.49,3.58,49031774,3.3784428066996446,3.3063543712338648,3.2647544479322073,3.4957771552725667,3.4464023875405583,0.04937476773200844,0.04066935633295598,0.008705411399052461,3.4579999999999997,3.5834750971308282,3.3325249028691712
2018-03-20,3.52,3.58,3.5,3.52,22519161,3.3839940691820116,3.3105849777440852,3.2672942046692004,3.4995037467690953,3.451854062537554,0.04764968423154148,0.04206542191267308,0.0055842623188683965,3.468000000000001,3.578923396990854,3.3570766030091477
2018-03-21,3.54,3.56,3.43,3.44,23821004,3.3861903801944817,3.313147651452123,3.2690126702943827,3.4903493241892347,3.4509759838310683,0.03937334035816642,0.04152700560177175,-0.0021536652436053294,3.4695,3.5780311015331105,3.3609688984668895
2018-03-22,3.46,3.54,3.46,3.47,17789000,3.3894770319515612,3.316253638552081,3.2710125442218017,3.4872186589293523,3.452385170213952,0.034833488715400485,0.0401883022244975,-0.0053548135090970145,3.4730000000000003,3.5767496987946967,3.369250301205304
2018-03-23,3.36,3.43,3.33,3.4,38520000,3.3898896973652257,3.317911982343129,3.2722960014932267,3.473800403709452,3.448504787235141,0.025295616474311,0.0372097650744602,-0.0119141486001492,3.4699999999999998,3.578443533693763,3.3615564663062365
2018-03-26,3.4,3.56,3.4,3.55,41149665,3.396168532762668,3.3225077846729683,3.275059225358966,3.4855234185233828,3.456022951143649,0.029500467379733664,0.035667905535514896,-0.0061674381557812324,3.474,3.587912246927142,3.3600877530728583
2018-03-27,3.58,3.59,3.53,3.56,35045559,3.40259329618374,3.327210600818058,3.277894456947434,3.49698135413517,3.4637249547626383,0.033256399372531664,0.03518560430291825,-0.001929204930386584,3.479,3.5986494880891264,3.3593505119108737
2018-03-28,3.56,3.58,3.52,3.55,39783852,3.408373951235358,3.3316222720889876,3.280601974788753,3.505138068883605,3.4701156988542947,0.03502237002931041,0.03515295744819669,-0.00013058741888627434,3.4855000000000005,3.6057455820393822,3.3652544179606187
2018-03-29,3.5,3.56,3.44,3.47,28544000,3.41079065903005,3.3343624251169284,3.2824865322535417,3.4997322121322814,3.470107128568791,0.02962508356349014,0.03404738267125538,-0.004422299107765239,3.4855000000000005,3.6057455820393822,3.3652544179606187
2018-04-03,3.42,3.59,3.42,3.56,26640821,3.416642005734754,3.3388304959066923,3.28524786029082,3.5090041794965456,3.476765859785918,0.03223831971062774,0.03368557007912985,-0.0014472503685021149,3.4925000000000006,3.6129782137981366,3.3720217862018647
2018-04-04,3.55,3.59,3.46,3.46,17634961,3.418342319235352,3.3412298920273518,3.2869866875516083,3.5014650749586154,3.4755239442462202,0.025941130712395122,0.03213668220578291,-0.0061955514933877895,3.4979999999999998,3.6006839812238947,3.395316018776105
2018-04-06,3.46,3.55,3.46,3.52,10530180,3.422328894951613,3.344769894165424,3.2893052279739803,3.5043166018880587,3.4788184668946487,0.025498134993410027,0.030808972763308334,-0.005310837769898307,3.5025,3.6006580358401132,3.4043419641598867
2018-04-09,3.56,3.61,3.51,3.58,27123485,3.4285120755417458,3.349427916063138,3.2921977132677718,3.515960201597588,3.486313395272823,0.02964680632476524,0.03057653947559972,-0.0009297331508344789,3.5095,3.6087924971988756,3.4102075028011245
2018-04-10,3.59,3.68,3.55,3.67,55198860,3.4379821902263834,3.355775878121294,3.295956940001426,3.539658632121036,3.4999198104377993,0.039738821683236836,0.03240899591712714,0.007329825766109695,3.5199999999999996,3.638659175793481,3.401340824206518
2018-04-11,3.7,3.7,3.63,3.66,42326180,3.4466887710018193,3.361800118158496,3.299579259006387,3.5581726887177996,3.5117776022572214,0.046395086460578217,0.035206214025817355,0.011188872434760862,3.53,3.6599230541512475,3.400076945848752
2018-04-12,3.69,3.69,3.59,3.61,25077000,3.4530931329233168,3.3667149673038725,3.3026680225983633,3.5661461212227534,3.519053335423353,0.04709278579940035,0.037583528380533957,0.009509257418866393,3.5345000000000004,3.668883778782962,3.400116221217039
2018-04-13,3.63,3.68,3.62,3.66,36940000,3.461207127710638,3.3725225917136967,3.3062235646620617,3.580585179496176,3.5294938290956974,0.05109135040047841,0.040285092784522844,0.010806257615955564,3.54,3.6850517149157076,3.3949482850842925
2018-04-16,3.66,3.66,3.56,3.58,38328297,3.4658656717219856,3.3766310552441188,3.308947708297265,3.5804951518813795,3.5332350269404604,0.047260124940919024,0.04168009921580208,0.005580025725116941,3.5450000000000004,3.6883178286187297,3.401682171381271
2018-04-17,3.58,3.68,3.56,3.61,78219188,3.4715179983211235,3.3812522224670074,3.3119432534883373,3.585034359284244,3.538921321241167,0.04611303804307676,0.04256668698125702,0.00354635106181974,3.5490000000000004,3.6948629493736758,3.403137050626325
2018-04-18,3.69,3.75,3.63,3.69,92645625,3.4800859199555894,3.3873660398438985,3.3157050121600955,3.6011829193943603,3.5501123344825625,0.051070584911797834,0.04426746656736519,0.006803118344432646,3.557,3.714873366974886,3.399126633025114
2018-04-19,3.72,3.75,3.68,3.72,55018735,3.4894943152514486,3.3939528509360986,3.319727847859995,3.6194624702567664,3.5626966060023726,0.05676586425439378,0.04676714610477091,0.009998718149622873,3.564,3.7370202300310194,3.3909797699689808
2018-04-20,3.71,3.74,3.63,3.63,26749821,3.495004342104333,3.398627051907661,3.3228151329559155,3.621083628678802,3.5676820425947895,0.053401586084012465,0.04809403410061922,0.0053075519833932425,3.5694999999999992,3.7435660794066044,3.395433920593394
2018-04-23,3.64,3.75,3.64,3.71,38455000,3.5034355443747516,3.4047928528599845,3.3266677186976477,3.6347630704205245,3.578224113513694,0.05653895690683042,0.04978301866186146,0.006755938244968958,3.5829999999999997,3.7566778627228756,3.409322137277124
2018-04-24,3.66,3.82,3.66,3.78,63460668,3.5142812093012323,3.4122226973578065,3.3311784876658304,3.6571072134327514,3.5931704754756426,0.06393673795710875,0.05261376252091092,0.011322975436197827,3.5985,3.784002021552288,3.412997978447712
2018-04-25,3.77,3.8,3.72,3.73,21816000,3.522740769720792,3.4185153172121074,3.3351468609228867,3.6683214882892514,3.6033059958107803,0.06501549247847116,0.055094108512422975,0.009921383966048185,3.6150000000000007,3.784999999999956,3.445000000000045
2018-04-26,3.71,3.76,3.64,3.67,18117000,3.5285156414964476,3.4234952119207787,3.338478732953505,3.668579720860136,3.6082462924173893,0.060333428442746584,0.0561419724984877,0.004191455944258883,3.6209999999999996,3.789866811422448,3.4521331885775512
2018-04-27,3.68,3.71,3.6,3.65,25122668,3.533279733986783,3.42798045524908,3.34157844705347,3.6657213022662685,3.6113391596457305,0.05438214262053798,0.05579000652289776,-0.0014078639023597864,3.6255,3.792410155472891,3.4585898445271095
2018-04-30,3.74,3.94,3.73,3.82,78245000,3.5445236659873016,3.4357432185114747,3.346338860515625,3.6894564865329964,3.6267955181904914,0.06266096834250501,0.057164198886819215,0.005496769455685793,3.6390000000000002,3.822182968640603,3.4558170313593974
2018-05-02,3.81,3.9,3.77,3.79,47934000,3.55415018888976,3.4427582042835247,3.3507533992169622,3.7049247193740737,3.6388847390652694,0.06603998030880431,0.058939355171216234,0.007100625137588079,3.655,3.8321440092127967,3.477855990787203
2018-05-03,3.77,3.78,3.71,3.71,33193290,3.5602619461882012,3.4480501210303856,3.3543279922595794,3.7057055317780625,3.644152536171546,0.061552995606516614,0.059462083258276316,0.002090912348240298,3.6625,3.835575128195773,3.489424871804227
2018-05-04,3.76,3.76,3.63,3.66,24491270,3.564173242416115,3.4522471483367148,3.3573695047744097,3.6986739115045144,3.6453264223810606,0.05334748912345377,0.05823916443131181,-0.004891675307858036,3.6725000000000003,3.8186335006081182,3.5263664993918824
2018-05-07,3.69,3.76,3.66,3.73,25900833,3.570676252517444,3.457747204805295,3.3610772708960575,3.703493309734589,3.6515985392417227,0.05189477049286628,0.056970285643622706,-0.005075515150756424,3.683,3.813092274943527,3.5529077250564725
2018-05-08,3.73,3.79,3.71,3.78,24105192,3.578885026928525,3.4641284482744967,3.365245656260276,3.7152635697754217,3.6611097585571506,0.05415381121827112,0.05640699075855239,-0.002253179540281272,3.693,3.8206087771275232,3.565391222872477
2018-05-09,3.77,3.78,3.69,3.73,25913051,3.5848111043038773,3.4693932314769818,3.368875052715398,3.7175307128868953,3.666212739404769,0.05131797348212608,0.05538918730326713,-0.004071213821141055,3.696,3.824124939024305,3.5678750609756955
2018-05-10,3.75,3.75,3.68,3.73,17578000,3.5905047864880393,3.4745537615467446,3.372468335772956,3.7194490647504495,3.670937721671083,0.048511343079366664,0.05401361845848704,-0.005502275379120375,3.6994999999999996,3.827324097884482,3.5716759021155173
2018-05-11,3.78,3.81,3.73,3.78,40450485,3.597935971331646,3.4806022019121556,3.376523377208051,3.7287645932503803,3.679016408954706,0.0497481842956744,0.05316053162592451,-0.003412347330250108,3.7079999999999997,3.8334750971307905,3.582524902869209
2018-05-14,3.84,3.84,3.78,3.8,34370000,3.6058600508872676,3.4869269107851824,3.3807370749472745,3.739723886596476,3.6879781564395424,0.05174573015693351,0.05287757133212631,-0.0011318411751927993,3.715,3.844537639317617,3.5854623606823828
2018-05-15,3.76,3.87,3.75,3.83,47515000,3.6146498528132573,3.4937204373042876,3.385207352808496,3.7536125194277874,3.6984982929995764,0.055114226428210955,0.05332490235134325,0.0017893240768677085,3.7275,3.8506056456868674,3.6043943543131327
2018-05-16,3.85,3.87,3.8,3.85,27959438,3.6238792703499922,3.5007754781497473,3.389832155268113,3.768441362592743,3.7097206416662747,0.058720720926468406,0.05440406606636828,0.004316654860100126,3.7394999999999996,3.8612333150784117,3.6177666849215875
2018-05-17,3.88,3.88,3.8,3.83,25344000,3.6319624362186205,3.5072947756121287,3.3942119348176845,3.7779119221938595,3.7186302237650692,0.059281698428790275,0.05537959253885268,0.003902105889937592,3.7465,3.8720826421125936,3.6209173578874068
2018-05-18,3.85,3.92,3.84,3.91,53046266,3.6428658700924004,3.5152691364910966,3.3993441543717378,3.798233164933266,3.7328057627454343,0.06542740218783161,0.05738915446864847,0.008038247719183135,3.7560000000000002,3.8995827287663087,3.6124172712336917
2018-05-21,3.93,3.96,3.9,3.92,32481000,3.6537338751868162,3.5232836090358273,3.4045248095521186,3.816966524174302,3.7466720025420686,0.07029452163223349,0.05997022790136548,0.010324293730868003,3.7705000000000006,3.9187531618549123,3.622246838145089
2018-05-23,3.79,3.94,3.79,3.92,35249528,3.6641756840030197,3.5311393791539296,3.4096539159247343,3.8328178281474865,3.759511113464878,0.0733067146826083,0.06263752525761404,0.010669189424994258,3.781,3.939984275951989,3.622015724048011
2018-05-24,3.87,3.96,3.87,3.92,30989000,3.6742080101205485,3.538839589467713,3.414731986413045,3.84623046997095,3.7713991791341464,0.07483129083680362,0.06507627837345195,0.00975501246335167,3.7879999999999994,3.9581293625450282,3.6178706374549705
2018-05-25,3.92,3.97,3.87,3.9,31427321,3.6830625979589584,3.5459912807653824,3.419560523861672,3.8545027053600345,3.78092516586495,0.07357753949508439,0.06677653059777844,0.006801008897305949,3.7964999999999995,3.9711167231395015,3.6218832768604976
2018-05-28,3.97,3.97,3.82,3.83,20238000,3.6888248490193916,3.5516152157997314,3.423644498748621,3.850733058381568,3.7845603387638427,0.0661727196177253,0.06665576840176782,-0.0004830487840425113,3.8045,3.9696029981556276,3.6393970018443724
2018-05-29,3.79,3.8,3.7,3.7,26401000,3.6892630902343173,3.5545535283581526,3.426394304731222,3.8275433570920963,3.778296609966521,0.04924674712557531,0.06317396414652932,-0.013927217020954008,3.807,3.96398407562545,3.65001592437455
2018-05-30,3.66,3.75,3.61,3.74,57148411,3.6912527729702265,3.558225735717397,3.4295147594105138,3.8140751483086968,3.775459824043075,0.038615324265621975,0.058262236170347856,-0.01964691190472588,3.8029999999999995,3.962511755052651,3.643488244947348
2018-05-31,3.79,3.82,3.68,3.7,231493570,3.691595801481198,3.56103314689131,3.4322061548392653,3.7965251254919745,3.7698702074472914,0.026654918044683118,0.05194077254521491,-0.025285854500531793,3.7984999999999998,3.9641834330884573,3.632816566911542
2018-06-01,3.68,3.76,3.63,3.66,41360793,3.6903567504427195,3.5629928865568283,3.4344727602637506,3.7755212600316708,3.7617316735623065,0.013789586469364234,0.04431053533004478,-0.030520948860680547,3.7959999999999994,3.9683252738282384,3.6236747261717603
2018-06-04,3.75,3.83,3.71,3.83,25049000,3.695832956307711,3.5682801561299606,3.4384083546889874,3.783902604642183,3.7667885866317654,0.017114018010417453,0.038871231866119314,-0.02175721385570186,3.8045,3.9655558909198207,3.6434441090801792
2018-06-05,3.81,3.91,3.81,3.89,35330282,3.703447350177997,3.574650846107585,3.442901803896062,3.8002252808510777,3.775915357992375,0.024309922858702482,0.03595897006463595,-0.011649047205933467,3.8125,3.9738536488585767,3.6511463511414233
2018-06-06,3.92,3.97,3.91,3.92,43960946,3.7119396109553304,3.5814894432143656,3.4476490496284398,3.8186521607201427,3.7865882944373843,0.03206386628275837,0.03517994930826043,-0.0031160830255020644,3.8195,3.986649633562197,3.6523503664378034
2018-06-07,3.96,3.97,3.92,3.94,34921000,3.7208831556237487,3.588588662160616,3.452548064059998,3.8373210590708897,3.7979521244790595,0.03936893459183022,0.03601774636497439,0.0033511882268558307,3.8300000000000005,3.9997056274847016,3.6602943725152994
2018-06-08,3.94,3.94,3.79,3.81,27769180,3.724377933834582,3.5929730450881285,3.4561047997409933,3.8331178192138298,3.798844559702833,0.03427325951099691,0.035668848994178895,-0.0013955894831819832,3.8339999999999996,3.9977559159235962,3.670244084076403
2018-06-11,3.78,3.78,3.71,3.73,27640102,3.72459840701754,3.5956864501358883,3.458830125116705,3.8172535393347786,3.7937449626878084,0.02350857664697026,0.03323679452473717,-0.009728217877766912,3.8314999999999997,3.9999369318171523,3.663063068182847
2018-06-12,3.78,3.8,3.73,3.79,25787196,3.7271631753697934,3.599534243202504,3.4621253477523597,3.813060687129428,3.7934675580442674,0.019593129085160754,0.03050806143682189,-0.010914932351661136,3.8310000000000004,3.999866811422423,3.662133188577578
2018-06-13,3.78,3.84,3.73,3.76,15565860,3.7284508939827425,3.6027117829410686,3.465089274640396,3.8048975044941313,3.790988479670618,0.013909024823513416,0.027188254114160197,-0.013279229290646781,3.8274999999999997,3.999182847133824,3.655817152866175
2018-06-14,3.8,3.81,3.73,3.79,25140000,3.7308645844147916,3.606420460506592,3.468322217181288,3.8026055807258032,3.790915258954276,0.011690321771527401,0.02408866764563364,-0.01239834587410624,3.8245000000000005,3.996601714111093,3.652398285888908
2018-06-15,3.78,3.79,3.74,3.79,36510985,3.733183620320094,3.610055698912402,3.471522991139684,3.800666260614141,3.7908474619946997,0.009818798619441349,0.021234693840395186,-0.011415895220953837,3.8224999999999993,3.9952281100457485,3.64977188995425
2018-06-19,3.93,3.93,3.65,3.68,49084032,3.7310979881506787,3.6114407345775033,3.4735973892377965,3.7821022205196577,3.7826365388839815,-0.000534318364323827,0.016880891399451384,-0.01741520976377521,3.811,3.9894264554374623,3.6325735445625376
2018-06-20,3.71,3.78,3.7,3.76,46463540,3.732231400380064,3.614382502209632,3.476447166459311,3.7787018789012485,3.780959758225909,-0.0022578793246603723,0.013053137254629033,-0.015311016579289405,3.803,3.9754064963972557,3.630593503602744
2018-06-21,3.73,3.84,3.73,3.77,33274508,3.733712521933787,3.6174640368193423,3.479368090176134,3.7773631283010567,3.780147924283249,-0.0027847959821922785,0.009885550607264771,-0.01267034658945705,3.7954999999999997,3.9597528538564157,3.6312471461435836
2018-06-22,3.82,3.82,3.68,3.68,51857137,3.731606148524619,3.61870237272391,3.481364427587317,3.7623841854855096,3.772729559521527,-0.010345374036017319,0.005839365678608353,-0.01618473971462567,3.7835,3.944655204694039,3.622344795305961
2018-06-25,3.64,3.76,3.63,3.68,35433555,3.7295823779942423,3.6199161871254164,3.483340900944657,3.7497096954108162,3.7658607032606732,-0.016151007849857013,0.0014412909729152792,-0.017592298822772294,3.7725,3.93034486054344,3.61465513945656
2018-06-26,3.69,3.73,3.62,3.65,54090000,3.726461500425841,3.62051190619224,3.4849992004377452,3.7343697422706903,3.7572784289450682,-0.022908686674377954,-0.0034287045565433672,-0.019479982117834586,3.7635000000000005,3.927606672624785,3.599393327375216
2018-06-27,3.66,3.66,3.5,3.53,38874926,3.7187571278601217,3.6187195912181362,3.4854469695876187,3.702928243459815,3.7404429897639524,-0.037514746304137425,-0.01024591290606218,-0.027268833398075246,3.755,3.946676811325675,3.5633231886743246
2018-06-28,3.52,3.61,3.48,3.52,42644250,3.7109627306891366,3.6167647478276783,3.485790780835503,3.674785436773689,3.7241138794110666,-0.049328442637377456,-0.018062418852325235,-0.03126602378505222,3.7440000000000007,3.9613844520658716,3.5266155479341297
2018-06-29,3.52,3.61,3.49,3.6,37073000,3.7066112510542686,3.61643277262317,3.4869271909764437,3.6632799849623527,3.7149202587139505,-0.05164027375159774,-0.02477798983217974,-0.026862283919418004,3.739,3.9646457400439434,3.5133542599560563
2018-07-03,3.57,3.65,3.49,3.64,37476758,3.7039990451305718,3.6168994503930083,3.4884503035040413,3.6596984488142983,3.7093706099203243,-0.049672161106026014,-0.029756824086948994,-0.01991533701907702,3.7380000000000004,3.965209154745092,3.510790845254909
2018-07-04,3.6,3.66,3.54,3.58,13580688,3.699136337478393,3.6161687682070083,3.4893612457577325,3.6474371489967137,3.699787601778078,-0.05235045278136452,-0.0342755498258321,-0.01807490295553242,3.7254999999999994,3.95852145823932,3.4924785417606787
2018-07-05,3.62,3.65,3.43,3.59,24042864,3.694856481106691,3.6156505747771663,3.490362626396959,3.638600664535681,3.6916551868315537,-0.05305452229587271,-0.038031344319840225,-0.015023177976032483,3.7105000000000006,3.9377861632391644,3.4832138367608367
2018-07-06,3.63,3.65,3.54,3.57,29367356,3.689960148514272,3.614746602999401,3.4911550380746013,3.628046716145576,3.6826436915106977,-0.05459697536512165,-0.04134447052889651,-0.013252504836225136,3.693,3.9065509306933133,3.479449069306687
2018-07-09,3.63,3.68,3.59,3.6,17671000,3.686432299552928,3.6144545910588186,3.49223807252162,3.623731836738564,3.6765219365839794,-0.052790099845415384,-0.04363359639220029,-0.009156503453215094,3.6759999999999997,3.8603257985198507,3.4916742014801487
2018-07-10,3.67,3.73,3.65,3.71,24122000,3.687356523099872,3.6163465793546834,3.4944048578696636,3.637003861855708,3.679001793133314,-0.04199793127760598,-0.04330646336928143,0.0013085320916754462,3.6710000000000003,3.8456882938264063,3.496311706173594
2018-07-11,3.58,3.63,3.56,3.6,23326450,3.6839307770959557,3.616022884713997,3.4954555558013087,3.631310960031753,3.673149808456772,-0.04183884842501939,-0.04301294038042902,0.0011740919554096285,3.6645000000000003,3.839597115909946,3.4894028840900546
2018-07-12,3.59,3.65,3.57,3.62,17170977,3.6814236877980755,3.6161016394721357,3.496694804002291,3.6295708123345602,3.6692127856081225,-0.039641973273562225,-0.042338746959055665,0.0026967736854934393,3.6559999999999997,3.8221806246226713,3.489819375377328
2018-07-13,3.67,3.71,3.63,3.65,19275403,3.6801913863157982,3.6167728941360537,3.4982202288380893,3.632713764283089,3.667789616303817,-0.035075852020727716,-0.04088616797139008,0.005810315950662365,3.6505,3.8096822854465326,3.4913177145534675
2018-07-16,3.66,3.71,3.58,3.69,18940000,3.6805760378328256,3.61822293583633,3.5001284852675614,3.64152703131646,3.6694348299109416,-0.02790779859448156,-0.038290494096008376,0.010382695501526817,3.6454999999999997,3.7926699697627932,3.4983300302372062
2018-07-17,3.72,3.72,3.62,3.66,30166000,3.679769134388401,3.6190502044336306,3.501719246608183,3.644369026498543,3.6687359536212423,-0.024366927122699167,-0.03550578070134654,0.01113885357864737,3.6390000000000002,3.7707421724429264,3.507257827557074
2018-07-18,3.72,3.76,3.66,3.67,15577942,3.6793860310790523,3.620059111276529,3.5033936819653153,3.648312253191075,3.6688295866863356,-0.020517333495260637,-0.03250809126012936,0.011990757764868722,3.6384999999999996,3.769690700889894,3.5073092991101054
2018-07-19,3.67,3.73,3.56,3.57,19477200,3.6750963828014425,3.6190678417463005,3.5040564313984963,3.6362642142386017,3.661508876561422,-0.02524466232282041,-0.031055405472667573,0.005810743149847163,3.629,3.750803119828607,3.507196880171393
2018-07-20,3.6,3.71,3.54,3.65,38846395,3.674112210926876,3.619680359731522,3.505508606210452,3.6383774120480474,3.660656367186502,-0.02227895513845457,-0.029300115405824972,0.007021160267370402,3.6229999999999998,3.726942291681404,3.5190577083185954
2018-07-23,3.72,3.72,3.6,3.66,33680090,3.673558790890528,3.62047876844971,3.5070458340093533,3.6417039640406554,3.6606077473949092,-0.0189037833542538,-0.02722084899551074,0.008317065641256938,3.6220000000000008,3.7240979921447153,3.5199020078552863
2018-07-24,3.6,3.73,3.6,3.71,54070000,3.674987857914429,3.622251466104171,3.5090652784470713,3.652211046495939,3.664266432773064,-0.012055386277125102,-0.02418775645183361,0.012132370174708508,3.6235,3.729759117255801,3.5172408827441988
2018-07-25,3.72,3.89,3.72,3.79,24292000,3.679498137996216,3.625573219250623,3.5118606488107824,3.673409347035025,3.6735800303454296,-0.0001706833104044847,-0.01938434182354779,0.019213658513143304,3.6305,3.758948433232881,3.5020515667671193
2018-07-26,3.84,3.84,3.74,3.79,16955473,3.6838315443493053,3.6288291951070466,3.514628204544009,3.6913463705680982,3.682203731801324,0.009142638766774347,-0.013678945705483362,0.02282158447225771,3.6435000000000004,3.7809445342673964,3.5060554657326044
2018-07-27,3.79,3.81,3.75,3.79,7914000,3.687995013198352,3.6320206961940356,3.517368222409243,3.70652385201916,3.690188640556781,0.01633521146237893,-0.007676114271910905,0.024011325734289834,3.657,3.7962982411948585,3.5177017588051416
2018-07-30,3.76,3.83,3.71,3.78,11762000,3.691603051896456,3.634950979437718,3.519981473927559,3.717827874785443,3.6968413338488713,0.020986540936571707,-0.0019435832302143827,0.022930124166786088,3.6660000000000004,3.812478667388739,3.5195213326112618
2018-07-31,3.74,3.87,3.74,3.84,27131473,3.6974225400573792,3.6390113560825155,3.5231657378685783,3.736623586356913,3.7074456794896955,0.02917790686721755,0.004280714789272004,0.024897192077945548,3.6759999999999997,3.8402437213411225,3.511756278658877
2018-08-01,3.81,3.84,3.75,3.77,28554000,3.70026871495709,3.641605190615535,3.5256218001783437,3.7417584192250803,3.712079332860829,0.02967908636425154,0.00936038910426791,0.02031869725998363,3.6855,3.848407949468343,3.5225920505316575
2018-08-02,3.76,3.8,3.62,3.66,41870270,3.698689549664655,3.6419694442667128,3.526958896693982,3.72918020088276,3.7082216045007677,0.02095859638199249,0.011680030559812826,0.009278565822179664,3.689,3.846467456955334,3.531532543044666
2018-08-03,3.64,3.68,3.63,3.67,18497000,3.6975644692856493,3.642524504776283,3.528382191254241,3.720075554593105,3.705390374537748,0.014685180055356906,0.012281060458921644,0.002404119596435262,3.6940000000000004,3.8421080686525215,3.5458919313474793
2018-08-06,3.62,3.69,3.62,3.65,18481129,3.6956991959803296,3.642672534384673,3.529592318704448,3.70929470004032,3.7012873838312483,0.008007316209071469,0.01142631160895161,-0.0034189953998801405,3.6964999999999995,3.83978642643314,3.553213573566859
2018-08-07,3.65,3.77,3.61,3.72,21373215,3.6966521686869833,3.644203771327551,3.5314869224984333,3.7109416692648862,3.702673503547452,0.008268165717434162,0.010794682430648121,-0.0025265167132139596,3.697,3.8405409349279145,3.5534590650720856
2018-08-08,3.68,3.75,3.66,3.71,14084063,3.6971756130521998,3.645506666944827,3.533263172025812,3.710796797070288,3.7032162069883814,0.007580590081906813,0.01015186396089986,-0.0025712738789930474,3.7024999999999997,3.8390100728883385,3.565989927111661
2018-08-09,3.71,3.78,3.68,3.74,7923731,3.6988550007756427,3.6473778220548305,3.5353202548912273,3.715289597521013,3.7059409323966492,0.00934866512436372,0.009991224193592633,-0.0006425590692289134,3.7085,3.840450748387341,3.5765492516126587
2018-08-10,3.7,3.79,3.7,3.77,10492000,3.7016450007452253,3.6498059839943386,3.5376553767331056,3.72370658251778,3.7106860485154156,0.013020534002364581,0.010597086155347022,0.002423447847017559,3.7144999999999997,3.8461776366737315,3.582822363326268
2018-08-13,3.72,3.75,3.62,3.65,27351899,3.699619706598354,3.649809825895441,3.538773233681035,3.7123671082842753,3.7061907856624217,0.006176322621853636,0.009712933448648346,-0.00353661082679471,3.7125,3.8467944526031483,3.5782055473968515
2018-08-14,3.65,3.68,3.58,3.67,29753043,3.69845814947685,3.650209631323254,3.5400789726493826,3.705849091625156,3.7035099867244647,0.0023391049006913356,0.008238167739056943,-0.005899062838365608,3.713,3.846581435835895,3.579418564164105
2018-08-15,3.64,3.64,3.54,3.56,22549567,3.693028418124817,3.64842330199012,3.5402771918270006,3.6834107698366707,3.6928796173374674,-0.009468847500796684,0.004696764691086219,-0.014165612191882903,3.7075000000000005,3.8559419078292234,3.5590580921707775
2018-08-16,3.5,3.57,3.47,3.5,31445704,3.685458676237569,3.645484226703187,3.5398764237491203,3.6551937283233364,3.678592238275433,-0.023398509952096358,-0.0009222902375502964,-0.02247621971454606,3.7039999999999997,3.867755915923607,3.5402440840763925
2018-08-17,3.53,3.56,3.46,3.49,20581000,3.677793630110606,3.6424053311249063,3.539380140925746,3.6297793085812846,3.6646224428476226,-0.034843134266338005,-0.007706459043307838,-0.027136675223030166,3.696,3.883445992221706,3.508554007778294
2018-08-20,3.49,3.5,3.34,3.41,54197000,3.6672919191258764,3.6378032453600566,3.5380927763394205,3.595967107261087,3.6457615211552064,-0.049794413894119316,-0.016124050013470136,-0.03367036388064918,3.6834999999999996,3.9084688867376554,3.4585311132623437
2018-08-21,3.35,3.41,3.35,3.38,29273000,3.6560255693562342,3.6326982306004516,3.5365197138882825,3.562741398451689,3.6260754825511166,-0.06333408409942765,-0.02556605683066164,-0.037768027268766005,3.6670000000000003,3.927392012166236,3.4066079878337647
2018-08-22,3.38,3.44,3.33,3.41,28781000,3.646377507812853,3.6282883646479673,3.535260811262529,3.5392427217668136,3.610069891251034,-0.07082716948422041,-0.0346182793613734,-0.03620889012284701,3.6479999999999997,3.9246658634526157,3.3713341365473837
2018-08-23,3.38,3.42,3.32,3.34,36118571,3.6343627035848978,3.6225796841598887,3.5333179176181257,3.5085899953411497,3.5900647141213278,-0.08147471878017809,-0.04398956724513434,-0.037485151535043754,3.6255,3.9245969742407674,3.326403025759233
2018-08-24,3.3,3.34,3.28,3.31,28343399,3.621642597561961,3.6163899874438514,3.5310958487861046,3.478037688365588,3.5693191797419703,-0.0912814913763822,-0.053447952071383906,-0.03783353930499829,3.6015,3.920327539588385,3.2826724604116153
2018-08-27,3.36,3.43,3.35,3.4,28630000,3.6129507309909035,3.6121050371974386,3.529791412479775,3.4660318901554974,3.556777018279602,-0.09074512812410473,-0.06090738728192807,-0.029837740842176663,3.5824999999999996,3.9018039304486924,3.2631960695513067
2018-08-28,3.43,3.47,3.4,3.47,21554481,3.6073448199716527,3.609291076064816,3.5291964730521155,3.4666423685931136,3.5503490909996316,-0.083706722406518,-0.06546725430684605,-0.018239468099671946,3.564,3.8637599039230968,3.2642400960769034
2018-08-29,3.43,3.43,3.33,3.37,44501000,3.5980371799727644,3.6045526389150178,3.5276124285441344,3.4517743118864805,3.536989899073733,-0.08521558718725242,-0.06941692088292734,-0.015798666304325082,3.5439999999999996,3.839458965001884,3.248541034998115
2018-08-30,3.38,3.41,3.32,3.37,31178442,3.589094545464029,3.5999080322038295,3.526044145673049,3.4391936485193293,3.524620276920123,-0.08542662840079362,-0.07261886238650059,-0.012807766014293037,3.5295,3.829198181509307,3.229801818490693
2018-08-31,3.32,3.38,3.31,3.37,19318129,3.5805026025046556,3.5953553979027637,3.5244914676066506,3.4285484718240475,3.5131669230741878,-0.08461845125014023,-0.07501878015922853,-0.009599671090911699,3.5144999999999995,3.814598317222849,3.21440168277715
2018-09-03,3.34,3.43,3.34,3.41,26085516,3.573816225935846,3.5916849939838973,3.5233522490235,3.425694860774194,3.505524928772396,-0.07983006799820203,-0.07598103772702323,-0.003849030271178791,3.5025000000000004,3.799139511865811,3.20586048813419
2018-09-04,3.4,3.46,3.39,3.45,12945000,3.568960687663852,3.588879350538672,3.522622375898888,3.4294341129627797,3.501411971085552,-0.07197785812277235,-0.07518040180617307,0.003202543683400713,3.489,3.7689214175442576,3.209078582455742
2018-09-05,3.41,3.44,3.33,3.35,17677239,3.560373994029976,3.584149066369589,3.5209047403178046,3.417213480199275,3.490196269523659,-0.07298278932438418,-0.0747408793098153,0.001758089985431116,3.471,3.737750820054948,3.204249179945052
2018-09-06,3.35,3.44,3.35,3.42,27277614,3.5548691315189966,3.580898589807815,3.519900713050961,3.4176421755532322,3.48499654585524,-0.06735437030200764,-0.07326357750825377,0.005909207206246131,3.4550000000000005,3.6920232056149525,3.2179767943850486
2018-09-07,3.41,3.48,3.41,3.45,53505411,3.5507566165574675,3.578306538524492,3.5192051835678675,3.4226203023911963,3.4824042091252223,-0.059783906734026004,-0.07056764335340822,0.010783736619382214,3.439,3.6269255171603585,3.2510744828396416
2018-09-10,3.4,3.41,3.32,3.39,26008829,3.544452435515998,3.5745776961774722,3.517919559850774,3.4176017943310124,3.4755594528937244,-0.057957658562711956,-0.06804564639526897,0.010087987832557016,3.4259999999999997,3.5879135571840375,3.264086442815962
2018-09-11,3.41,3.44,3.35,3.41,26456040,3.5391797909859593,3.57131873189673,3.5168457333845975,3.416432287510857,3.470703197123819,-0.054270909612962104,-0.0652906990388076,0.0110197894258455,3.4130000000000003,3.5299786305270713,3.2960213694729292
2018-09-12,3.36,3.38,3.33,3.35,27052442,3.5317609756531767,3.5669361827502604,3.515185576833507,3.4062119355861094,3.4617622195590916,-0.05555028397298223,-0.06334261602564253,0.007792332052660306,3.4025,3.5010646995632277,3.303935300436772
2018-09-13,3.39,3.44,3.37,3.41,31989188,3.5269860354314835,3.5638285355670867,3.5141389541784473,3.406794714726708,3.457927981073233,-0.05113326634652493,-0.06090074608981902,0.009767479743294089,3.3979999999999997,3.48599999999994,3.3100000000000596
2018-09-14,3.43,3.45,3.38,3.41,27890422,3.522398347767504,3.560782425951897,3.5131027456791597,3.407287835537984,3.454377760252994,-0.047089924715010056,-0.05813858181485723,0.011048657099847176,3.3940000000000006,3.4715628777185947,3.3164371222814064
2018-09-17,3.41,3.41,3.33,3.36,18930000,3.516029785109955,3.5568065363290873,3.511579335274392,3.4000127839167558,3.447386815049068,-0.04737403113231231,-0.05598567167834825,0.008611640546035942,3.3915000000000006,3.4700557127139064,3.312944287286095
2018-09-18,3.36,3.44,3.33,3.43,15387543,3.5126560680468195,3.5542955158077194,3.510767600595045,3.4046262017757165,3.4460989028232114,-0.0414727010474949,-0.05308307755217759,0.01161037650468269,3.3939999999999997,3.474099937577938,3.3139000624220616
2018-09-19,3.41,3.51,3.41,3.49,20621790,3.5117675947900815,3.5530223372768734,3.5105609578030545,3.41776063227176,3.449350835947418,-0.03159020367565768,-0.04878450277687361,0.017194299101215928,3.3980000000000006,3.4882441133813704,3.3077558866186307
2018-09-20,3.49,3.54,3.49,3.54,13103000,3.5128747479355686,3.552764469211985,3.5108538835960594,3.4365666888453354,3.456065588840202,-0.019498899994866647,-0.04292738222047222,0.02342848222560557,3.408,3.5133755189785045,3.3026244810214953
2018-09-21,3.53,3.62,3.53,3.62,27726528,3.5170757382126054,3.5540958658612527,3.5119399146050543,3.4647871982537457,3.4682088785557426,-0.0034216803019968545,-0.03502624183677715,0.03160456153478029,3.4234999999999998,3.5546907008899207,3.292309299110079
2018-09-24,3.63,3.63,3.49,3.52,14483000,3.5171904151454445,3.553420700200634,3.5120201144597303,3.473281475445477,3.472045257921984,0.0012362175234930106,-0.027773749964723114,0.029009967488216125,3.4295,3.566682360382042,3.292317639617958
2018-09-26,3.54,3.6,3.51,3.54,31780020,3.5180849086691524,3.5531549437610175,3.5122985212810267,3.4835458638384806,3.4770789425203557,0.006466921318124985,-0.020925615708153496,0.02739253702627848,3.4330000000000007,3.5775129751959613,3.28848702480404
2018-09-27,3.55,3.56,3.47,3.49,10180012,3.5169835397017346,3.5519043508152546,3.512076645447385,3.4845388078633297,3.478036057889218,0.006502749974111488,-0.0154399425717005,0.021942692545811986,3.439,3.582513065607241,3.295486934392759
2018-09-28,3.52,3.62,3.51,3.6,30625715,3.520239087164412,3.5528567399080218,3.5129515046966646,3.502302068192048,3.4870704239714985,0.015231644220549345,-0.00930562521325053,0.024537269433799875,3.4504999999999995,3.6063813651466643,3.2946186348533346
2018-10-02,3.57,3.58,3.51,3.52,17174481,3.5202297111971803,3.5522061113949914,3.51302163897829,3.5050248269317326,3.489509651825461,0.015515175106271428,-0.004341465149346139,0.019856640255617567,3.4580000000000006,3.612090882274026,3.303909117725975
2018-10-03,3.56,3.57,3.52,3.54,15293102,3.5210050166404283,3.551964406218853,3.5132900803814913,3.5104056227883893,3.4932496776161677,0.01715594517222163,-4.1983085032584484e-05,0.017197928257254216,3.4644999999999997,3.6208937338897798,3.3081062661102196
2018-10-04,3.56,3.56,3.41,3.41,10875000,3.5166518787329606,3.5491532298580837,3.512262318387646,3.4949586038978677,3.487083034829785,0.007875569068082733,0.0015415273455904792,0.006334041722492254,3.462500000000001,3.620598070829431,3.3044019291705706
2018-10-05,3.46,3.47,3.42,3.44,10383000,3.513645922704217,3.546991779761884,3.5115432903439876,3.486503434067427,3.483595402620171,0.002908031447255599,0.0018148281659235033,0.0010932032813320957,3.467,3.6169466571817703,3.31705334281823
2018-10-08,3.47,3.53,3.38,3.44,14399000,3.5107578473040517,3.5448731306576886,3.5108314168082266,3.479349059595515,3.4803661135371957,-0.0010170539416805013,0.0012484517444027025,-0.002265505686083204,3.468,3.6169429420952444,3.3190570579047556
2018-10-09,3.46,3.53,3.46,3.48,10559735,3.509551657213697,3.5435885142090213,3.5105246365414784,3.479449204273128,3.4803389940159217,-0.0008897897427937451,0.000820803446963413,-0.0017105931897571582,3.4695,3.618291800849332,3.320708199150668
2018-10-10,3.5,3.56,3.46,3.52,6378000,3.5099613961464935,3.5431214149177537,3.5106189187649464,3.4856877882311084,3.483276846311039,0.0024109419200692983,0.0011388311415845903,0.001272110778484708,3.4760000000000004,3.621657131648221,3.3303428683517797
2018-10-11,3.61,3.61,3.35,3.41,32104110,3.5060413413956506,3.54048534729562,3.5096177354936535,3.4740435131186302,3.477848931769481,-0.0038054186508507115,0.00014998118309752996,-0.003955399833948241,3.476,3.6216571316482207,3.3303428683517793
2018-10-12,3.52,3.52,3.44,3.45,23602688,3.5038436417330763,3.5386935582402614,3.5090245241952096,3.4703445111003792,3.4757860479347045,-0.005441536834325245,-0.000968322420387025,-0.004473214413938219,3.4810000000000003,3.6154470155860183,3.3465529844139823
2018-10-15,3.38,3.45,3.33,3.37,37625485,3.4985948714690345,3.535353091740454,3.5076411955962525,3.4549068940080137,3.4679500443839855,-0.013043150375971813,-0.0033832880115039826,-0.00965986236446783,3.4790000000000005,3.6186996778807567,3.3393003221192443
2018-10-16,3.38,3.38,3.32,3.36,17920239,3.493159778470249,3.531880753290148,3.5061721289734042,3.4403058333913963,3.459953744799986,-0.019647911408589902,-0.0066362126909211665,-0.013011698717668736,3.4765,3.622688234820683,3.3303117651793173
2018-10-18,3.39,3.42,3.32,3.37,23331340,3.488329983236122,3.528675193819056,3.5048171824164553,3.429489551331182,3.4532905044444315,-0.0238009531132497,-0.010069160775386873,-0.013731792337862828,3.4769999999999994,3.6216513048679024,3.3323486951320964
2018-10-19,3.33,3.41,3.33,3.37,17848778,3.4836895917366664,3.525533110773134,3.5034757179147995,3.420337312664846,3.4471208374485474,-0.026783524783701385,-0.013412033577049776,-0.013371491206651608,3.474,3.6247846145997236,3.323215385400277
2018-10-22,3.38,3.46,3.38,3.42,15937477,3.48119196068817,3.523443346203369,3.5026451137564436,3.4202854184087155,3.445111886526433,-0.024826468117717493,-0.015694920485183318,-0.009131547632534175,3.4705,3.6228778199082377,3.318122180091762
2018-10-23,3.37,3.4,3.33,3.35,22556540,3.476047177916085,3.5200088244963714,3.5011262569031456,3.409472277115067,3.438066561598549,-0.028594284483482113,-0.018274793284843077,-0.010319491198639036,3.461,3.618467456955358,3.303532543044642
2018-10-24,3.37,3.49,3.37,3.41,23056622,3.473457092507611,3.517830431932087,3.5002195279787363,3.4095534652512107,3.435987557035694,-0.026434091784483194,-0.019906652984771102,-0.006527438799712092,3.4505000000000003,3.591279970166171,3.3097200298338296
2018-10-25,3.34,3.42,3.33,3.41,15876528,3.47096857907594,3.515695175854224,3.4993218212326793,3.4096221629048706,3.4340625528108277,-0.024440389905957094,-0.0208134003690083,-0.003626989536948795,3.4450000000000003,3.5830579588433356,3.306942041156665
2018-10-26,3.46,3.46,3.35,3.39,12399032,3.4677933406808052,3.513206162470972,3.4982340419169313,3.4066033686118136,3.430798660010026,-0.024195291398212415,-0.021489778574849124,-0.002705512823363291,3.4375,3.5702968373116932,3.3047031626883068
2018-10-29,3.43,3.44,3.36,3.41,30527137,3.465526935163911,3.511162476085408,3.4973560912510915,3.4071259272869194,3.429258018527802,-0.022132091240882446,-0.02161824110805579,-0.0005138501328266556,3.4335,3.5645381623802335,3.3024618376197665
2018-10-30,3.55,3.55,3.32,3.33,41857567,3.460212153392777,3.5075751003213407,3.495690856512275,3.395260400012009,3.4219055727109278,-0.026645172698918973,-0.022623627426228428,-0.004021545272690545,3.4200000000000004,3.5341928193889127,3.305807180611088
2018-10-31,3.35,3.45,3.33,3.41,34033461,3.4582430493381584,3.5056429201169577,3.4948382111738447,3.3975280307793922,3.421023678436044,-0.023495647656651908,-0.022798031472313126,-0.000697616184338782,3.4144999999999994,3.5190896744425033,3.3099103255574955
2018-11-01,3.43,3.46,3.41,3.43,24159540,3.4571354787758777,3.5041450405106813,3.4941930548437568,3.4025237183517936,3.4216885911444854,-0.019164872792691856,-0.022071399736388872,0.002906526943697016,3.4090000000000003,3.4968407650239293,3.3211592349760712
2018-11-02,3.43,3.63,3.43,3.57,41752950,3.461561538431726,3.50544909911443,3.494947352805511,3.428289300143825,3.432674621430079,-0.004385321286254129,-0.018534184046361923,0.014148862760107794,3.4169999999999994,3.5294455423749147,3.304554457625084
2018-11-05,3.48,3.57,3.48,3.54,9654906,3.4646375565324425,3.50613327536959,3.4953956378522224,3.4454755616601593,3.4406246494722956,0.00485091218786371,-0.013857164799516798,0.018708076987380508,3.4219999999999997,3.5463543324536326,3.297645667546367
2018-11-06,3.49,3.6,3.49,3.57,16701903,3.468769417060582,3.5073979629860337,3.496137969813892,3.4646331675585964,3.450208008770644,0.014425158787952252,-0.008200700082022989,0.022625858869975243,3.4284999999999997,3.568539280203764,3.288460719796235
2018-11-07,3.57,3.64,3.56,3.62,21595516,3.4747000281562457,3.509627706293241,3.497370427825694,3.4885357571649664,3.4627851933061518,0.02575056385881469,-0.0014104472938554534,0.027161011152670143,3.4354999999999998,3.5974228211216324,3.273577178878367
2018-11-08,3.67,3.67,3.56,3.59,21202110,3.47922159567953,3.5112192368616917,3.4982921151110107,3.5041456406780487,3.472208512320511,0.03193712835753759,0.005259067836423156,0.026678060521114436,3.439,3.6108022118599994,3.2671977881400007
2018-11-09,3.53,3.56,3.49,3.49,20347020,3.4796442782019015,3.5107990539535394,3.4982096065029413,3.5019693882660414,3.473526400296769,0.02844298796927225,0.009895851862992975,0.018547136106279276,3.443,3.6156383503164577,3.2703616496835424
2018-11-12,3.49,3.53,3.48,3.49,11196008,3.480050384939082,3.5103871914990137,3.4981279188760466,3.5001279439174198,3.474746666941453,0.025381276975966927,0.012992936885587766,0.01238834009037916,3.4450000000000003,3.6188390059796363,3.2711609940203643
2018-11-13,3.46,3.46,3.38,3.38,36477196,3.4761268404316668,3.507805266914875,3.4969525166981756,3.4816467217762783,3.4677283953161604,0.013918326460117925,0.0131780148004938,0.0007403116596241249,3.4455,3.618528899320281,3.272471100679719
2018-11-14,3.39,3.41,3.33,3.33,32605032,3.470396376101013,3.504284370540323,3.495291297626552,3.45831645688762,3.457526291959408,0.0007901649282122669,0.010700444826037494,-0.009910279897825227,3.444,3.620453960000868,3.267546039999132
2018-11-15,3.35,3.41,3.3,3.41,16497262,3.4680278907637185,3.502417353301901,3.4944426279984278,3.450883155827986,3.454005825888341,-0.0031226700603546043,0.007935821848759074,-0.011058491909113679,3.446,3.6199425192412367,3.2720574807587637
2018-11-16,3.43,3.43,3.36,3.38,15298032,3.464575816616122,3.4999932472959228,3.4933038953815285,3.4399780549313728,3.4485239128595753,-0.008545857928202505,0.004639485893366759,-0.013185343821569263,3.4465000000000003,3.6196213447267205,3.27337865527328
2018-11-19,3.41,3.41,3.32,3.34,18231481,3.459690490474313,3.496825064181152,3.4917784834871854,3.424596815711162,3.4404851044996065,-0.015888288788444616,0.0005339309570044836,-0.0164222197454491,3.4425,3.6214832394387475,3.2635167605612523
2018-11-20,3.32,3.35,3.3,3.32,14764477,3.45421243202434,3.493323577761723,3.490069244845522,3.4085049979094446,3.4315602819440802,-0.023055284034635637,-0.004183912041323541,-0.018871371993312097,3.4410000000000003,3.6235267103740934,3.258473289625907
2018-11-21,3.33,3.36,3.3,3.36,15440008,3.450517826846915,3.4906835069149564,3.4887750235037758,3.4010426905387607,3.4262595203185926,-0.025216829779831862,-0.008390495589025205,-0.016826334190806657,3.4385,3.624002021552295,3.2529979784477048
2018-11-22,3.38,3.38,3.31,3.32,10225067,3.445399480696056,3.487303635490898,3.4870956700360765,3.3885745843020283,3.4183884447394375,-0.02981386043740919,-0.012675168558702002,-0.017138691878707188,3.4339999999999997,3.62629144546752,3.2417085545324795
2018-11-23,3.33,3.33,3.29,3.31,10320516,3.440089697139348,3.4837926724118704,3.485333524065568,3.3764861867171008,3.410359671055035,-0.03387348433793402,-0.016914831714548405,-0.01695865262338562,3.4299999999999997,3.628997487421295,3.2310025125787045
2018-11-26,3.35,3.39,3.31,3.38,24328579,3.437733238428001,3.481737371968071,3.484285429298747,3.3770267733760084,3.4081108065324397,-0.031084033156431268,-0.019748672002924978,-0.01133536115350629,3.4284999999999997,3.628527498109606,3.2284725018903933
2018-11-27,3.35,3.4,3.32,3.38,12748336,3.435469189862197,3.4797227705429608,3.4832477633355756,3.3774841928566226,3.4060285245670734,-0.028544331710450788,-0.02150780394443014,-0.007036527766020647,3.431,3.627254936243623,3.2347450637563773
2018-11-28,3.35,3.41,3.35,3.41,17505598,3.4344703981028952,3.478342121621318,3.48251892986955,3.3824866247248346,3.4063227079324756,-0.023836083207640968,-0.021973459797072305,-0.0018626234105686632,3.431,3.627254936243623,3.2347450637563773
2018-11-29,3.42,3.45,3.38,3.39,14142770,3.4327264609223893,3.4765927726783215,3.481598343502689,3.3836425286133216,3.4051136184559962,-0.02147108984267465,-0.021872985806192777,0.00040189596351812573,3.429,3.626068516003923,3.2319314839960764
2018-11-30,3.41,3.48,3.41,3.45,22895004,3.4334038546117074,3.4760661831203348,3.481283932124553,3.3938513703651183,3.408438535607404,-0.01458716524228576,-0.020415821693411374,0.005828656451125614,3.4230000000000005,3.6095583018790345,3.2364416981209665
2018-12-03,3.57,3.58,3.52,3.57,26409114,3.4387605661955623,3.4779262587021105,3.4821666790685875,3.4209511595397153,3.420406051488337,0.0005451080513783069,-0.01622363574445344,0.016768743795831747,3.4244999999999997,3.615232797389407,3.233767202610592
2018-12-04,3.57,3.6,3.45,3.46,34376829,3.4395934851682854,3.4775712832822667,3.481946115097756,3.4269586734566824,3.423338936563275,0.0036197368934072216,-0.012254961216881308,0.015874698110288528,3.4190000000000005,3.5986552253623287,3.2393447746376722
2018-12-05,3.42,3.45,3.36,3.37,15138270,3.4368643288871765,3.4754411588608356,3.4808322234052413,3.418195800617193,3.4193879042252546,-0.0011921036080617675,-0.0100423896951174,0.008850286087055632,3.4065,3.561583848288561,3.251416151711439
2018-12-06,3.32,3.35,3.24,3.31,28284422,3.431889257166111,3.4721650963091357,3.4791324002867814,3.4015502928299326,3.4112850965048653,-0.009734803674932735,-0.009980872491080466,0.0002460688161477313,3.3924999999999996,3.5281281681657237,3.2568718318342755
2018-12-07,3.34,3.35,3.25,3.26,36489137,3.4251485019831263,3.4679638072733114,3.4769519783933807,3.379773324702251,3.4000787930600604,-0.020305468357809442,-0.01204579166442626,-0.008259676693383181,3.3810000000000002,3.520556440195322,3.2414435598046785
2018-12-10,3.26,3.27,3.22,3.24,15323508,3.4178877764151605,3.46344967247582,3.4745942472650886,3.3582697362865197,3.3882211046852415,-0.02995136839872181,-0.01562690701128537,-0.01432446138743644,3.3684999999999996,3.5115069928359826,3.2254930071640167
2018-12-11,3.23,3.27,3.22,3.24,13384000,3.4109117851831936,3.4590249264862,3.472259976148023,3.34007439224244,3.3772417635974454,-0.037167371355005585,-0.019934999880029416,-0.01723237147497617,3.3615000000000004,3.514898174695761,3.2081018253042397
2018-12-12,3.29,3.3,3.26,3.27,11013766,3.4053858328230686,3.4552818586349883,3.4702474390719233,3.329293716512834,3.369297929256894,-0.0400042127440603,-0.023948842452835593,-0.016055370291224703,3.3585000000000003,3.5165221503460553,3.200477849653945
2018-12-13,3.3,3.31,3.25,3.3,18755606,3.4012530550653013,3.4522069703451863,3.468553434703048,3.3247869908954746,3.364164749311939,-0.03937775841646429,-0.027034625645561333,-0.01234313277090296,3.353,3.5111265316131086,3.194873468386892
2018-12-14,3.25,3.27,3.23,3.25,14974954,3.3953215627097992,3.4482028719225095,3.4663787736612273,3.3132812999884784,3.3557081012147583,-0.04242680122627984,-0.030113060761705036,-0.012313740464574806,3.3465000000000003,3.510240648587917,3.1827593514120833
2018-12-17,3.25,3.27,3.24,3.25,6402000,3.38962267789765,3.444278062577509,3.464225751037733,3.303545715374866,3.3478778714951467,-0.04433215612028052,-0.03295687983342013,-0.011375276286860386,3.342,3.5110680336432405,3.1729319663567597
2018-12-18,3.25,3.29,3.19,3.23,16112008,3.3833629650389185,3.4400349326254793,3.461895146549795,3.292230989932579,3.339146177310321,-0.04691518737774203,-0.035748541342284515,-0.011166646035457514,3.3375,3.5133266191450883,3.1616733808549116
2018-12-19,3.27,3.27,3.2,3.21,9434090,3.3765644173903335,3.4354797854447767,3.4593887271811408,3.2795800684044902,3.329579793805853,-0.04999972540136266,-0.03859877815410015,-0.01140094724726251,3.3299999999999996,3.5139565166010494,3.14604348339895
2018-12-20,3.19,3.21,3.12,3.14,24011575,3.367287381414242,3.4296287005844843,3.4562107298957563,3.258106211726876,3.3155368461165304,-0.057430634389654234,-0.042365149401210965,-0.015065484988443269,3.321,3.5227820606495848,3.1192179393504156
2018-12-21,3.14,3.14,3.06,3.09,27758247,3.3564133664568208,3.422903379780831,3.4525668420360973,3.232243717615049,3.2988304130708612,-0.06658669545581208,-0.04720945861213119,-0.019377236843680895,3.31,3.535565954877932,3.084434045122068
2018-12-24,3.1,3.1,3.03,3.03,6380199,3.3436128422820435,3.415123114834676,3.448362196841708,3.201129299520426,3.2789170491396864,-0.07778774961926027,-0.053325116813557005,-0.024462632805703266,3.2924999999999995,3.5461828728944735,3.0388171271055255
2018-12-27,3.09,3.09,3.0,3.04,19639571,3.3317064563101986,3.4076949343429,3.4442988914004973,3.1763401765172836,3.2612194899441542,-0.0848793134268706,-0.059635956136219734,-0.025243357290650872,3.2754999999999996,3.548298460406203,3.0027015395937964
2018-12-28,3.06,3.06,3.03,3.04,16737000,3.320266987435289,3.40041384653413,3.440276016859199,3.1553647647453937,3.244832861059402,-0.08946809631400843,-0.06560238417177748,-0.023865712142230947,3.257,3.5407675104729144,2.973232489527086
2018-12-31,3.06,3.09,3.01,3.01,9664805,3.3080996545946895,3.392682879276028,3.435994663457615,3.133000954784564,3.2274378343142613,-0.09443687952969748,-0.07136928324336149,-0.023067596286335992,3.2380000000000004,3.5342161373051724,2.9417838626948285
2019-01-02,3.01,3.06,3.01,3.03,25969040,3.2971937857870546,3.3855010400824437,3.4319549155625144,3.117154654048477,3.212812809550242,-0.09565815550176504,-0.0762270576950422,-0.019431097806722836,3.217,3.509649961558168,2.924350038441832
2019-01-03,3.0,3.05,3.0,3.03,10545872,3.2867155981091307,3.3784614155263557,3.4279553641638825,3.1037462457333262,3.1992711199539277,-0.09552487422060141,-0.08008662100015405,-0.015438253220447354,3.19,3.444558441227154,2.9354415587728457
2019-01-04,3.03,3.09,3.02,3.06,16303200,3.2778247903401456,3.3721552488822693,3.424294116759267,3.0970160540820455,3.188954740698081,-0.09193868661603544,-0.08245703412333033,-0.009481652492705106,3.1700000000000004,3.3980350850198264,2.9419649149801743
2019-01-07,3.11,3.12,3.03,3.06,20111004,3.269282641699356,3.3659739568251945,3.420669299677085,3.0913212765309614,3.179402537683408,-0.08808126115244663,-0.08358187952915361,-0.004499381623293025,3.1544999999999996,3.3677111629347767,2.9412888370652226
2019-01-08,3.06,3.08,3.03,3.05,24198282,3.2606833224170284,3.359717046789052,3.416981047939005,3.0849641570646598,3.169817164521674,-0.0848530074570144,-0.08383610511472576,-0.001016902342288642,3.1415,3.346758373763412,2.9362416262365882
2019-01-09,3.07,3.14,3.05,3.08,38139114,3.253597701930086,3.3541780953674865,3.413628002685881,3.084200440593174,3.163164041223772,-0.07896360063059804,-0.08286160421790023,0.00389800358730219,3.1325,3.3318865592260445,2.933113440773955
2019-01-10,3.06,3.06,3.01,3.02,34158649,3.24443700773675,3.3475607073404077,3.409711306141743,3.074323449732686,3.1525592974294185,-0.07823584769673264,-0.08193645291366672,0.0037006052169340775,3.1214999999999997,3.3202234258963985,2.922776574103601
2019-01-11,3.05,3.14,3.03,3.11,70534313,3.2391649682176618,3.3428565349178254,3.4067291040905814,3.0798121497738116,3.149406756879091,-0.06959460710527932,-0.07946808375198924,0.009873476646709928,3.1149999999999998,3.306154387864892,2.9238456121351075
2019-01-14,3.11,3.12,3.01,3.03,42583000,3.23096242044442,3.3366613560085616,3.4029805557911725,3.072148742116302,3.140561811925084,-0.06841306980878192,-0.0772570809633478,0.008844011154565873,3.1029999999999998,3.2835657774884326,2.922434222511567
2019-01-15,3.05,3.1,3.03,3.08,30545000,3.225042325525031,3.331578952919283,3.399766818917629,3.0733566279445634,3.136075751782485,-0.06271912383792166,-0.07434948953826258,0.011630365700340914,3.092,3.248409718368146,2.935590281631854
2019-01-16,3.04,3.13,3.04,3.11,41395579,3.220530861778952,3.3271912508812775,3.3968835669881003,3.078994069799246,3.1341442146134124,-0.055150144814166246,-0.07050962059344332,0.01535947577927707,3.085,3.224068328529551,2.945931671470449
2019-01-17,3.11,3.11,3.06,3.06,21470000,3.214235533866052,3.3219003350222422,3.3935314916946866,3.0760719052147465,3.1286520505679745,-0.05258014535322797,-0.06692372554540026,0.014343580192172287,3.0755,3.192371724553048,2.958628275446952
2019-01-18,3.11,3.11,3.03,3.06,41327735,3.20818708155758,3.316714189774277,3.390212770384292,3.073599304412478,3.123566713488865,-0.04996740907638708,-0.06353246225159763,0.013565053175210548,3.0669999999999997,3.1599731143933765,2.974026885606623
2019-01-21,3.06,3.16,3.04,3.15,42175000,3.2059052352219886,3.3134129186896377,3.3878225935645476,3.085353257579789,3.125524734711912,-0.0401714771321231,-0.05886026522770273,0.018688788095579625,3.0639999999999996,3.1407854152818357,2.9872145847181635
2019-01-22,3.15,3.16,3.12,3.14,19202000,3.203320716193675,3.3099789995076647,3.385356697111169,3.0937604487213597,3.126596976585104,-0.03283652786374436,-0.05365551775491106,0.0208189898911667,3.064,3.140785415281836,2.987214584718164
2019-01-23,3.11,3.17,3.11,3.14,31945161,3.200837550852747,3.3066130787253347,3.3829153369409086,3.1008742258411504,3.127589793134356,-0.026715567293205567,-0.04826752766256996,0.021551960369364395,3.0665,3.14951204731847,2.98348795268153
2019-01-24,3.18,3.24,3.13,3.22,45516020,3.201589019446757,3.304897968255526,3.381294288812143,3.119201268019435,3.134434993642922,-0.015233725623486905,-0.04166076725475335,0.026427041631266447,3.0759999999999996,3.1807664068296866,2.9712335931703127
2019-01-25,3.24,3.3,3.19,3.3,59516274,3.2054482735860996,3.3048009787851194,3.3804853904160024,3.1470164575549067,3.146699068187891,0.0003173893670158634,-0.03326513593039951,0.03358252529741537,3.089,3.230689802032478,2.947310197967522
2019-01-28,3.28,3.33,3.25,3.26,34802036,3.20758755697488,3.3039138306903646,3.379286530809873,3.164398541007998,3.155091729803603,0.009306811204394805,-0.024750746503440647,0.03405755770783545,3.1,3.2579873412650593,2.942012658734941
2019-01-29,3.22,3.22,3.16,3.19,45052000,3.206897848858218,3.3016581112707533,3.3774030827421133,3.1683372270067673,3.157677527595929,0.010659699410838552,-0.01766865732058481,0.028328356731423362,3.109,3.2659585932658732,2.9520414067341267
2019-01-30,3.21,3.21,3.14,3.18,18064000,3.205843031255935,3.2992490397604413,3.375438872963585,3.170131499774957,3.1593310440703046,0.010800455704652379,-0.011974834715537373,0.02277529042018975,3.1165,3.2719702543897107,2.961029745610289
2019-01-31,3.18,3.24,3.17,3.21,45336465,3.2060060496380554,3.297481732042413,3.373792715023649,3.1762651151941945,3.1630843000650968,0.013180815129097745,-0.006943704746610349,0.020124519875708093,3.1254999999999997,3.28073852614606,2.9702614738539395
2019-02-01,3.22,3.25,3.18,3.21,18598231,3.2061626751424455,3.2957494205168203,3.3721629367647075,3.181455097472011,3.166559537097312,0.01489556037469919,-0.002575851722348442,0.017471412097047632,3.133,3.2893457706495464,2.9766542293504537
2019-02-04,3.2,3.22,3.19,3.22,6644727,3.206705315332938,3.2942494319917346,3.370648877692422,3.187385082476317,3.170518089904918,0.016866992571398676,0.0013127171364009814,0.015554275434997693,3.141,3.297958593265868,2.984041406734132
2019-02-08,3.16,3.17,3.11,3.14,26073961,3.2040894206139994,3.2911949877938786,3.36835386398404,3.1800950697876527,3.168257490652702,0.011837579134950538,0.0034176895361108925,0.008419889598839644,3.1454999999999997,3.296824155375141,2.9941758446248583
2019-02-11,3.15,3.23,3.14,3.19,39626622,3.203536894315411,3.2891911266494454,3.366579198670766,3.1816189052049366,3.16986804690065,0.01175085830428646,0.005084323289746007,0.006666535014540453,3.151,3.3003854075872194,3.00161459241278
2019-02-12,3.35,3.38,3.27,3.34,139646570,3.2088883886559834,3.2901972429534165,3.3663147290322506,3.2059852274811,3.182470413796898,0.02351481368420183,0.008770421368637172,0.014744392315564658,3.1670000000000003,3.3251265316131327,3.008873468386868
2019-02-13,3.33,3.41,3.33,3.39,54449204,3.215990804787121,3.292173535172161,3.3665504033702383,3.2342951924840078,3.197842975737869,0.036452216746138966,0.01430678044413753,0.022145436302001435,3.181,3.364073755628704,2.997926244371296
2019-02-14,3.41,3.44,3.38,3.41,56297840,3.2235990085209596,3.2945067324954844,3.366982737665062,3.261326701332622,3.213558310868397,0.047768390464224986,0.020999102448155026,0.02676928801606996,3.2,3.394935886896173,3.005064113103827
2019-02-15,3.41,3.43,3.38,3.41,45674360,3.2309088513240596,3.2967937278916133,3.3674107701261065,3.284199516512219,3.228109547100368,0.05608996941185085,0.02801727584089419,0.02807269357095666,3.2165,3.423504830861497,3.009495169138503
2019-02-18,3.44,3.5,3.44,3.47,60296676,3.240284974801548,3.300223555062076,3.3684315584830604,3.31278420627957,3.2460273584262667,0.06675684785330338,0.03576519024337603,0.03099165760992735,3.2344999999999997,3.4628396592797577,3.0061603407202417
2019-02-19,3.5,3.5,3.44,3.46,42439911,3.2489012502995265,3.303387445060847,3.3693426872543735,3.335432789928867,3.2618771837280245,0.07355560620084267,0.04332327343486936,0.030232332765973313,3.2545,3.4882070816214075,3.020792918378593
2019-02-20,3.5,3.5,3.45,3.48,28842465,3.2579639463662122,3.306884723376474,3.370443755042887,3.35767389917058,3.2780344293778003,0.07963946979277958,0.05058651270645141,0.02905295708632817,3.2755,3.51099734605722,3.0400026539427802
2019-02-21,3.49,3.5,3.46,3.48,45399000,3.2666712425871456,3.310312748656148,3.371533866933008,3.376493299298183,3.2929948420164816,0.08349845728170147,0.05716890162150143,0.026329555660200038,3.2920000000000003,3.5360983408382642,3.0479016591617363
2019-02-22,3.48,3.5,3.43,3.5,51917200,3.2758213899366693,3.3140689318510757,3.3728121369137742,3.395494330175386,3.308328557422668,0.08716577275271797,0.06316827584774473,0.023997496904973242,3.31,3.5596397404260633,3.0603602595739368
2019-02-25,3.5,3.51,3.46,3.5,70775000,3.2846127079783685,3.3177507351807574,3.3740776877902543,3.411572125533019,3.3225264420580256,0.08904568347499353,0.0683437573731945,0.020701926101799037,3.3280000000000003,3.5779279896289964,3.078072010371004
2019-02-26,3.5,3.51,3.41,3.46,49745024,3.2914906409988247,3.320567552305891,3.3749326361704513,3.4190225677587085,3.332709668572246,0.08631289918646257,0.0719375857358481,0.014375313450614463,3.34,3.591077677223585,3.0889223227764147
2019-02-27,3.49,3.5,3.43,3.45,47227602,3.2977066942929887,3.323130571072111,3.375679575114029,3.423788326565061,3.3413978412705982,0.08239048529446258,0.074028165647571,0.008362319646891575,3.3475,3.602284222431434,3.092715777568566
2019-02-28,3.43,3.46,3.41,3.43,251471000,3.3028946670658126,3.3252467973875146,3.376220076854188,3.4247439686319745,3.347960964139443,0.0767830044925315,0.07457913341656311,0.0022038710759683944,3.3560000000000003,3.609881862290299,3.102118137709702
2019-03-01,3.44,3.46,3.4,3.46,94262000,3.309055660514212,3.3279151776372666,3.377053707930266,3.4301679734578245,3.356260151980966,0.0739078214768587,0.07444487102862223,-0.0005370495517635215,3.3695,3.615221386940554,3.123778613059446
2019-03-04,3.46,3.53,3.46,3.51,84240875,3.3169358306901255,3.3315208176840536,3.3783765566075767,3.4424498236950822,3.3676482888712647,0.07480153482381757,0.0745162037876613,0.0002853310361562722,3.386,3.6227614833540045,3.1492385166459957
2019-03-05,3.5,3.57,3.47,3.57,42899000,3.3268599157611014,3.336243177729914,3.380283257536855,3.4620729277419926,3.38263730451043,0.0794356232315625,0.07550008767644155,0.003935535555120953,3.404,3.6392360516587274,3.1687639483412724
2019-03-06,3.56,3.57,3.54,3.57,34153762,3.336394821025372,3.340872025695658,3.382170986317583,3.478677092704763,3.3965160226948425,0.08216107000992068,0.07683228414313738,0.0053287858667833005,3.4220000000000006,3.6500877024304184,3.193912297569583
2019-03-07,3.57,3.59,3.54,3.56,31492055,3.345163651573397,3.345211193503665,3.383940429239796,3.4911883092117226,3.408625946939669,0.08256236227205349,0.07797829976892061,0.0045840625031328824,3.439,3.6546756824493336,3.2233243175506665
2019-03-08,3.56,3.56,3.41,3.44,75566688,3.3488827240607146,3.3470881995728994,3.384498235914027,3.4833131847176118,3.410949950870064,0.07236323384754773,0.07685528658464603,-0.004492052737098309,3.4539999999999997,3.6205412861724833,3.287458713827516
2019-03-11,3.41,3.48,3.41,3.46,40356028,3.353240264293628,3.3493240768090797,3.3852494972482163,3.479726540914902,3.414583287842652,0.06514325307225022,0.07451287988216687,-0.009369626809916654,3.4675,3.5818459662602247,3.353154033739775
2019-03-12,3.45,3.52,3.45,3.5,39085270,3.3589955480468188,3.3523077584564245,3.3863912932954983,3.482845534620302,3.420910451706159,0.06193508291414318,0.07199732048856214,-0.010062237574418958,3.4755000000000003,3.5743888264668167,3.376611173533184
2019-03-13,3.53,3.54,3.5,3.52,35133375,3.3653094481234143,3.3556283969028318,3.3877207331632047,3.4885616062171785,3.428250418246443,0.060311187970735425,0.0696600939849968,-0.009348906014261374,3.482,3.5744337600662432,3.389566239933757
2019-03-14,3.54,3.54,3.47,3.5,24826012,3.370591430549947,3.358487240528518,3.388837939798397,3.4903213591068436,3.4335652020800396,0.05675615702680403,0.06707930659335824,-0.01032314956655421,3.4864999999999995,3.573050563256304,3.399949436743695
2019-03-15,3.48,3.54,3.46,3.5,177332690,3.3756662764107332,3.3612894733893395,3.389944029949657,3.491810380782714,3.4384862982222586,0.05332408256045529,0.06432826178677765,-0.011004179226322366,3.4909999999999997,3.5702212092812484,3.411778790718751
2019-03-18,3.5,3.54,3.45,3.5,19928184,3.380542108708352,3.3640362164905406,3.3910391142287652,3.493070322200758,3.4430428687243135,0.05002745347644444,0.06146810012471102,-0.011440646648266578,3.4924999999999997,3.5712083223044635,3.413791677695536
2019-03-19,3.54,3.54,3.49,3.52,17206223,3.38601104562175,3.3671246082432034,3.3923223071220114,3.497213349554487,3.4487433969669565,0.04846995258753051,0.05886847061727492,-0.01039851802974441,3.4955000000000007,3.573596094652571,3.4174039053474305
2019-03-20,3.53,3.53,3.49,3.51,15587059,3.390873357558152,3.3699538239215556,3.3934932294392053,3.4991805265461045,3.453280923117552,0.04589960342855237,0.05627469717953041,-0.010375093750978039,3.497,3.574999999999892,3.419000000000108
2019-03-21,3.51,3.56,3.5,3.51,22176735,3.3955449905950874,3.372727015527069,3.394652500788069,3.500845060923627,3.4574823362199556,0.04336272470367142,0.053692302684358616,-0.010329577980687198,3.4985,3.5762881739082686,3.4207118260917313
2019-03-22,3.56,3.56,3.45,3.46,20779000,3.398072638022731,3.3744551934374245,3.3953027246608247,3.494561205396915,3.4576688298332923,0.03689237556362279,0.05033231726021146,-0.013439941696588666,3.4964999999999997,3.576067581338024,3.4169324186619754
2019-03-25,3.4,3.42,3.35,3.36,25146129,3.3965795933943888,3.374168951983218,3.3949514537686776,3.4738594814896975,3.4504341016974927,0.023425379792204826,0.04495092976661013,-0.021525549974405304,3.4894999999999996,3.5887924971988485,3.3902075028011507
2019-03-26,3.39,3.42,3.36,3.38,16875176,3.395929413261275,3.3742844182805802,3.3948026830844125,3.459419561260513,3.445216760831012,0.014202800429501394,0.038801303899188386,-0.02459850346968699,3.4855000000000005,3.5951311999386295,3.3758688000613715
2019-03-27,3.38,3.41,3.3,3.33,32724555,3.3933439460745585,3.3734074991067073,3.3941578802676524,3.4395088595281265,3.4366821859546404,0.0028266735734860937,0.03160637783404793,-0.02877970426056184,3.4795000000000003,3.6077926342390083,3.351207365760992
2019-03-28,3.3,3.31,3.25,3.29,39442336,3.389291242306929,3.37175586546103,3.393121483449069,3.416507496523799,3.4258168388468895,-0.00930934232309033,0.02342323380262028,-0.03273257612571061,3.4724999999999993,3.624009075635699,3.3209909243642994
2019-03-29,3.27,3.33,3.25,3.27,75943063,3.384613154373324,3.3697408978281382,3.3918963940615163,3.3939678816739836,3.414274850784157,-0.0203069691101736,0.014677193220061505,-0.0349841623302351,3.463,3.6383966932413054,3.2876033067586947
2019-04-01,3.3,3.35,3.28,3.33,32828090,3.3824714620449585,3.368953949356294,3.3912805095434915,3.3841266691087553,3.4080322692445897,-0.023905600135834426,0.006960634548882319,-0.030866234684716744,3.4539999999999997,3.637128370276112,3.2708716297238873
2019-04-02,3.33,3.35,3.3,3.32,30311997,3.380021600788294,3.3679845642205257,3.390571250742064,3.374261027707408,3.401511360411657,-0.027250332704249036,0.00011844109825604777,-0.027368773802505082,3.4415,3.625377676730987,3.257622323269013
2019-04-03,3.31,3.37,3.31,3.35,44484000,3.378844283110322,3.367628434235961,3.3901675567048297,3.3705285619062684,3.3976957040848674,-0.027167142178599057,-0.005338675557114973,-0.021828466621484084,3.4305,3.6085421298456795,3.2524578701543203
2019-04-04,3.36,3.37,3.33,3.35,15353200,3.3777131347530545,3.367279356330298,3.389767879523687,3.3673703216129964,3.39416268896747,-0.026792367354473434,-0.009629413916586666,-0.01716295343788677,3.4199999999999995,3.5908800749063103,3.2491199250936886
2019-04-08,3.34,3.39,3.34,3.37,29482899,3.377410658880386,3.3673332304623713,3.3895711842050438,3.3677748875186895,3.3923728601550645,-0.024597972636374976,-0.012623125660544328,-0.011974846975830648,3.4165,3.5884622051498134,3.244537794850187
2019-04-09,3.38,3.38,3.33,3.33,29748383,3.375551417355665,3.3665939585720275,3.388978436103501,3.361963366361968,3.3877526482917264,-0.025789281929758268,-0.015256356914387117,-0.01053292501537115,3.41,3.5846997424153417,3.2353002575846586
2019-04-10,3.35,3.35,3.3,3.33,18742442,3.3737650872632856,3.365869325729017,3.388391585993019,3.3570459253832037,3.3834746743441912,-0.02642874896098757,-0.01749083532370721,-0.00893791363728036,3.4015,3.5743901385272947,3.2286098614727052
2019-04-11,3.36,3.36,3.28,3.3,23637532,3.370872338743157,3.364564982645274,3.3875120677244315,3.348269629170403,3.3772913651335106,-0.02902173596310753,-0.019797015451587276,-0.009224720511520255,3.3905000000000003,3.559789692539114,3.2212103074608867
2019-04-12,3.3,3.32,3.27,3.32,19044309,3.368877345066955,3.3636825077414074,3.3868403058565266,3.3439204554518795,3.373047560308806,-0.0291271048569266,-0.02166303333265514,-0.007464071524271459,3.3815000000000004,3.5456066726248148,3.217393327375186
2019-04-15,3.32,3.44,3.32,3.38,34767000,3.3693135276133486,3.3640056263999933,3.386772243111686,3.349471154613129,3.3735625558414872,-0.0240914012283584,-0.022148706911795796,-0.0019426943165626043,3.3755,3.530351541806946,3.2206484581930543
2019-04-16,3.35,3.46,3.35,3.44,37273735,3.3720855461383152,3.3655104654811816,3.3873018725334605,3.363398669288032,3.3784838480013772,-0.015085178713345027,-0.02073600127210564,0.005650822558760614,3.3725,3.5197243186433154,3.2252756813566847
2019-04-17,3.43,3.49,3.41,3.49,40730700,3.3767096423681853,3.367975604778584,3.3883237444485506,3.3828757970898735,3.3867443037049787,-0.003868506615105183,-0.01736250234070555,0.013493995725600366,3.371,3.512689802032428,3.229310197967572
2019-04-18,3.5,3.5,3.42,3.44,20063766,3.379191617177276,3.3694018304265327,3.3888379360460776,3.391664135999124,3.3906891700972026,0.0009749659019213652,-0.013695008692180167,0.014669974594101532,3.3674999999999997,3.498324309667541,3.2366756903324583
2019-04-23,3.42,3.45,3.38,3.44,15426375,3.3815762596409122,3.370799813982443,3.389347011309301,3.39910042276849,3.3943418241640764,0.004758598604413411,-0.010004287232861453,0.014762885837274864,3.364,3.4825580026821847,3.245441997317815
2019-04-24,3.42,3.44,3.37,3.39,16223461,3.3819066024000923,3.371180015685761,3.3893535087092084,3.397700357727184,3.39402020755933,0.003680150167853835,-0.007267399752718396,0.01094754992057223,3.3604999999999996,3.4714008566242343,3.249599143375765
2019-04-25,3.38,3.41,3.35,3.36,19010946,3.38104751995303,3.370958629236538,3.389061433995684,3.3919003026922327,3.3915001921845644,0.00040011050766830536,-0.005733897700641056,0.006134008208309362,3.3604999999999996,3.4714008566242343,3.249599143375765
2019-04-26,3.35,3.41,3.35,3.41,20803649,3.3821829113274213,3.3717317256872996,3.389269777936026,3.3946848715088125,3.392870548319041,0.0018143231897713719,-0.004224253522558571,0.006038576712329943,3.3620000000000005,3.4747120224287946,3.2492879775712065
2019-04-29,3.42,3.5,3.39,3.49,28133032,3.386411032451836,3.3740736717132935,3.390272068702832,3.4093487374305336,3.4000653225176305,0.009283414912903076,-0.0015227198354662416,0.010806134748369318,3.3699999999999997,3.4945792920191336,3.2454207079808657
2019-04-30,3.44,3.48,3.42,3.48,18480000,3.39008118804196,3.376171222768476,3.3911648839396196,3.4202181624412207,3.4059864097385466,0.014231752702674072,0.001628174672161821,0.012603578030512251,3.3795,3.507167536985673,3.251832463014327
2019-05-02,3.49,3.54,3.45,3.54,41060684,3.3959603571383536,3.3794153569710805,3.3926458303680813,3.438646137450264,3.4159133423505064,0.022732795099757563,0.00584909875768097,0.016883696342076593,3.393,3.5283661700720956,3.257633829927904
2019-05-03,3.54,3.57,3.48,3.55,35610000,3.4020011274466535,3.3827932706944255,3.394211543498747,3.455777500919454,3.42584568736158,0.029931813557873888,0.010665641717719554,0.019266171840154334,3.404,3.5522430436816075,3.2557569563183923
2019-05-06,3.46,3.53,3.41,3.49,43667594,3.405452063625216,3.384916176225229,3.3951646624689094,3.4610425007779995,3.4305978586681296,0.030444642109869857,0.014621441796149616,0.01582320031372024,3.4125,3.5599957626509546,3.2650042373490455
2019-05-07,3.49,3.54,3.45,3.49,25353000,3.4087676689732467,3.3869970440227495,3.3961082976682238,3.4654975006583073,3.434998017285305,0.030499483373002345,0.017797050111520163,0.012702433261482182,3.4195,3.567753161854938,3.2712468381450623
2019-05-08,3.49,3.49,3.38,3.46,23408000,3.410776779993904,3.388442647111408,3.3967440359998835,3.46465173132626,3.436850016004912,0.02780171532134812,0.019797983153485754,0.008003732167862366,3.425,3.570670861876993,3.2793291381230065
2019-05-09,3.43,3.45,3.38,3.4,31408168,3.4103541611706136,3.3886715055844494,3.396776433651626,3.4547053111222197,3.4341203851897335,0.020584925932486176,0.019955371709285838,0.0006295542232003376,3.4265,3.570482637842158,3.282517362157842
2019-05-10,3.41,3.41,3.35,3.35,25197000,3.407987331320786,3.3879057331966385,3.3963109965008638,3.438596801718801,3.4278892455460492,0.010707556172751875,0.018105808601979044,-0.007398252429227169,3.4274999999999998,3.5690450458334233,3.2859549541665762
2019-05-14,3.34,3.35,3.28,3.3,36915122,3.4037525340140884,3.386165025608586,3.3953526781277206,3.4172742168389854,3.4184159680981936,-0.0011417512592082346,0.014256296629741589,-0.015398047888949823,3.4259999999999997,3.5722053350599285,3.279794664940071
2019-05-15,3.29,3.35,3.29,3.31,16920903,3.4000759640527516,3.384656807279703,3.3945033977483403,3.4007704911714494,3.4103851556464755,-0.009614664475026125,0.009482104408788047,-0.01909676888381417,3.4265,3.5710371924453566,3.281962807554643
2019-05-16,3.29,3.33,3.26,3.26,34104606,3.3945827889918596,3.382188355650402,3.3931650554821875,3.3791134925296875,3.3992455144874776,-0.02013202195779007,0.0035592791354724235,-0.023691301093262493,3.4234999999999998,3.5788415591526817,3.268158440847318
2019-05-17,3.3,3.3,3.23,3.25,31633000,3.388912875698061,3.379570764449404,3.391740527566942,3.3592498782943507,3.388190291192109,-0.028940412897758172,-0.002940659271173696,-0.025999753626584476,3.4170000000000003,3.5890581297119857,3.244941870288015
2019-05-20,3.27,3.33,3.25,3.31,36331864,3.3858182531216667,3.3781931255494158,3.3909271889841865,3.351672973941374,3.3823984177704713,-0.030725443829097365,-0.008497616182758431,-0.022227827646338932,3.4105000000000003,3.5883173219908198,3.232682678009181
2019-05-21,3.27,3.36,3.27,3.33,26908000,3.383629302018856,3.3772388062316057,3.390320948297777,3.3483386702580855,3.3785170534911773,-0.030178383233091743,-0.012833769592825095,-0.017344613640266647,3.4025,3.5796863425887757,3.225313657411224
2019-05-22,3.35,3.36,3.32,3.33,16897219,3.3815261921357638,3.3763033843260293,3.3897207398570037,3.345517336372226,3.374923197677016,-0.029405861304789838,-0.016148187935218043,-0.013257673369571794,3.397,3.5760083796920896,3.21799162030791
2019-05-23,3.3,3.36,3.3,3.35,15915790,3.380289870875538,3.3757825252304645,3.3893255086146454,3.346206976930345,3.373077034886126,-0.02687005795578079,-0.01829256193933059,-0.0085774960164502,3.3924999999999996,3.571483239438746,3.2135167605612533
2019-05-24,3.38,3.41,3.34,3.39,21508356,3.3806706602529677,3.3760640593843165,3.3893322199717137,3.3529443650949076,3.374330587857524,-0.02138622276261648,-0.018911294103987772,-0.0024749286586287084,3.3924999999999996,3.571483239438746,3.2135167605612533
2019-05-27,3.41,3.41,3.34,3.39,29454157,3.381036516713636,3.376340018604429,3.3893388645491096,3.3586452320033833,3.375491285053263,-0.01684605304987974,-0.018498245893166166,0.001652192843286427,3.3939999999999997,3.572370401131991,3.2156295988680084
2019-05-28,3.41,3.47,3.37,3.47,58844504,3.3845252807640818,3.378194671701371,3.390141462911805,3.375776734772094,3.382491930604873,-0.006715195832779131,-0.01614163588108876,0.009426440048309628,3.397,3.5783394606807555,3.215660539319244
2019-05-29,3.46,3.46,3.38,3.45,35152500,3.3870929168125494,3.379616559390453,3.3907370702460162,3.38719569865331,3.3874925283378454,-0.0002968296845353713,-0.012972674641778082,0.01267584495724271,3.3950000000000005,3.5730449381476137,3.216955061852387
2019-05-30,3.48,3.48,3.41,3.43,36171000,3.388775547525783,3.380614251283711,3.391127746163966,3.39378097578357,3.3906412299424495,0.0031397458411204227,-0.009750190545198382,0.012889936386318804,3.3925000000000005,3.5670709025009257,3.2179290974990753
2019-05-31,3.4,3.44,3.39,3.42,21742856,3.3900000358581055,3.3813941670998755,3.3914150322717878,3.3978146718168665,3.3928159536504165,0.0049987181664499225,-0.006800408802868721,0.011799126969318643,3.3865000000000003,3.5481508583335946,3.224849141666406
2019-06-03,3.39,3.46,3.38,3.42,35382598,3.391176505040141,3.382158639038492,3.391699459811372,3.4012277992296562,3.3948295867133487,0.0063982125163075665,-0.004160684539033464,0.010558897055341031,3.38,3.5243606594609074,3.2356393405390924
2019-06-04,3.41,3.44,3.33,3.34,37476020,3.389169583273861,3.381323814503076,3.3911850373256867,3.3918081378097087,3.390768135845693,0.0010400019640157687,-0.003120547238423618,0.004160549202439387,3.3725,3.5085698350112486,3.2364301649887515
2019-06-05,3.38,3.38,3.29,3.31,25506547,3.38606489373371,3.379911461740639,3.3903772260090133,3.379222270454369,3.384785310968234,-0.005563040513865136,-0.003609045893511922,-0.0019539946203532142,3.3635000000000006,3.4908224253617126,3.2361775746382886
2019-06-06,3.29,3.31,3.25,3.28,35161567,3.3819054861363096,3.3779330169536954,3.3892789451532024,3.3639573057690817,3.3770234360816986,-0.013066130312616941,-0.0055004627773329266,-0.007565667535284015,3.3545000000000003,3.4786732660438195,3.230326733956181
2019-06-10,3.27,3.34,3.27,3.31,25996477,3.379085663150572,3.3765878086971868,3.3884900999277976,3.3556561818046076,3.372058737112684,-0.016402555308076217,-0.007680881283481584,-0.008721674024594632,3.35,3.4737739875740834,3.226226012425917
2019-06-11,3.34,3.37,3.31,3.34,56648122,3.3775528920466282,3.375863297633876,3.388007611371302,3.353247538450052,3.3696840158450776,-0.016436477395025406,-0.00943200050579035,-0.007004476889235056,3.3495000000000004,3.4733507165905366,3.225649283409464
2019-06-12,3.34,3.34,3.3,3.33,24429747,3.3756880727506817,3.374955113522314,3.387430421208404,3.3496709940731213,3.3667444591158127,-0.01707346504269136,-0.010960293413170553,-0.006113171629520808,3.351,3.4731310771261326,3.2288689228738674
2019-06-13,3.33,3.39,3.31,3.36,40229352,3.3750728542114397,3.374658972660486,3.3871574816938925,3.3512600719080257,3.3662448695516782,-0.01498479764365257,-0.011765194259266957,-0.0032196033843856133,3.3535000000000004,3.4742103972323397,3.232789602767661
2019-06-14,3.35,3.37,3.34,3.35,23506469,3.3740896050266773,3.3741706761721595,3.386787755507884,3.3510662146914063,3.3650415458811835,-0.01397533118977723,-0.012207221645369012,-0.0017681095444082168,3.3579999999999997,3.4708893263333116,3.2451106736666877
2019-06-17,3.33,3.42,3.33,3.37,12542903,3.3739292283589646,3.374088088525186,3.386620713164522,3.3539791047388823,3.3654088387788734,-0.011429734039991146,-0.01205172412429344,0.0006219900843022937,3.364,3.4654692071516706,3.262530792848329
2019-06-18,3.4,3.41,3.37,3.38,12823293,3.3741672978350836,3.3742051560791424,3.3865548354215917,3.3579823193944387,3.366489665535994,-0.008507346141555239,-0.011342848527745801,0.0028355023861905623,3.3675000000000006,3.4660646995632245,3.2689353004367767
2019-06-19,3.46,3.53,3.43,3.49,42214602,3.3787097567435116,3.376498123285496,3.387584140541775,3.378292731795294,3.375638579199994,0.0026541525953001077,-0.008543448303136619,0.011197600898436726,3.3755,3.485858506695172,3.2651414933048284
2019-06-20,3.51,3.55,3.49,3.54,27404102,3.3850348643221975,3.3797357842105353,3.3891007162577775,3.403170773057557,3.387813499259254,0.015357273798302984,-0.0037633038828486986,0.019120577681151683,3.386,3.515367693030323,3.2566323069696774
2019-06-21,3.56,3.56,3.51,3.55,35819504,3.3915040853291702,3.3831073528400295,3.39070170415571,3.4257598848948563,3.399827314128939,0.025932570765917262,0.0021758710469044935,0.02375669971901277,3.396,3.5424786673887616,3.249521332611238
2019-06-24,3.56,3.59,3.54,3.57,10442805,3.3985039251201834,3.386808197338247,3.392485766800927,3.447950671834109,3.412432698267536,0.035517973566572714,0.008844291550838138,0.026673682015734577,3.405,3.5698635799683696,3.24013642003163
2019-06-25,3.6,3.6,3.5,3.53,24878063,3.4036606339389994,3.389643678579074,3.3938540676287787,3.460573645398092,3.421141387284756,0.03943225811333617,0.014961884863337745,0.02447037324999843,3.412,3.5853897344135075,3.2386102655864923
2019-06-26,3.55,3.59,3.52,3.54,28193922,3.409007275745313,3.392621031478498,3.395308256010582,3.4727930845676163,3.4299457289673665,0.04284735560024977,0.020538979010720153,0.022308376589529617,3.4155,3.59610730882217,3.2348926911778304
2019-06-27,3.56,3.57,3.54,3.57,13011942,3.4153207159121637,3.396133486300706,3.3970464823189346,3.4877479946341365,3.440320119414228,0.04742787521990843,0.025916758252557813,0.02151111696735062,3.4214999999999995,3.613882431630298,3.229117568369701
2019-06-28,3.57,3.59,3.55,3.55,20654852,3.420602256464628,3.399180347958118,3.398568407868,3.4973252262288845,3.4484445550131744,0.04888067121571016,0.030509540845188286,0.018371130370521873,3.4274999999999998,3.6278871253349028,3.2271128746650968
2019-07-02,3.51,3.61,3.49,3.59,33058161,3.427245305230721,3.4029589549292445,3.4004731998295123,3.511582883732133,3.458930143530717,0.05265274020141586,0.0349381807164338,0.01771455948498206,3.436,3.6484523475981985,3.2235476524018014
2019-07-03,3.59,3.62,3.58,3.6,13441149,3.4340199991432416,3.4068607578019328,3.402458541124741,3.525185517004113,3.4693797625284417,0.055805754475671154,0.03911169546828128,0.016694059007389878,3.4449999999999994,3.6689196284383865,3.2210803715616123
2019-07-04,3.63,3.63,3.54,3.59,13819000,3.440136861921938,3.4104872774494193,3.404324625292654,3.535156975926557,3.4783145949337424,0.05684238099281469,0.04265783257318796,0.014184548419626727,3.4574999999999996,3.684469160900737,3.230530839099262
2019-07-05,3.54,3.62,3.54,3.6,17010000,3.4464060045916662,3.4142400046286387,3.4062716439464586,3.54513282578401,3.487328328642354,0.05780449714165581,0.04568716548688153,0.012117331654774278,3.4720000000000004,3.6964638055455366,3.2475361944544643
2019-07-08,3.55,3.61,3.55,3.58,16520168,3.4516449848037576,3.4175223807746065,3.4080002843052006,3.5504970064326233,3.4941928968910685,0.05630410954155485,0.0478105542978162,0.008493555243738647,3.4870000000000005,3.697817456582665,3.276182543417336
2019-07-09,3.62,3.62,3.55,3.56,15124000,3.4558942010859632,3.4203437197691686,3.4095127192872385,3.551959005442989,3.49906749712136,0.05289150832162903,0.04882674510257877,0.004064763219050263,3.4995000000000003,3.6960171748219057,3.302982825178095
2019-07-10,3.57,3.6,3.57,3.58,17278817,3.4607610951610237,3.423505230268789,3.4112091101401023,3.5562730046056057,3.5050624973345923,0.051210507271013395,0.0493034975362657,0.0019070097347476944,3.5115000000000003,3.696570256929586,3.3264297430704146
2019-07-11,3.6,3.63,3.58,3.61,19202176,3.4666136012331403,3.4271981960060405,3.4131871289446787,3.5645386962047434,3.512835645680178,0.05170305052456525,0.049783408133925615,0.0019196423906396379,3.5255,3.6952615975419127,3.3557384024580874
2019-07-12,3.57,3.63,3.57,3.6,19202723,3.471844440400468,3.430620013906911,3.4150459634825427,3.5699942814040133,3.5192922645186835,0.050702016885329826,0.049967129884206464,0.0007348870011233619,3.5375,3.6920153714035657,3.3829846285964345
2019-07-15,3.6,3.6,3.54,3.58,5805000,3.476085834894567,3.433578033433507,3.416687297179234,3.5715336227264727,3.523789133813596,0.04774448891287664,0.04952260168994051,-0.00177811277706387,3.5489999999999995,3.678135587658791,3.419864412341208
2019-07-16,3.54,3.64,3.54,3.64,15787000,3.4825138413692898,3.437665597127893,3.4189093141227245,3.5820669115377846,3.5323973461237,0.04966956541408463,0.049551994434769334,0.00011757097931529292,3.5625,3.668306427025871,3.456693572974129
2019-07-17,3.6,3.64,3.58,3.59,17557926,3.486728984845004,3.4406821199570436,3.4206117090070753,3.583287386685818,3.536664209373796,0.04662317731202181,0.04896623101021983,-0.002343053698198018,3.5729999999999995,3.63814598989946,3.507854010100539
2019-07-18,3.59,3.6,3.57,3.59,5715969,3.4907788285765724,3.4436389096608644,3.4222971646388456,3.5843200964264614,3.540615008679441,0.04370508774702042,0.04791400235757995,-0.004208914610559528,3.5780000000000003,3.6311413210221617,3.524858678977839
2019-07-19,3.61,3.61,3.59,3.59,10157985,3.4946698549069026,3.4465371490735204,3.4239658495678125,3.5851939277454674,3.5442731561846674,0.040920771560799984,0.04651535619822396,-0.005594584637423974,3.5805,3.630888490749181,3.5301115092508186
2019-07-22,3.57,3.6,3.5,3.53,20697528,3.496055350792907,3.4481898787948366,3.425020915741267,3.5767025542461646,3.5432158853561733,0.0334866688899913,0.04390961873657743,-0.010422949846586128,3.5794999999999995,3.6329696175409953,3.5260303824590036
2019-07-23,3.53,3.56,3.5,3.5,10574000,3.4962100429186753,3.4492158217889983,3.4257669762811553,3.5649021612852163,3.540014708663123,0.024887452622093242,0.04010518551368059,-0.01521773289158735,3.5759999999999996,3.639686733312209,3.5123132666877903
2019-07-24,3.52,3.55,3.5,3.5,10227000,3.4963586686865704,3.4502214490803054,3.4265056133330845,3.554917213395183,3.537050656169558,0.017866557225624913,0.035657459856069454,-0.01779090263044454,3.5744999999999996,3.6436303117306763,3.505369688269323
2019-07-25,3.5,3.54,3.5,3.52,9472184,3.49728577971847,3.451603202563864,3.4274359057377306,3.5495453344113086,3.5357876446014425,0.013757689809866136,0.03127750584682879,-0.017519816036962656,3.5735,3.6451309988760494,3.501869001123951
2019-07-26,3.52,3.54,3.49,3.52,12387434,3.498176533455001,3.452957594592302,3.4283569415015345,3.5449998983480304,3.53461818944578,0.01038170890225043,0.02709834645791312,-0.01671663755566269,3.571,3.6463392328072213,3.495660767192779
2019-07-29,3.5,3.57,3.45,3.46,27313223,3.4966794144959814,3.453097048164732,3.428671797805002,3.5319229909098717,3.5290909161535,0.0028320747563719273,0.022245092117604885,-0.019413017361232958,3.5665,3.65578045698797,3.47721954301203
2019-07-30,3.45,3.52,3.45,3.47,16499461,3.4956331629471196,3.4534317600822617,3.4290830236974896,3.522396376923737,3.5247138112532403,-0.002317434329503154,0.017332586828183276,-0.01965002115768643,3.5604999999999998,3.6583723658648393,3.4626276341351603
2019-07-31,3.45,3.51,3.44,3.5,13738000,3.4958044114589972,3.4543539034469695,3.429788665252739,3.518950780473932,3.522883158567815,-0.003932378093883138,0.013079593843769994,-0.01701197193765313,3.5555,3.6549937183945858,3.456006281605414
2019-08-01,3.43,3.52,3.43,3.5,21688680,3.495968944342958,3.4552577865470293,3.4304872854989807,3.516035275785635,3.521188109785014,-0.005152833999379158,0.009433108275140163,-0.014585942274519322,3.5509999999999997,3.651975244490822,3.4500247555091774
2019-08-02,3.48,3.48,3.41,3.43,24964000,3.4933819269177437,3.454757632357979,3.4304824368870506,3.502799079510922,3.514433434986124,-0.011634355475202085,0.005219615525071714,-0.016853971000273797,3.5424999999999995,3.6536530476414457,3.4313469523585534
2019-08-05,3.39,3.42,3.35,3.4,19137692,3.4897198905680282,3.453673322806336,3.4301791290573287,3.4869838365092414,3.505956884246411,-0.01897304773716968,0.0003810828726234358,-0.019354130609793116,3.5335,3.6592417989372743,3.407758201062726
2019-08-06,3.38,3.38,3.29,3.33,34101200,3.4834563654477133,3.451224346117102,3.4291823218030273,3.4628324770462813,3.492923040968899,-0.030090563922617886,-0.005713246486424828,-0.024377317436193056,3.522,3.675049011757614,3.3689509882423856
2019-08-07,3.34,3.37,3.3,3.32,46176000,3.4770463119007444,3.448625844213793,3.4280959305413057,3.4408582498083917,3.4801139268230545,-0.039255677014662815,-0.012421732592072425,-0.02683394442259039,3.5089999999999995,3.6828850194812155,3.3351149805187834
2019-08-08,3.31,3.41,3.31,3.38,28080938,3.4732405741791466,3.447266916605599,3.4276173640682583,3.4314954421455623,3.4726980803917176,-0.04120263824615522,-0.018177913722888985,-0.023024724523266236,3.4974999999999996,3.673553968998098,3.3214460310019014
2019-08-09,3.38,3.41,3.34,3.4,23890575,3.4703683947995723,3.4463309380589533,3.427342564425788,3.4266499895077835,3.4673130373997387,-0.040663047891955184,-0.022674940556702224,-0.01798810733525296,3.4875,3.6618416186685887,3.313158381331411
2019-08-12,3.4,3.52,3.4,3.41,14644000,3.4680010067682168,3.4456115135429344,3.427170001595681,3.4240884526604325,3.4630676272219802,-0.03897917456154776,-0.025935787357671332,-0.013043387203876426,3.479,3.6510348801841768,3.3069651198158234
2019-08-13,3.44,3.47,3.41,3.44,26723340,3.466902928071424,3.445500394462876,3.427297663271346,3.426536383020366,3.461358914094426,-0.03482253107405997,-0.02771313610094906,-0.007109394973110909,3.469,3.624935884260116,3.3130641157398837
2019-08-14,3.52,3.52,3.43,3.45,13625743,3.466240068147054,3.445589495562621,3.427523557169144,3.430146170248002,3.4605175130503945,-0.030371342802392398,-0.02824477744123773,-0.002126565361154669,3.4619999999999997,3.607821809068412,3.3161781909315873
2019-08-15,3.44,3.5,3.43,3.45,26800911,3.4656032027295227,3.4456768322841533,3.4277472033664664,3.4332006055944633,3.4597384380096243,-0.026537832415161056,-0.027903388436022396,0.0013655560208613408,3.4549999999999996,3.5884915727676647,3.3215084272323345
2019-08-16,3.41,3.46,3.38,3.45,16293723,3.4649913124264042,3.445762439565655,3.427968624228492,3.4357851278106994,3.4590170722311337,-0.023231944420434303,-0.02696909963290478,0.0037371552124704777,3.4480000000000004,3.566253963992694,3.329746036007307
2019-08-19,3.44,3.48,3.44,3.45,17553274,3.464403417821447,3.445846351653464,3.42818784189786,3.437972031224438,3.4583491409547533,-0.020377109730315368,-0.0256507016523869,0.005273591922071531,3.4440000000000004,3.5561427661509444,3.3318572338490564
2019-08-20,3.38,3.46,3.33,3.44,15222473,3.4634464210441354,3.4457305823137916,3.4283053758093245,3.4382840264206784,3.456989945328475,-0.018705918907796715,-0.024261745103468863,0.0055558261956721484,3.4410000000000003,3.550160432391895,3.3318395676081054
2019-08-21,3.47,3.55,3.47,3.53,51287969,3.4660563653169145,3.4473992836541125,3.429317262617192,3.4523941762021124,3.462398097526366,-0.01000392132425354,-0.0214101803476258,0.011406259023372261,3.4425000000000003,3.555614985744531,3.3293850142554695
2019-08-22,3.52,3.55,3.46,3.5,22843000,3.467387488245663,3.4484408819975956,3.430020573436922,3.459718149094095,3.4651834236355237,-0.005465274541428755,-0.018221199186386393,0.012755924644957638,3.4415,3.552184235553151,3.330815764446849
2019-08-23,3.55,3.55,3.47,3.5,12356407,3.4686664102752447,3.4494618546313065,3.4307168861390425,3.4659153569257724,3.467762429292151,-0.0018470723663788213,-0.01494637382238488,0.013099301456006058,3.4405,3.548661915663442,3.332338084336558
2019-08-26,3.45,3.52,3.4,3.51,22872672,3.47028733536249,3.450660629787122,3.4315057728441265,3.472697609706423,3.470891138233473,0.0018064714729497666,-0.011595804763317952,0.013402276236267718,3.443,3.5550892501535514,3.3309107498464487
2019-08-27,3.53,3.53,3.46,3.49,22776856,3.4710603810345493,3.45143962721708,3.43208780495513,3.475359515905435,3.472306609475438,0.0030529064299971154,-0.00866606252465494,0.011718968954652055,3.4440000000000004,3.5573843022644027,3.330615697735598
2019-08-28,3.55,3.55,3.5,3.51,25375500,3.4725874249155475,3.452599238559316,3.4328630506769695,3.4806888211507525,3.475098712477257,0.005590108673495298,-0.005814828285024893,0.011404936958520191,3.4445,3.5589508628188766,3.3300491371811236
2019-08-29,3.49,3.58,3.47,3.57,17664000,3.4764075258992517,3.4549240061125968,3.434227597436403,3.4944290025121747,3.482128437478942,0.012300565033232846,-0.002191749621373345,0.014492314654606191,3.4480000000000004,3.5728358922745587,3.323164107725442
2019-08-30,3.63,3.63,3.57,3.61,20425000,3.4816464464522223,3.4579948178727435,3.435976576566389,3.5122091559718402,3.491600405073094,0.02060875089874603,0.0023683504826505306,0.018240400416095502,3.457,3.5999825164136676,3.314017483586332
2019-09-02,3.54,3.62,3.54,3.58,23340102,3.4855034485521355,3.460410762073283,3.437409645456276,3.522638516591557,3.498148523215828,0.02448999337572877,0.006792679061266179,0.01769731431446259,3.4659999999999997,3.615986666073969,3.3160133339260307
2019-09-03,3.57,3.6,3.54,3.58,20657993,3.489209195667738,3.462778865794604,3.438828454954224,3.5314633601928556,3.504211595570211,0.027251764622644448,0.010884496173541834,0.016367268449102614,3.4784999999999995,3.622621476539701,3.334378523460298
2019-09-04,3.58,3.65,3.58,3.6,27599915,3.4935539330925325,3.4654961159768893,3.440432151919854,3.542007458624724,3.5113070329353806,0.03070042568934328,0.014847682076702125,0.015852743612641156,3.4925000000000006,3.6263469274954914,3.35865307250451
2019-09-05,3.58,3.65,3.58,3.63,25924727,3.4989047592457663,3.4687536186308123,3.4423183991644324,3.5555447726824587,3.520099104569797,0.03544566811266181,0.018967279283894065,0.016478388828767745,3.505,3.641161668614859,3.368838331385141
2019-09-06,3.69,3.69,3.65,3.67,38963516,3.505614376530246,3.4727386954896082,3.4445838877299604,3.57315326919285,3.531202874601664,0.04195039459118588,0.02356390234535243,0.01838649224583345,3.5185000000000004,3.6635896274720636,3.373410372527937
2019-09-09,3.63,3.69,3.63,3.67,13930000,3.5120608715682757,3.4766448599353588,3.446826834120707,3.5880527662401036,3.541484143149689,0.04656862309041454,0.028164846494364855,0.018403776596049685,3.5315000000000003,3.681869544788769,3.3811304552112316
2019-09-10,3.71,3.71,3.63,3.64,32777454,3.5170780922910883,3.4798796151841636,3.4487489551742323,3.5960446483570108,3.5487816140274897,0.04726303432952106,0.0319844840613961,0.015278550268124962,3.5415,3.692797719744817,3.390202280255183
2019-09-11,3.69,3.7,3.66,3.7,59989161,3.524251500436536,3.484238434685467,3.451248965570509,3.6120377793790093,3.5599829759513795,0.0520548034276298,0.03599854793464284,0.016056255492986962,3.554,3.7140499921898797,3.39395000781012
2019-09-12,3.69,3.7,3.63,3.67,24600000,3.5299671278703975,3.4879168815233785,3.4534255927787627,3.620955044089931,3.5681323851401663,0.0528226589497649,0.039363370137667254,0.013459288812097646,3.565,3.725187390265215,3.404812609734785
2019-09-13,3.67,3.69,3.65,3.67,19015563,3.5354586130519507,3.491522487829846,3.4555805620048448,3.6285004219222494,3.575678134389043,0.0528222875332065,0.0420551536167751,0.010767133916431401,3.5759999999999996,3.7332768260106355,3.4187231739893638
2019-09-16,3.63,3.67,3.62,3.64,18776180,3.5395582752852075,3.494462636585691,3.457415581288379,3.630269587780365,3.5804427170268913,0.049826870753473695,0.04360949704411482,0.0062173737093588755,3.5854999999999997,3.733888004905987,3.4371119950940123
2019-09-17,3.64,3.65,3.59,3.62,13098926,3.5427128527250034,3.4969485249701324,3.459033336698445,3.6286896511987705,3.5833728861360106,0.045316765062759945,0.04395095064784385,0.0013658144149160945,3.5945,3.7275375886731976,3.4614624113268024
2019-09-18,3.62,3.62,3.59,3.61,28373461,3.5453515643828464,3.499187168040031,3.460535492552192,3.6258143202451136,3.5853452649407505,0.04046905530436318,0.04325457157914772,-0.002785516274784544,3.5985,3.7283114016563212,3.468688598343679
2019-09-19,3.63,3.66,3.6,3.61,26751856,3.5478867971521466,3.501381481544189,3.4620227015815237,3.6233813478997114,3.5871715416118057,0.03620980628790571,0.04184561852089932,-0.0056358122329936075,3.604,3.7257209924375356,3.4822790075624646
2019-09-20,3.6,3.65,3.6,3.63,23963184,3.5511069227540233,3.5039283828997494,3.463694117486185,3.6243996020689866,3.590344020010931,0.03405558205805548,0.04028761122833056,-0.006232029170275079,3.6104999999999996,3.722834322448565,3.4981656775514343
2019-09-23,3.63,3.66,3.61,3.63,21986926,3.5542007689205324,3.506424850565101,3.46534890238682,3.6252612017506807,3.5932815000101215,0.0319797017405592,0.03862602933077629,-0.006646327590217091,3.6165000000000007,3.7191206606876905,3.513879339312311
2019-09-24,3.7,3.7,3.62,3.63,17408325,3.5571732877863935,3.508871883227178,3.466987221766056,3.6259902476351913,3.5960013888982605,0.0299888587369308,0.03689859521200719,-0.006909736475076388,3.6235,3.7081817571852267,3.538818242814773
2019-09-25,3.68,3.7,3.59,3.6,20661184,3.558852766696731,3.5106764003909965,3.4683107319972395,3.621991747999008,3.596297582313204,0.02569416568580385,0.034657709306766524,-0.008963543620962675,3.628,3.6959999999998345,3.5600000000001657
2019-09-26,3.57,3.68,3.57,3.67,80123250,3.563211481728232,3.5138313231555314,3.4703175903853265,3.6293776329222376,3.6017570206603744,0.027620612261863187,0.033250289897785855,-0.005629677635922668,3.633,3.697838260309614,3.568161739690386
2019-09-27,3.63,3.67,3.63,3.65,28537961,3.566614953033007,3.516527732597996,3.4721054750581093,3.632550304780355,3.6053305746855315,0.02721973009482337,0.03204417793719336,-0.004824447842369989,3.6350000000000002,3.6993428317684045,3.570657168231596
2019-09-30,3.6,3.66,3.6,3.66,19470000,3.570277111737595,3.5193687675960557,3.473975072321213,3.6367733348141464,3.6093801617458627,0.027393173068283705,0.03111397696341143,-0.0037208038951277236,3.6390000000000002,3.6989666574020683,3.579033342597932
2019-10-02,3.59,3.67,3.59,3.65,10001000,3.5734034995125916,3.5219555246733614,3.4757265641389123,3.638808206381201,3.6123890386535766,0.026419167727624426,0.030175015116254027,-0.0037558473886296004,3.6425000000000005,3.696119026473603,3.5888809735263982
2019-10-03,3.66,3.66,3.6,3.65,7385195,3.5764072838454313,3.524491058838245,3.4774606281773313,3.6405300207840936,3.615175035790349,0.025354984993744445,0.029211009091752112,-0.0038560240980076675,3.6449999999999996,3.694999999999767,3.595000000000232
2019-10-04,3.67,3.67,3.63,3.66,15301692,3.5796854295769833,3.527174404207785,3.479276940334771,3.6435254022019254,3.6184954035095824,0.025029998692343014,0.028374807011870295,-0.003344808319527281,3.6464999999999996,3.6964099188536372,3.596590081146362
2019-10-08,3.67,3.69,3.63,3.67,24588500,3.5832271774367097,3.530002633827433,3.481174682221987,3.6475984172477833,3.622310558805169,0.025287858442614386,0.027757417298019116,-0.00246955885540473,3.6464999999999996,3.6964099188536372,3.596590081146362
2019-10-09,3.67,3.67,3.63,3.65,13693547,3.5858457194980153,3.5323788192961967,3.482854536130226,3.6479678915173555,3.624361628523305,0.023606262994050553,0.026927186437225404,-0.003320923443174851,3.6454999999999997,3.69427499359279,3.5967250064072096
2019-10-10,3.67,3.68,3.64,3.67,19907079,3.5891458873608384,3.5351039911913213,3.484716680049328,3.6513574466685315,3.62774224863269,0.023615198035841445,0.026264788756948616,-0.0026495907211071708,3.647,3.696839743177274,3.5971602568227254
2019-10-11,3.67,3.68,3.65,3.67,31613340,3.5923166368760997,3.5377751992865427,3.4865602951732155,3.65422553179645,3.6308724524376763,0.02335307935877351,0.025682446877313598,-0.002329367518540088,3.6455000000000006,3.6904332838770637,3.6005667161229375
2019-10-14,3.69,3.69,3.63,3.65,29006176,3.5945787295476253,3.5399974725679972,3.4881865608928853,3.653575449981611,3.6322893078126635,0.02128614216894764,0.02480318593564041,-0.0035170437666927692,3.6445,3.688077517138735,3.6009224828612645
2019-10-15,3.69,3.7,3.67,3.7,25655641,3.598712897016346,3.543165839447839,3.4902941573019115,3.660717688445979,3.637304914641355,0.02341277380462392,0.024525103509437114,-0.0011123297048131926,3.646,3.6947442304275766,3.597255769572423
2019-10-16,3.68,3.74,3.68,3.73,20272903,3.6038614108588427,3.5468655257954063,3.4926792900650767,3.671376505608136,3.6441712172605136,0.02720528834762259,0.02506114047707421,0.0021441478705483824,3.6505,3.7113194047979468,3.5896805952020534
2019-10-17,3.73,3.79,3.72,3.76,30794000,3.609984492785947,3.5510860104331208,3.495339197626618,3.6850108893607305,3.652751127093068,0.032259762267662584,0.026500864835191887,0.005758897432470697,3.6574999999999998,3.7330976190099667,3.5819023809900328
2019-10-18,3.76,3.79,3.73,3.76,22034227,3.615867453853165,3.5552229211176134,3.497972638446254,3.696547675612926,3.6606954880491367,0.03585218756378916,0.028371129380911346,0.007481058182877816,3.665,3.749498520696967,3.580501479303033
2019-10-21,3.74,3.83,3.73,3.83,34417282,3.6242648086040217,3.560664051392512,3.501276393287585,3.7170788024417067,3.67323656300846,0.04384223943324672,0.031465351391378425,0.012376888041868296,3.6759999999999997,3.7832194012293257,3.5687805987706738
2019-10-22,3.83,3.84,3.81,3.82,24854602,3.631940698462688,3.565799416711472,3.504447772458853,3.7329128328352903,3.684107928711537,0.04880490412375327,0.03493326193785339,0.013871642185899875,3.6855,3.8073974979233567,3.5636025020766438
2019-10-23,3.8,3.82,3.78,3.79,16376594,3.6381391024445433,3.570239032222136,3.5072890881557806,3.741695473937553,3.691951785844016,0.04974368809353713,0.037895347168990144,0.011848340924546986,3.6934999999999993,3.82066524682465,3.5663347531753486
2019-10-24,3.78,3.85,3.77,3.83,30286360,3.645663059211424,3.5753828137622916,3.510500142004977,3.755280785639468,3.7021775794852,0.053103206154268,0.04093691896604572,0.012166287188222283,3.7034999999999996,3.840215032092209,3.56678496790779
2019-10-25,3.81,3.83,3.8,3.81,10878000,3.6521076451247017,3.580028698638286,3.51348024009448,3.7636991263103194,3.7101644254492596,0.053534700861059825,0.04345647534504854,0.010078225516011285,3.714,3.849558105622546,3.578441894377454
2019-10-28,3.82,3.86,3.79,3.84,26612000,3.65947597276687,3.585176645199904,3.5167291929293607,3.775437722262578,3.7197818754159813,0.055655846846596635,0.04589634964535816,0.009759497201238476,3.7225,3.8669818327679053,3.578018167232095
2019-10-29,3.86,3.89,3.83,3.85,27509481,3.666947503246601,3.5904206720276286,3.5200453203628994,3.786908841914489,3.729427662422205,0.05748117949228426,0.04821331561474338,0.009267863877540881,3.7324999999999995,3.883082203463664,3.581917796536335
2019-10-30,3.84,3.92,3.84,3.86,52078606,3.674518189393793,3.595758876541933,3.5234279539911295,3.7981536354661065,3.7390996874279674,0.059053948038139126,0.05038144209942253,0.008672505938716595,3.7424999999999997,3.8989448784715304,3.586055121528469
2019-10-31,3.87,3.89,3.83,3.85,26225004,3.681399829025409,3.6007933542341717,3.5266774270857453,3.806129999240552,3.7473145253962663,0.05881547384428565,0.05206824844839516,0.00674722539589049,3.7525,3.909582780723959,3.5954172192760407
2019-11-01,3.86,3.9,3.85,3.89,19388989,3.6895802278871574,3.606520218506762,3.5302925770649916,3.819033076280467,3.7578838198113576,0.0611492564691094,0.053884450052538016,0.007264806416571387,3.7645000000000004,3.925058400589851,3.60394159941015
2019-11-04,3.96,3.96,3.89,3.93,22338594,3.6990084542445243,3.612925758734351,3.534269765352902,3.836104910698857,3.770633166491998,0.06547174420685886,0.056201908883402193,0.009269835323456668,3.778,3.9463567640457913,3.6096432359542088
2019-11-05,3.9,3.96,3.89,3.9,33762403,3.7068904756467,3.6186103971752552,3.5379088721653114,3.8459349244374943,3.780215894899998,0.06571902953749609,0.058105333014220974,0.007613696523275114,3.7895000000000003,3.9581979549371296,3.620802045062871
2019-11-06,3.88,3.96,3.87,3.95,38251008,3.7164241824840842,3.6251725675282205,3.5420092813974975,3.8619449360624953,3.792792495277776,0.06915244078471927,0.06031475456832064,0.008837686216398632,3.8045,3.974261597541873,3.634738402458127
2019-11-07,3.96,4.0,3.94,3.99,41131286,3.727152645916081,3.632396873121721,3.54646690048807,3.881645715129804,3.8074004585905334,0.07424525653927061,0.06310085496251064,0.011144401576759971,3.8205,3.9967356377126038,3.6442643622873963
2019-11-08,4.04,4.11,4.02,4.06,81836563,3.7402054833311364,3.640864261772776,3.551576682572766,3.9090848358790646,3.8261115357319753,0.08297330014708937,0.06707534399942638,0.015897956147662984,3.84,4.030997382180927,3.6490026178190726
2019-11-11,4.06,4.09,3.96,3.99,37341762,3.750001346729915,3.6477778407475725,3.5559391036416943,3.9215333226669005,3.8382514219740513,0.08328190069284913,0.07031665533811093,0.012965245354738197,3.857,4.037565777488334,3.676434222511667
2019-11-12,4.03,4.05,3.99,4.01,29008633,3.7601973723483497,3.654950556772373,3.560457122510931,3.9351435807181465,3.8509735388648623,0.08417004185328425,0.0730873326411456,0.01108270921213865,3.8725,4.049686342588715,3.6953136574112846
2019-11-13,3.99,4.0,3.93,3.96,24343747,3.7680327695111595,3.6609911398065833,3.564432673530723,3.9389676452230473,3.8590495730230208,0.07991807220002656,0.0744534805529218,0.005464591647104763,3.8839999999999995,4.0523330032999025,3.715666996700097
2019-11-14,3.93,4.0,3.93,3.96,18581247,3.7755608961969966,3.666912107335166,3.5683686668289245,3.942203392111809,3.866527382428723,0.07567600968308597,0.07469798637895464,0.0009780233041313258,3.8940000000000006,4.055294761229138,3.732705238770863
2019-11-15,3.99,4.0,3.94,3.96,18952985,3.782793802228487,3.6727158279819943,3.5722654960147064,3.9449413317869153,3.8734512800265954,0.07149005176031986,0.07405639945522768,-0.0025663476949078223,3.904,4.055314242554903,3.7526857574450965
2019-11-18,3.98,4.0,3.86,3.94,36933000,3.788958751160703,3.678008583863539,3.5759245458056053,3.9441811268966207,3.8783808148394403,0.0658003120571804,0.07240518197561824,-0.006604869918437839,3.9095,4.0576181960461435,3.761381803953856
2019-11-19,3.92,4.0,3.92,3.99,31333165,3.7968427217034204,3.6841866317078256,3.5800446995786843,3.951230184297141,3.8866489026291116,0.06458128166802934,0.07084040191410046,-0.006259120246071115,3.918,4.064095858941872,3.7719041410581275
2019-11-20,3.99,4.0,3.96,3.99,24017110,3.8044175169307373,3.690242341971037,3.5841238567968072,3.95719477132835,3.8943045394713995,0.06289023185695042,0.06925036790267046,-0.006360136045720041,3.928,4.064762567978095,3.791237432021905
2019-11-21,3.93,3.97,3.93,3.94,19170258,3.8097344770511006,3.69518803816963,3.587664912948083,3.954549421893219,3.897689388399444,0.05686003349377522,0.0667723010208914,-0.009912267527116186,3.9335,4.062693653094735,3.804306346905265
2019-11-22,3.99,3.99,3.95,3.97,16805989,3.816019399519685,3.700629859195974,3.5914692421724803,3.956926433909647,3.9030457299994854,0.05388070391016164,0.06419398159874545,-0.01031327768858381,3.9415,4.058337493981865,3.8246625060181345
2019-11-25,3.96,4.02,3.96,3.98,18747950,3.822450011303227,3.7061619411920934,3.5953352198623065,3.960476213308163,3.90874604629582,0.05173016701234312,0.06170121868146499,-0.00997105166912187,3.9485,4.056624927745466,3.8403750722545347
2019-11-26,3.99,3.99,3.92,3.93,77471563,3.826667657918787,3.7105943780001707,3.598665217674622,3.9557875651069074,3.91032041323687,0.04546715187003736,0.05845440531917947,-0.01298725344914211,3.9525000000000006,4.051267403529515,3.8537325964704863
2019-11-27,3.93,3.98,3.92,3.96,18369297,3.8318963772160894,3.715533103188286,3.6022605886430337,3.9564356320135374,3.9140003826267318,0.04243524938680565,0.05525057413270471,-0.01281532474589906,3.9575000000000005,4.046690806700925,3.868309193299076
2019-11-28,3.89,3.96,3.89,3.93,19704000,3.8357435781095766,3.7197799724320824,3.6055216773132526,3.9523686117037626,3.9151855394691957,0.03718307223456696,0.05163707375307716,-0.014454001518510201,3.9614999999999996,4.037203368484906,3.8857966315150936
2019-11-29,3.89,3.93,3.85,3.89,48500442,3.837871280928809,3.723150666047289,3.6083523073897377,3.9427734406724144,3.913319943952959,0.02945349671945552,0.04720035834635283,-0.017746861626897315,3.9614999999999996,4.037203368484906,3.8857966315150936
2019-12-02,3.86,3.91,3.86,3.89,22778219,3.8399155444217965,3.726454613254273,3.611154771992825,3.9346544497997353,3.911592540697184,0.023061909102551237,0.04237266849759252,-0.01931075939504128,3.9595,4.040364083497939,3.8786359165020614
2019-12-03,3.86,3.91,3.85,3.87,23589352,3.841095326993491,3.729297096160129,3.613730346400857,3.9247076113690067,3.908511611756652,0.01619599961235485,0.037137334720544986,-0.020941335108190136,3.9579999999999997,4.04416263691393,3.8718373630860703
2019-12-04,3.83,3.9,3.83,3.87,28176200,3.842228843581982,3.73208329227577,3.616280293202839,3.9162910557737747,3.9056588997746777,0.010632155999096948,0.03183629897625538,-0.021204142977158433,3.9539999999999997,4.04831860898021,3.859681391019789
2019-12-05,3.9,3.98,3.9,3.98,63654282,3.8476316340297476,3.7369925340128836,3.61989939476301,3.926092431808579,3.9111656479395163,0.014926783869062543,0.028454395954816816,-0.013527612085754273,3.9535000000000005,4.047153617121614,3.8598463828783864
2019-12-06,4.02,4.02,3.97,3.99,20727911,3.8532147072050513,3.7420025828443118,3.6235819878499456,3.93592436537649,3.9170052295736264,0.01891913580286353,0.02654734392442616,-0.007628208121562632,3.95,4.031975606127445,3.868024393872555
2019-12-09,4.0,4.02,3.98,3.99,21877000,3.858578836334265,3.746913422787989,3.627227938219598,3.9442436937801073,3.92241224960521,0.021831444174897463,0.025604163974520422,-0.003772719799622959,3.95,4.031975606127445,3.868024393872555
2019-12-10,4.0,4.02,3.96,3.99,20841540,3.8637326074584113,3.7517270183763456,3.6308376104761195,3.9512831255062446,3.9274187496344535,0.023864375871791133,0.025256206353974568,-0.0013918304821834357,3.9490000000000003,4.028473265944984,3.869526734055017
2019-12-11,3.98,4.06,3.98,4.05,40694895,3.871037211087493,3.7576334140520613,3.6350083805211333,3.966470336966822,3.9364988422541236,0.029971494712698554,0.026199264025719367,0.0037722306869791868,3.9535000000000005,4.044335015274738,3.8626649847252628
2019-12-12,4.06,4.09,4.05,4.06,50651012,3.8784475165350423,3.7636208711995454,3.6392371528542564,3.980859515895003,3.9456470761612255,0.03521243973377741,0.02800189916733098,0.007210540566446433,3.9585,4.0605343079555185,3.8564656920444813
2019-12-13,4.12,4.16,4.08,4.1,57150856,3.8871358492199426,3.770281844047079,3.6438218578009804,3.9991888211419253,3.957080626075209,0.04210819506671637,0.030823158347208057,0.011285036719508312,3.9655,4.084743448457185,3.8462565515428153
2019-12-16,4.09,4.12,4.01,4.03,40006208,3.892738364936808,3.775424777828325,3.6476644263800755,4.003929002504706,3.962482061180749,0.0414469413239571,0.03294791494255787,0.008499026381399231,3.97,4.091819538662569,3.8481804613374315
2019-12-17,4.02,4.09,3.96,4.07,50182067,3.8996898016059527,3.7812579505445956,3.6518667703961945,4.014093771350136,3.970446352945138,0.04364741840499775,0.035087815635045844,0.008559602769951907,3.9739999999999993,4.103213002441553,3.844786997558446
2019-12-18,4.12,4.12,4.06,4.11,47580000,3.9079372603665035,3.787767694098168,3.6564253099942428,4.028848575757807,3.980783660134387,0.04806491562341986,0.03768323563272065,0.010381679990699208,3.9800000000000004,4.122126704035381,3.83787329596462
2019-12-19,4.11,4.12,4.09,4.1,26992731,3.9154691325089934,3.793950512036818,3.6608389885017627,4.039794948718145,3.9896145001244325,0.05018044859371207,0.04018267822491893,0.009997770368793138,3.9880000000000004,4.138013332740662,3.8379866672593397
2019-12-20,4.03,4.12,4.03,4.12,49156133,3.923489950841974,3.8004069375410396,3.665407754785327,4.0521341873768915,3.9992726853004004,0.052861502076491096,0.04271844299523336,0.010143059081257733,3.9955000000000007,4.155809076474042,3.83519092352596
2019-12-23,4.13,4.13,4.06,4.09,14910645,3.9300197566913084,3.806141453629336,3.6696325532451746,4.057959697011216,4.00599322713,0.05196646988121589,0.04456804837242987,0.0073984215087860225,4.0009999999999994,4.16627552752891,3.835724472471089
2019-12-24,4.06,4.09,4.02,4.03,6924332,3.9339405505465517,3.8105742961317253,3.673218298984029,4.053658205163337,4.007771506601852,0.04588669856148542,0.04483177841024098,0.0010549201512444345,4.005999999999999,4.168406896405169,3.84359310359483
2019-12-27,4.08,4.12,4.04,4.05,29766930,3.93849190150551,3.8153153991786217,3.6769673706359294,4.053095404368978,4.010899543149863,0.042195861219115116,0.04430459497201581,-0.0021087337529006947,4.0105,4.172546289682792,3.8484537103172087
2019-12-30,4.11,4.11,4.06,4.08,15560313,3.944041238701373,3.8205566784028075,3.6809776455549748,4.057234572927597,4.016018095509132,0.041216477418465125,0.04368697146130568,-0.002470494042840554,4.018,4.17832467059052,3.8576753294094797
2019-12-31,4.11,4.11,4.02,4.06,24823372,3.9485886411052404,3.8252981303156233,3.6847490122658706,4.057660023246428,4.019276014360307,0.038384008886120924,0.04262637894626873,-0.004242370060147806,4.0265,4.176469996999262,3.876530003000739
2020-01-02,4.08,4.13,4.06,4.09,17263000,3.954134184591309,3.830539751497492,3.688781360402529,4.062635404285439,4.024514828111395,0.03812057617404374,0.041725218391823735,-0.0036046422177799936,4.0365,4.17495938032491,3.8980406196750907
2020-01-03,4.13,4.16,4.06,4.06,14310352,3.9582857851955717,3.8350835187945713,3.692475078209469,4.062229957472295,4.0271433593624035,0.03508659810989112,0.04039749433543722,-0.005310896225546098,4.046,4.1616546583582235,3.9303453416417766
2020-01-06,4.09,4.09,3.99,4.03,11629961,3.9610981073447653,3.838943251095669,3.6958335351427083,4.057271502476556,4.027354962372596,0.02991654010396072,0.03830130348914192,-0.008384763385181203,4.054,4.137522452071027,3.970477547928973
2020-01-07,4.02,4.09,4.02,4.05,25451000,3.9645844560763432,3.843122592658131,3.699357579569149,4.056152809787855,4.029032372567218,0.027120437220637506,0.03606513023544104,-0.008944693014803537,4.057499999999999,4.133887171697587,3.981112828302411
2020-01-08,3.98,4.02,3.96,3.98,23808524,3.9651889872106048,3.845833036367871,3.702150041463984,4.044436992897416,4.025400344969646,0.019036647927769934,0.03265943377390682,-0.013622785846136888,4.057,4.13525599018578,3.9787440098142204
2020-01-09,3.97,4.04,3.95,4.03,23366200,3.9677305955552873,3.849479906934844,3.7054122301061336,4.042215917067044,4.02574106015708,0.016474856909963975,0.029422518401118255,-0.01294766149115428,4.059,4.132184697853833,3.9858153021461677
2020-01-10,4.09,4.09,3.98,4.07,33624614,3.971741160435472,3.853846641450986,3.709039969110053,4.046490391364422,4.029019500145445,0.017470891218977158,0.027032192964690036,-0.009561301745712878,4.063,4.129060578259327,3.9969394217406733
2020-01-13,4.11,4.13,4.08,4.11,23550504,3.9771630757125127,3.85891898518463,3.7130296211587095,4.05626110038528,4.035018055690227,0.021243044695053115,0.025874363310762653,-0.004631318615709538,4.066,4.134818602136025,3.997181397863975
2020-01-14,4.13,4.15,4.09,4.09,21316200,3.9815880531355514,3.863494846864142,3.7167805702019066,4.061451700326006,4.039090792305766,0.022360908020240267,0.025171672252658178,-0.0028107642324179116,4.0675,4.137034164264456,3.997965835735543
2020-01-15,4.09,4.12,4.04,4.06,17962024,3.984663031443961,3.867386038015347,3.720195688906365,4.061228361814313,4.0406396225053385,0.02058873930897409,0.02425508566392136,-0.0036663463549472704,4.0655,4.133463225349865,3.9975367746501353
2020-01-16,4.12,4.12,4.02,4.06,26936379,3.987617422367727,3.8712001758764294,3.7235768263301825,4.061039383073649,4.04207372454198,0.018965658531668872,0.023197200237470864,-0.004231541705801992,4.067,4.133060578259325,4.000939421740675
2020-01-17,4.04,4.07,4.04,4.06,18859649,3.990455954823895,3.874938786255114,3.726924320595554,4.060879477985395,4.04340159679813,0.0174778811872649,0.02205333642742967,-0.004575455240164773,4.0665000000000004,4.132613538703934,4.000386461296067
2020-01-20,4.02,4.06,3.95,3.96,24355153,3.9892616036543305,3.87662316672531,3.729243481584653,4.045359558295335,4.037223700739009,0.008135857556325732,0.019269840653208883,-0.011133983096883151,4.058999999999999,4.136691698397941,3.981308301602057
2020-01-21,3.84,3.96,3.84,3.84,31669883,3.983408207432592,3.8758979555030266,3.7303455364942586,4.013765780096053,4.022614537721305,-0.008848757625251835,0.013646120997516739,-0.022494878622768576,4.046,4.166896650077484,3.925103349922517
2020-01-22,3.89,3.96,3.86,3.95,22163356,3.9820980816509217,3.8773653227207885,3.732531153046555,4.003955660081275,4.017235683075282,-0.013280022994006657,0.00826089219921206,-0.02154091519321872,4.0375,4.160280291577914,3.914719708422085
2020-01-23,3.94,3.99,3.89,3.91,21803000,3.9792707058999053,3.8780115539540403,3.7342970122202215,3.9895009431456945,4.009292299143779,-0.019791355998084903,0.002650442559752668,-0.02244179855783757,4.0285,4.1606022331376655,3.896397766862335
2020-01-24,3.87,3.95,3.87,3.93,6498000,3.9773385213548114,3.879041028133168,3.7362443056309655,3.980346951892511,4.003418795503499,-0.023071843610988463,-0.002494014674395558,-0.020577828936592903,4.0235,4.162392044408449,3.884607955591552
2020-01-29,3.82,3.87,3.8,3.83,24968883,3.9715605401252114,3.878069918665185,3.7371771981122497,3.957216651601356,3.9905729587995364,-0.03335630719818061,-0.008666473179152569,-0.024689834019028044,4.012499999999999,4.174225075359261,3.8507749246407377
2020-01-30,3.8,3.88,3.76,3.76,25516000,3.963264048355595,3.875731900473795,3.737404290668347,3.9268756282780704,3.973493480369941,-0.04661785209187075,-0.016256748961696203,-0.030361103130174545,3.9964999999999997,4.188778443929525,3.8042215560704746
2020-01-31,3.76,3.8,3.7,3.71,28572192,3.95333212489067,3.872450080662433,3.737131611159209,3.893510147004521,3.9539754447869826,-0.06046529778246157,-0.025098458725849277,-0.035366839056612295,3.979,4.205618622359153,3.7523813776408472
2020-02-03,3.7,3.75,3.69,3.7,27713493,3.9433975317577024,3.8690352275800084,3.736762142391456,3.863739355157672,3.9351624488768358,-0.07142309371916378,-0.03436338572451218,-0.037059707994651594,3.9595,4.210376463622957,3.7086235363770426
2020-02-04,3.7,3.8,3.7,3.8,38397141,3.9377740991397534,3.8676681933705033,3.7373913748054717,3.85393330051803,3.9251504156266996,-0.07121711510866957,-0.04173413160134366,-0.029482983507325908,3.9464999999999995,4.202099295773602,3.690900704226397
2020-02-05,3.74,3.86,3.73,3.86,31680723,3.9347241344676065,3.867516347957226,3.7386113611258156,3.854866638899872,3.9203244589136106,-0.06545782001373857,-0.046478869283822645,-0.01897895072991592,3.9379999999999997,4.193233226677018,3.682766773322982
2020-02-06,3.86,3.96,3.84,3.93,22495036,3.9345388742924063,3.8687536479976767,3.740515725691728,3.8664256175306613,3.9210411656607507,-0.0546155481300894,-0.048106205053076,-0.006509343077013396,3.932,4.182007999871928,3.6819920001280715
2020-02-07,3.89,3.94,3.87,3.89,26674723,3.9327922517711356,3.8691743678393067,3.7420031314062383,3.8700524456028673,3.9187418200562507,-0.048689374453383394,-0.04822283893313748,-0.0004665355202459129,3.9274999999999998,4.177129725793949,3.6778702742060507
2020-02-10,3.84,3.9,3.83,3.86,12160590,3.9299376536624635,3.8689926971890234,3.7431772296012014,3.8685059155101182,3.914390574126158,-0.045884658616039964,-0.04775520286971798,0.0018705442536780179,3.9189999999999996,4.165649548955522,3.672350451044477
2020-02-11,3.87,3.99,3.87,3.96,17321395,3.931116569205112,3.8707948219971615,3.745334670102682,3.8825819285085617,3.917769050116813,-0.03518712160825155,-0.0452415866174247,0.010054465009173154,3.9135,4.151178354083755,3.675821645916245
2020-02-12,3.96,3.97,3.93,3.96,21233102,3.932249252765696,3.8725612611655347,3.747470643534496,3.8944924010457056,3.920897268626679,-0.0264048675809736,-0.04147424281013448,0.01506937522916088,3.906,4.127305219097885,3.684694780902115
2020-02-13,3.98,3.99,3.93,3.96,26118000,3.9333375173631198,3.8742927213404745,3.7495853634993273,3.9045704931925203,3.9237937672469254,-0.01922327405440516,-0.037024049058988616,0.017800775004583456,3.8994999999999997,4.105943696924762,3.6930563030752372
2020-02-14,4.0,4.0,3.86,3.89,24364000,3.9316380068782917,3.8746037565614553,3.750982524061523,3.9023288788552093,3.9212905252286347,-0.018961646373425456,-0.03341156852187599,0.014449922148450534,3.8909999999999996,4.083862645424051,3.6981373545759477
2020-02-17,3.91,3.92,3.83,3.86,25961000,3.9288286732752216,3.8743145732632085,3.7520672750658863,3.8958167436467157,3.91675048632281,-0.02093374267609427,-0.03091600335271965,0.00998226067662538,3.8809999999999993,4.057850219112003,3.7041497808879953
2020-02-18,3.83,3.88,3.8,3.82,15710118,3.9245608821663898,3.8732390371589864,3.752743222577669,3.8841526292395288,3.9095837836322316,-0.025431154392702826,-0.029819033560716288,0.0043878791680134616,3.8690000000000007,4.027227684050436,3.710772315949565
2020-02-19,3.82,3.87,3.8,3.86,25611356,3.922029082865747,3.8729768780073233,3.7538104541938115,3.880436840125755,3.9059109107705847,-0.02547407064482954,-0.02895004097753894,0.0034759703327094,3.864,4.016630272226595,3.7113697277734046
2020-02-20,3.83,3.87,3.82,3.85,18262844,3.919204412949443,3.87252189032401,3.754767564102331,3.8757542493371777,3.9017693618246154,-0.026015112487437708,-0.028363055279518695,0.0023479427920809863,3.8644999999999996,4.016877819908163,3.7121221800918365
2020-02-21,3.83,3.86,3.81,3.83,17257000,3.915706200676916,3.8716798726938317,3.7555161455540493,3.8687151340545354,3.89645311280057,-0.027737978746034564,-0.02823803997282187,0.0005000612267873072,3.8585000000000003,4.0063208375025825,3.710679162497418
2020-02-24,3.83,3.83,3.76,3.79,20394676,3.9107765457484094,3.870062449472172,3.75585926848386,3.856605113430761,3.8885676970375647,-0.03196258360680382,-0.02898294869961826,-0.0029796349071855577,3.8525,4.001211129374923,3.7037888706250772
2020-02-25,3.82,3.82,3.74,3.77,19193809,3.9052558968955307,3.8680810148291584,3.7559999722800406,3.8432812498260285,3.8797849046644117,-0.03650365483838325,-0.030487089927371258,-0.00601656491101199,3.8445,3.9928880049059403,3.6961119950940597
2020-02-26,3.73,3.76,3.7,3.73,18575020,3.898383116625118,3.8653467373077888,3.7557412660881995,3.8258533652374087,3.8686897265411218,-0.042836361303713044,-0.032956944202639615,-0.009879417101073429,3.8395,3.996021564009454,3.682978435990546
2020-02-27,3.68,3.8,3.67,3.78,26717895,3.893740641463349,3.8636567029056543,3.755982646525133,3.818799001354731,3.8621201171677053,-0.04332111581297449,-0.035029778524706595,-0.008291337288267892,3.8405,3.9952223319368136,3.6857776680631864
2020-02-28,3.7,3.76,3.68,3.76,43062067,3.8884959104255707,3.8616040949273245,3.7560226201915494,3.8097530011463108,3.8545556640441716,-0.044802662897860834,-0.03698435539933744,-0.007818307498523393,3.843,3.990661775690141,3.695338224309859
2020-03-02,3.82,3.82,3.7,3.79,23441723,3.8846333257029992,3.8601861920574763,3.7563607035727284,3.806714077893032,3.8497737630038626,-0.04305968511083069,-0.03819942134163609,-0.0048602637691946005,3.8475,3.9823888431263508,3.7126111568736495
2020-03-03,3.82,3.82,3.73,3.76,32156321,3.8797457443028818,3.858202307066239,3.7563969154774774,3.7995272966787192,3.843123854633206,-0.04359655795448658,-0.03927884866420619,-0.004317709290280393,3.8455000000000004,3.984276799213577,3.7067232007864237
2020-03-04,3.77,3.82,3.73,3.82,23161555,3.877402773938063,3.8574458257381945,3.7570297819901395,3.8026769433435317,3.8414109765122277,-0.03873403316869606,-0.03916988556510416,0.00043585239640810125,3.8435,3.982535966569681,3.704464033430319
2020-03-05,3.77,3.9,3.77,3.9,36783817,3.8782889396659823,3.85828848265427,3.7584523712240685,3.817649721290681,3.8457509041779887,-0.028101182887307896,-0.03695614502954491,0.008854962142237015,3.842,3.977882302011577,3.706117697988423
2020-03-06,3.84,3.84,3.76,3.78,31249000,3.874434471443787,3.856738215671017,3.758666775490496,3.81185745647673,3.8408804668314707,-0.02902301035474064,-0.03536951809458406,0.006346507739843417,3.8365,3.973068664048404,3.699931335951596
2020-03-09,3.63,3.71,3.63,3.66,55978000,3.866025276485207,3.8528424094201057,3.757685016530392,3.7884947708649253,3.827481913732843,-0.0389871428679176,-0.03609304304925077,-0.002894099818666833,3.8265000000000002,3.9826121391819553,3.670387860818045
2020-03-10,3.71,3.82,3.67,3.81,44572461,3.8638282068191208,3.8519940448771335,3.758205563629592,3.791803267654937,3.82618695716004,-0.034383689505102843,-0.03575117234042119,0.0013674828353183455,3.8190000000000004,3.962652358142728,3.6753476418572726
2020-03-11,3.84,3.84,3.76,3.77,31220153,3.8601486692968026,3.850370400424121,3.7583229212054174,3.788448918784947,3.82202496033337,-0.033576041548422975,-0.03531614618202155,0.0017401046335985756,3.8095,3.9390337793780716,3.679966220621928
2020-03-12,3.68,3.74,3.65,3.74,36605000,3.8554369567753595,3.848184847940475,3.758140603581483,3.780995238971878,3.815949037345713,-0.03495379837383483,-0.035243676620384204,0.00028987824654937155,3.7984999999999998,3.9113317331248942,3.6856682668751053
2020-03-13,3.56,3.77,3.56,3.75,74267500,3.851302174156718,3.846240593525812,3.758059602550822,3.7762267406685126,3.811063923468253,-0.03483718279974024,-0.035162377856255415,0.00032519505651517483,3.7915,3.89794716999511,3.6850528300048904
2020-03-16,3.63,3.74,3.63,3.68,46532016,3.844584441836847,3.842948700584707,3.75728289008763,3.7614226267195106,3.801355484692827,-0.03993285797331625,-0.036116473879667585,-0.0038163840936486643,3.7825,3.8945490963817564,3.670450903618244
2020-03-17,3.86,3.86,3.69,3.8,62724977,3.842836032353049,3.8420982312661978,3.757707935957405,3.767357607224201,3.801255078419284,-0.033897471195082574,-0.03567267334275058,0.0017752021476680063,3.7815,3.8925450359087166,3.670454964091283
2020-03-18,3.76,3.8,3.63,3.67,60626254,3.836058148731361,3.8386903454985504,3.756835220176734,3.7523795138050935,3.7915324800178554,-0.039152966212761875,-0.03636873191675284,-0.0027842342960090333,3.772,3.886995652091584,3.6570043479084156
2020-03-19,3.63,3.7,3.63,3.64,109696320,3.8283695938791507,3.8347558832114506,3.755672680672488,3.735090357835079,3.7803078518683844,-0.04521749403330544,-0.03813848434006336,-0.007079009693242079,3.7615000000000003,3.884182517091757,3.6388174829082436
2020-03-20,3.71,3.84,3.68,3.84,89226875,3.828825688236831,3.8348597271082534,3.7565117584767416,3.751230302783528,3.7847294924707264,-0.03349918968719834,-0.037210625409490355,0.003711435722292017,3.7620000000000005,3.885870900537492,3.638129099462509
2020-03-23,3.67,3.75,3.67,3.72,52652340,3.824558014188328,3.8325852770665056,3.756148457397371,3.7464256408168315,3.779934715250673,-0.033509074433841324,-0.03647031521436055,0.0029612407805192295,3.7585,3.8829628458616035,3.634037154138397
2020-03-24,3.89,3.89,3.78,3.83,66650438,3.824771425396629,3.8325340834612285,3.756883298617298,3.7592832345373193,3.783643254861734,-0.024360020324414755,-0.034048256236371394,0.009688235911956639,3.7615000000000003,3.88976145173032,3.6332385482696807
2020-03-25,3.83,3.89,3.73,3.82,62834114,3.824584310675193,3.832285883788729,3.7575113254967283,3.7686242753777317,3.786336347094198,-0.017712071716466493,-0.030781019332390414,0.01306894761592392,3.7659999999999996,3.8958306589368195,3.6361693410631797
2020-03-26,3.79,3.79,3.63,3.67,37992645,3.8185221808447936,3.8290723019315265,3.7566405660390494,3.753451309935004,3.7777188399020356,-0.02426752996703163,-0.029478321459318658,0.0052107914922870265,3.7604999999999995,3.896657996459881,3.624342003540118
2020-03-27,3.7,3.72,3.63,3.63,29574356,3.8111291541449974,3.8251302761507042,3.7553804609043326,3.734458800714234,3.766776703612996,-0.03231790289876191,-0.03004623774720731,-0.002271665151554598,3.7540000000000004,3.901566933965471,3.60643306603453
2020-03-30,3.55,3.67,3.55,3.63,27272825,3.8040260500608802,3.821266310286334,3.754132894129165,3.718388215988967,3.756645095937959,-0.03825687994899196,-0.031688366187564244,-0.0065685137614277175,3.746,3.9019999999999038,3.5900000000000962
2020-03-31,3.65,3.66,3.59,3.61,32448653,3.7964171853526105,3.8170828189935353,3.7526987359786266,3.7017131058368182,3.745782496238851,-0.04406939040203284,-0.03416457103045796,-0.009904819371574877,3.7384999999999997,3.9051463320927593,3.57185366790724
2020-04-01,3.57,3.65,3.5,3.51,35087184,3.7851851388681945,3.811001971092673,3.7502838231828193,3.672218781861923,3.728317126147084,-0.056098344285160806,-0.03855132568139853,-0.017547018603762274,3.7230000000000003,3.9125362762111027,3.533463723788898
2020-04-02,3.5,3.54,3.47,3.54,25551770,3.775570035383167,3.8056355954274714,3.7481914468327417,3.651877430806243,3.7143677093954484,-0.06249027858920542,-0.043339116262959915,-0.019151162326245502,3.7049999999999996,3.892243157418294,3.517756842581705
2020-04-03,3.49,3.54,3.46,3.53,20020821,3.765939837917161,3.800177464824947,3.746020387660277,3.6331270568360514,3.700710842032822,-0.06758378519677066,-0.04818805004972207,-0.019395735147048593,3.6925,3.8910824765682337,3.493917523431766
2020-04-06,3.63,3.63,3.47,3.57,21219829,3.7582559227047234,3.7956194952244533,3.7442689410168914,3.6234152019381973,3.6910285574377983,-0.06761335549960101,-0.05207311113969786,-0.01554024435990315,3.6879999999999997,3.893290038725636,3.4827099612743635
2020-04-07,3.61,3.62,3.56,3.6,31429856,3.752049808088852,3.7917458418536722,3.742833429165977,3.619812863178475,3.684285701331295,-0.0644728381528199,-0.05455305654232227,-0.009919781610497627,3.6774999999999998,3.8781863224038293,3.47681367759617
2020-04-08,3.6,3.61,3.54,3.54,20805493,3.7437341293402695,3.786760775678352,3.740815186089699,3.6075339611510175,3.673597871603051,-0.06606391045203353,-0.056855227324264526,-0.009208683127768999,3.6659999999999995,3.8704896085378775,3.4615103914621215
2020-04-09,3.55,3.6,3.53,3.6,18352000,3.738097496817122,3.7830625424966025,3.7394140399594535,3.606374890204707,3.6681461774102324,-0.06177128720552538,-0.0578384393005167,-0.003932847905008682,3.6590000000000003,3.862460069792515,3.4555399302074856
2020-04-14,3.6,3.64,3.55,3.57,25110118,3.7315054381184116,3.778843482249145,3.737728328119061,3.600778753250137,3.6608760901946598,-0.060097336944522795,-0.058290218829317925,-0.0018071181152048699,3.65,3.8524845673131054,3.4475154326868944
2020-04-15,3.56,3.61,3.56,3.57,16903719,3.725171891525533,3.7747079677491615,3.7360593895308116,3.596043560442424,3.6541445279580183,-0.05810096751559435,-0.05825236856657322,0.00015140105097886936,3.6445,3.849387774159357,3.4396122258406425
2020-04-16,3.52,3.57,3.5,3.54,24226000,3.71791024872061,3.770060285219475,3.734108549833988,3.5874214742205126,3.645689377738906,-0.05826790351839328,-0.05825547555693723,-1.2427961456049075e-05,3.6315,3.828098575783185,3.434901424216815
2020-04-17,3.56,3.62,3.56,3.6,20536477,3.713286317398233,3.7666927548190894,3.732774136402804,3.5893566320327412,3.642304979387876,-0.05294834735513465,-0.05719404991657672,0.00424570256144207,3.628,3.8242243613825178,3.4317756386174825
2020-04-20,3.57,3.62,3.57,3.57,19489106,3.7076672461277145,3.7627978487830678,3.7311544932545178,3.586378688643089,3.636949054988774,-0.0505703663456849,-0.055869313202398366,0.005298946856713463,3.6245,3.822234670707939,3.426765329292061
2020-04-21,3.56,3.57,3.52,3.53,16302258,3.700699903142314,3.758187990391324,3.729152956008204,3.5777050442364597,3.629026902767383,-0.051321858530923414,-0.05495982226810338,0.003637963737179964,3.6089999999999995,3.784031425749715,3.433968574250284
2020-04-22,3.5,3.54,3.46,3.5,19107688,3.6928293187053605,3.7530753569182287,3.7268728270927,3.565750422046235,3.6194693544142433,-0.05371893236800851,-0.05471164428808441,0.0009927119200758977,3.598,3.771389734413485,3.424610265586515
2020-04-23,3.49,3.5,3.44,3.44,20055090,3.682914443462013,3.746875844900046,3.724018371101728,3.546404203269891,3.6061753281613362,-0.059771124891445204,-0.055723540408756565,-0.004047584482688639,3.5784999999999996,3.7294006295546174,3.4275993704453818
2020-04-24,3.46,3.46,3.39,3.39,23499508,3.671427602541934,3.739808996486184,3.720694805220119,3.522342018151446,3.590162340890126,-0.06782032273868,-0.05814289687474125,-0.009677425863938743,3.557,3.684921851143506,3.429078148856494
2020-04-27,3.43,3.52,3.4,3.51,19337000,3.6650971083246033,3.7352583232884378,3.718598339496536,3.520443246128147,3.5842243897130794,-0.06378114358493248,-0.059270546216779504,-0.0045105973681529715,3.5490000000000004,3.6673046913692855,3.4306953086307153
2020-04-28,3.53,3.57,3.51,3.56,15397000,3.6609756530961874,3.731787861441142,3.7170202465662223,3.5265289005699705,3.582429990475074,-0.05590108990510334,-0.05859665495444427,0.002695565049340931,3.5454999999999997,3.658012221558291,3.432987778441708
2020-04-29,3.61,3.62,3.54,3.56,29872715,3.657015823563004,3.7283861216106247,3.7154578560531255,3.5316783004822825,3.5807685096991424,-0.049090209216859915,-0.056695365806927404,0.00760515659006749,3.5420000000000003,3.647943381105109,3.4360566188948916
2020-05-04,3.47,3.48,3.26,3.26,66766875,3.641446575580141,3.719111148905464,3.710925937087423,3.4898816388696234,3.5570078793510578,-0.06712624048143434,-0.05878154074182879,-0.008344699739605548,3.5244999999999997,3.682547461225998,3.3664525387740016
2020-05-05,3.29,3.31,3.25,3.28,36740911,3.6272722000671944,3.710415878630108,3.7066381168178966,3.4575921559666045,3.5364887771769054,-0.07889662121030083,-0.0628045568355232,-0.01609206437477763,3.5129999999999995,3.7036934713092817,3.322306528690717
2020-05-06,3.32,3.38,3.29,3.36,61567594,3.6167909373194616,3.703476950340403,3.7031889813271714,3.4425779781255885,3.5234155344230604,-0.08083755629747191,-0.06641115672791295,-0.014426399569558962,3.504,3.7054348529921888,3.3025651470078112
2020-05-07,3.36,3.44,3.31,3.42,33770497,3.609073645659875,3.6978635453831674,3.7003711805179464,3.4391044430293443,3.5157551244657967,-0.07665068143645248,-0.06845906166962086,-0.008191619766831623,3.4985,3.702781668291565,3.294218331708435
2020-05-08,3.43,3.51,3.41,3.47,26739153,3.603619777202625,3.693351395969639,3.6980789299655292,3.443857605640214,3.512365855986849,-0.06850825034663499,-0.06846889940502368,-3.935094161131025e-05,3.4935,3.6954183003097674,3.2915816996902327
2020-05-11,3.48,3.56,3.48,3.51,29301547,3.5999484133907576,3.689720675257369,3.6962074978265687,3.4540333586186427,3.5121906073952305,-0.05815724877658779,-0.06640656927933651,0.008249320502748722,3.489,3.6851530015064404,3.2928469984935593
2020-05-12,3.47,3.5,3.43,3.44,52841024,3.59367592659112,3.6847757113908863,3.693658169489986,3.451874380369621,3.506843154995584,-0.05496877462596306,-0.06411901034866183,0.009150235722698769,3.4840000000000004,3.679795812008291,3.2882041879917097
2020-05-13,3.46,3.54,3.44,3.49,40406000,3.5896102039797033,3.6809187666108687,3.691631720042325,3.4577398603127563,3.5055955138847996,-0.047855653572043355,-0.06086633899333814,0.013010685421294785,3.4784999999999995,3.6669966843209347,3.2900033156790642
2020-05-14,3.46,3.51,3.46,3.49,35907024,3.5857039214706954,3.67713819697501,3.6896254342707597,3.4627029587261786,3.5044402906340735,-0.04173733190789486,-0.05704053757624949,0.015303205668354629,3.4745000000000004,3.658399429036598,3.2906005709634027
2020-05-15,3.5,3.58,3.46,3.57,49329000,3.5850880814130215,3.6750166485200593,3.688435131442195,3.479210195845228,3.50929656540192,-0.03008636955669175,-0.051649703972337944,0.021563334415646195,3.4745,3.6583994290365975,3.2906005709634023
2020-05-18,3.59,3.59,3.53,3.57,41673930,3.5844963919458444,3.6729371109256026,3.68725667242287,3.493177858022885,3.513793116112889,-0.020615258090003863,-0.04544281479587113,0.024827556705867268,3.4760000000000004,3.6624832432150045,3.2895167567849963
2020-05-19,3.6,3.73,3.59,3.67,52942602,3.587849474614635,3.672878950313214,3.6870849642395576,3.520381264480903,3.525363996400823,-0.004982731919920269,-0.03735079822068096,0.03236806630076069,3.4794999999999994,3.6774368586190707,3.281563141380928
2020-05-20,3.75,3.75,3.67,3.67,28458497,3.5910710638454337,3.672821941396121,3.686914964595383,3.543399531483841,3.5360777744452068,0.007321757038634136,-0.02841628716881794,0.03573804420745208,3.4844999999999997,3.69592138018655,3.2730786198134494
2020-05-21,3.7,3.7,3.64,3.7,24524278,3.5953427868318872,3.6733601207744155,3.687045163952643,3.5674919112555576,3.5482201615233397,0.019271749732217902,-0.018878679788610773,0.03815042952082867,3.493,3.7238332731648223,3.2621667268351775
2020-05-22,3.65,3.66,3.58,3.58,81230500,3.594741108916911,3.6715114055115556,3.6859800379431644,3.5694162326008563,3.550574223632722,0.018842008968134483,-0.011334542037261723,0.030176551005396207,3.497,3.730931613938743,3.263068386061257
2020-05-25,3.71,3.71,3.58,3.67,30069000,3.597692437978993,3.6714814766895447,3.685821032590496,3.584890658354571,3.5594205774377055,0.025470080916865534,-0.003973617446436271,0.029443698363301806,3.5085,3.7524897538832,3.2645102461168003
2020-05-26,3.64,3.72,3.64,3.7,21837000,3.6017044992347187,3.672046199923415,3.685962116843327,3.6025997878384834,3.5698338679978754,0.03276591984060806,0.003374290010972595,0.029391629829635463,3.524,3.7751891717411072,3.272810828258893
2020-05-27,3.67,3.7,3.63,3.68,53883247,3.604774911029436,3.6722037009150306,3.685902792297622,3.6145075127864095,3.5779943222202553,0.03651319056615421,0.010002070122008919,0.02651112044414529,3.5324999999999998,3.7925672989823647,3.272432701017635
2020-05-28,3.71,3.79,3.68,3.77,87480750,3.6112543262831838,3.674140261292951,3.686739580433964,3.6384294338961927,3.5922169650187548,0.04621246887743791,0.017244149873094715,0.028968319004343192,3.543,3.822864252808361,3.2631357471916393
2020-05-29,3.71,3.8,3.7,3.77,305430250,3.6174796468210983,3.6760384739406153,3.6875680423201938,3.6586710594506244,3.605386078721069,0.05328498072955545,0.024452316044386864,0.02883266468516859,3.5534999999999997,3.850368657826961,3.2566313421730384
2020-06-01,3.89,3.89,3.79,3.82,57145961,3.6254216214555655,3.67888919722892,3.688885773242381,3.6834908964582205,3.621283406223212,0.06220749023500849,0.03200335088251119,0.0302041393524973,3.5814999999999997,3.8678057805912753,3.295194219408724
2020-06-02,3.75,3.87,3.75,3.85,28886766,3.634228616692602,3.6822775299570605,3.6904888998767853,3.7091076816184945,3.6382253761326036,0.07088230548589092,0.03977914180318713,0.031103163682703786,3.6100000000000003,3.883788239338321,3.3362117606616795
2020-06-03,4.04,4.04,3.82,3.83,47392938,3.641905925841912,3.685202727383653,3.6918770700272656,3.727706499831034,3.652430903826485,0.0752755960045488,0.046878432643459464,0.028397163361089342,3.6335,3.897944701213649,3.369055298786351
2020-06-04,3.99,3.99,3.83,3.88,29548321,3.6512429483579156,3.68906009911863,3.693748939977243,3.751136269087798,3.669287873913412,0.08184839517438602,0.053872425149644784,0.02797597002474124,3.6565,3.922678511529339,3.3903214884706605
2020-06-05,3.95,3.97,3.87,3.97,29121856,3.6637432248928996,3.6946232654727167,3.6964977067436386,3.78480761230506,3.6915628462161223,0.0932447660889375,0.06174689333750333,0.031497872751434175,3.6814999999999998,3.966194573183215,3.3968054268167847
2020-06-08,4.01,4.01,3.93,3.94,22997250,3.6745768239167074,3.699482210710881,3.6989206151342495,3.8086833642581275,3.709965598348261,0.09871776590986636,0.06914106785197593,0.029576698057890427,3.7030000000000003,3.9974214666086216,3.408578533391379
2020-06-09,3.93,3.97,3.91,3.96,25204536,3.685769889645464,3.704640978815616,3.7015184199587843,3.8319628466799536,3.7284866651372788,0.1034761815426748,0.0760080905901157,0.027468090952559088,3.729,4.017714391743761,3.4402856082562394
2020-06-10,3.97,3.97,3.88,3.91,42830770,3.694563227306426,3.708707494086594,3.7035928635412843,3.8439685625753457,3.741932097349332,0.10203646522601373,0.08121376551729531,0.020822699708718417,3.75,4.026983754036167,3.4730162459638323
2020-06-11,3.91,3.91,3.78,3.79,28325215,3.698305845843429,3.7103172466789385,3.7044526360433614,3.835665706794523,3.7454926827308626,0.09017302406366046,0.08300561722656835,0.007167406837092105,3.7649999999999997,4.015239884910393,3.5147601150896057
2020-06-12,3.69,3.79,3.69,3.7,51968973,3.698372283261334,3.710112944764504,3.704408331207109,3.814794059595366,3.7421228543804284,0.07267120521493764,0.08093873482424221,-0.008267529609304575,3.7715000000000005,4.007489406541834,3.5355105934581674
2020-06-15,3.63,3.72,3.63,3.66,34955395,3.696867487839321,3.709120609224613,3.7039664572647504,3.7909795888883866,3.736039679981878,0.054939908906508794,0.07573896964069554,-0.020799060734186747,3.776,3.999553125677022,3.552446874322978
2020-06-16,3.74,3.77,3.67,3.69,19396801,3.6965981745907204,3.708741983299373,3.7038274875407233,3.7754442675209425,3.7326293333165537,0.042814934204388866,0.0691541625534342,-0.02633922834904534,3.777,3.9988197466412005,3.5551802533587997
2020-06-17,3.68,3.75,3.65,3.7,28024184,3.6967315795087314,3.7085688747191874,3.703789403087582,3.7638374571331052,3.7302123456634755,0.033625111469629765,0.062048352336673315,-0.02842324086704355,3.7785,3.997796602800787,3.559203397199213
2020-06-18,3.71,3.74,3.64,3.7,14990543,3.69685975286133,3.7083991940316787,3.7037516975842233,3.7540163098818584,3.727974394132848,0.026041915749010602,0.05484706501914077,-0.02880514927013017,3.7785,3.997796602800787,3.559203397199213
2020-06-19,3.69,3.7,3.66,3.7,38655997,3.696982899807945,3.708232873357784,3.7037143672600026,3.745706108361573,3.725902216789674,0.01980389157189899,0.04783843032969242,-0.02803453875779343,3.7845,3.9877215539748816,3.5812784460251184
2020-06-22,3.73,3.73,3.62,3.64,21386415,3.6947482762860644,3.7068817273506993,3.7030803934564207,3.7294436301521,3.719539089620068,0.009904540532032158,0.040251652370160367,-0.03034711183812821,3.783,3.9899879223528893,3.5760120776471105
2020-06-23,3.62,3.66,3.56,3.66,21637442,3.6933855987846504,3.705953376314052,3.702651732825014,3.718759994744085,3.7151287866852485,0.0036312080588363216,0.03292756350789556,-0.029296355449059237,3.781,3.991893337969614,3.570106662030386
2020-06-24,3.66,3.68,3.61,3.62,16983543,3.6905077321656448,3.7042513292583283,3.701829327523273,3.703566149398841,3.7080822098937487,-0.004516060494907492,0.025438838707334953,-0.029954899202242445,3.778,3.996137571270898,3.559862428729102
2020-06-26,3.6,3.7,3.6,3.68,17087454,3.6900956642375804,3.703771104916579,3.7016121202842354,3.6999405879528657,3.7060020461979155,-0.006061458245049778,0.01913877931685801,-0.025200237561907788,3.7735,3.9957858520013505,3.551214147998649
2020-06-29,3.82,3.82,3.63,3.68,17252532,3.689699755836107,3.703300389967736,3.701397074311258,3.6968728051908863,3.704075968701774,-0.007203163510887567,0.013870390751308895,-0.02107355426219646,3.7689999999999997,3.994999999999926,3.5430000000000734
2020-06-30,3.74,3.74,3.55,3.57,39713797,3.685005647764103,3.7006607782852066,3.7000896407360218,3.6773539120845964,3.6941444154646055,-0.016790503380009092,0.007738211925045299,-0.02452871530505439,3.7565000000000004,3.997022348233938,3.515977651766063
2020-07-02,3.54,3.62,3.54,3.58,70194000,3.680887779224334,3.6982714559429253,3.6988947189376535,3.6623763871485044,3.6856892735783386,-0.0233128864298342,0.001527992254069399,-0.0248408786839036,3.743,3.991201531018582,3.4947984689814175
2020-07-03,3.62,3.67,3.6,3.64,35003282,3.6792843369018113,3.697117565726234,3.6983087018337963,3.6589338660487347,3.682304882942906,-0.023371016894171426,-0.003451809575578766,-0.01991920731859266,3.7335000000000003,3.982198612782559,3.4848013872174417
2020-07-06,3.67,3.95,3.64,3.88,112739630,3.6871555393762505,3.7007390000682885,3.7001165754473906,3.692944040502775,3.696948965687876,-0.0040049251851006495,-0.003562432697483143,-0.00044249248761750633,3.7335000000000003,3.982198612782559,3.4848013872174417
2020-07-07,3.86,3.91,3.79,3.82,39291258,3.692365126067378,3.703100604027332,3.7013094453434365,3.7124911111946557,3.7060638571184037,0.006427254076251998,-0.001564495342736115,0.007991749418988113,3.7260000000000004,3.953894712531839,3.498105287468162
2020-07-08,3.89,3.91,3.82,3.83,23587684,3.6977625721039518,3.7056134633535236,3.7025899483748455,3.7305694017800937,3.71524431214667,0.015325089633423605,0.0018134216524958292,0.013511667980927776,3.7205,3.9322049834084445,3.5087950165915553
2020-07-09,3.87,3.87,3.74,3.75,22002395,3.6998110986881105,3.7064924046732557,3.7030616901820608,3.7335587245831565,3.717818807543213,0.015739917039943485,0.004598720729985361,0.011141196309958124,3.71,3.891879080710153,3.528120919289847
2020-07-10,3.74,3.79,3.64,3.71,34942000,3.7002106634454397,3.7065618620064584,3.703130728090697,3.729934305416517,3.717239636614086,0.012694668802430975,0.006217910344474484,0.006476758457956491,3.7,3.857098695093152,3.5429013049068483
2020-07-13,3.73,3.75,3.68,3.69,14465602,3.6998102452711086,3.706233904342964,3.7030000740798443,3.7237905661216684,3.7152218857537833,0.008568680367885051,0.006688064349156597,0.0018806160187284536,3.6950000000000003,3.8465915564930033,3.5434084435069972
2020-07-14,3.69,3.75,3.63,3.7,20040747,3.699817686633026,3.7061104606926083,3.702970222596463,3.7201304790260274,3.7140943386609107,0.006036140365116793,0.006557679552348637,-0.0005215391872318434,3.6949999999999994,3.8465915564930024,3.5434084435069964
2020-07-15,3.76,3.76,3.62,3.66,14214047,3.6982562087258484,3.7051973822630515,3.7025426581925185,3.710879636098946,3.7100873506119543,0.0007922854869919504,0.0054046007392773,-0.004612315252285349,3.6950000000000003,3.8465915564930033,3.5434084435069972
2020-07-16,3.82,3.82,3.66,3.66,20079254,3.6967559652464033,3.704302384594476,3.7021193481607524,3.703051999776031,3.70637717649255,-0.003325176716518996,0.003658645248118041,-0.006983821964637037,3.6935000000000002,3.845851567107042,3.5411484328929586
2020-07-17,3.71,3.74,3.63,3.63,13868715,3.6941380842563483,3.7028310502460706,3.7014017427064165,3.6918132305797187,3.7007196078634723,-0.008906377283753653,0.0011456407417437023,-0.010052018025497355,3.69,3.8447901805670233,3.5352098194329766
2020-07-20,3.58,3.66,3.55,3.59,20752973,3.690054237814923,3.7005967720233763,3.700293267654611,3.676149656644377,3.692518155429141,-0.016368498784763652,-0.0023571871635577686,-0.014011311621205884,3.6845,3.845182917573624,3.5238170824263757
2020-07-21,3.62,3.62,3.55,3.55,23777000,3.6845619147633575,3.6976146577258837,3.6987978122550627,3.656742017160627,3.6819612550269825,-0.025219237866355382,-0.006929597304117292,-0.01828964056223809,3.6770000000000005,3.8477747053868714,3.5062252946131296
2020-07-22,3.58,3.62,3.57,3.57,18756790,3.6800692906549908,3.6950876348006187,3.6975162419838683,3.6433970914436076,3.6736678287286875,-0.030270737285079896,-0.011597825300309814,-0.018672911984770082,3.6735000000000007,3.8499397914303146,3.4970602085696867
2020-07-23,3.55,3.57,3.5,3.53,19585762,3.6741842204332267,3.691818572725359,3.695849413705422,3.6259513850676677,3.6630257673413773,-0.03707438227370963,-0.01669313669498978,-0.02038124557871985,3.6669999999999994,3.854200427349867,3.4797995726501316
2020-07-24,3.62,3.62,3.5,3.54,19044622,3.6689220941417275,3.68881226435456,3.6942986732705423,3.6127280950572573,3.6539127475383126,-0.041184652481055295,-0.02159143985220288,-0.019593212628852413,3.6630000000000003,3.8573296168883515,3.468670383111649
2020-07-27,3.54,3.58,3.52,3.55,17783715,3.664258482606758,3.686063506644569,3.692862865576308,3.603077618894602,3.646215506979919,-0.043137888085317044,-0.025900729498825714,-0.01723715858649133,3.6565,3.8567273707562824,3.4562726292437174
2020-07-28,3.57,3.61,3.52,3.56,17013243,3.660169914661395,3.6835671995823,3.6915408470133597,3.5964502929108173,3.639829173129555,-0.04337888021873759,-0.029396359642808092,-0.0139825205759295,3.6505,3.8547033300413442,3.446296669958656
2020-07-29,3.59,3.6,3.55,3.59,14315250,3.6574181533021246,3.681714383748987,3.6905304903266596,3.595457940155307,3.6361381232681063,-0.040680183112799195,-0.03165312433680631,-0.009027058775992886,3.6515,3.8543077907773124,3.4486922092226875
2020-07-30,3.56,3.58,3.47,3.47,25396200,3.6500684218000807,3.677522019714354,3.6883361570895783,3.5761567185929524,3.6238315956186167,-0.04767487702566431,-0.03485747487457791,-0.012817402151086399,3.646,3.8618147353634003,3.4301852646365996
2020-07-31,3.48,3.54,3.42,3.42,25260739,3.6410461307490976,3.672422573779416,3.6856661455762496,3.55213260804019,3.6087329589061268,-0.05660035086593673,-0.03920605007284968,-0.017394300793087056,3.6350000000000002,3.872276210354041,3.3977237896459593
2020-08-03,3.41,3.43,3.39,3.42,21979743,3.632377655033447,3.667424106971903,3.6830227013416605,3.531804514495545,3.594752739727895,-0.06294822523235011,-0.043954485104749766,-0.018993740127600342,3.6120000000000005,3.838768604528883,3.385231395471118
2020-08-04,3.44,3.51,3.42,3.5,17253809,3.6271863744439,3.664108778120974,3.6812015799352764,3.5269115122654613,3.5877340182665693,-0.060822506001108056,-0.04732808928402143,-0.013494416717086628,3.596,3.806371100676822,3.3856288993231782
2020-08-05,3.52,3.52,3.43,3.48,15035489,3.621414359759825,3.660463059742341,3.6791995741647763,3.5196943565323133,3.5797537206171937,-0.06005936408488033,-0.04987434424419321,-0.01018501984068712,3.5784999999999996,3.7649698367028255,3.3920301632971737
2020-08-06,3.49,3.49,3.4,3.43,16302340,3.6139079142790482,3.655899434796948,3.676719976411893,3.5058952247581114,3.5686608524233274,-0.06276562766521598,-0.05245260092839777,-0.010313026736818214,3.5625,3.74215244223216,3.38284755776784
2020-08-07,3.45,3.45,3.35,3.4,21163500,3.6055193686210463,3.6508321192564144,3.6739665438107796,3.4896036517184017,3.5561674559475254,-0.06656380422912367,-0.055274841588542956,-0.011288962640580713,3.5469999999999997,3.7265661438021667,3.3674338561978328
2020-08-10,3.43,3.43,3.38,3.4,8175149,3.5974597855378683,3.6458651465978713,3.6712405085489808,3.4758184745309553,3.544599496247709,-0.06878102171675371,-0.05797607761418511,-0.010804944102568596,3.5324999999999998,3.710362306293327,3.3546376937066724
2020-08-11,3.39,3.5,3.39,3.45,17928512,3.5916770488501086,3.641986628843458,3.669039110453966,3.471846401526193,3.5375921261552863,-0.06574572462909334,-0.05953000701716676,-0.006215717611926581,3.5200000000000005,3.6835848403733737,3.356415159626627
2020-08-12,3.41,3.46,3.39,3.42,20195622,3.584944615561869,3.6375908540148747,3.666561109354922,3.4638700320606244,3.5288815982919317,-0.06501156623130733,-0.06062631885999487,-0.004385247371312455,3.508,3.6637690598289105,3.3522309401710895
2020-08-13,3.45,3.48,3.42,3.44,12999313,3.5792605129908153,3.6336781638363624,3.664306769958356,3.460197719435913,3.522297776196233,-0.062100056760320044,-0.060921066440059915,-0.0011789903202601287,3.497,3.638718029904396,3.3552819700956036
2020-08-14,3.42,3.46,3.42,3.44,9864836,3.57379931640294,3.629842952671286,3.6620748617995664,3.457090377984234,3.516201644626142,-0.0591112666419078,-0.060559106480429496,0.001447839838521696,3.4875,3.61724975915193,3.3577502408480697
2020-08-17,3.42,3.53,3.41,3.5,22931274,3.570905225563609,3.6272718050936366,3.660462176607531,3.463691858294352,3.5150015228019833,-0.051309664507631414,-0.05870921808586989,0.007399553578238474,3.4829999999999997,3.604177555677543,3.3618224443224562
2020-08-18,3.51,3.53,3.49,3.52,14049719,3.5689089422081737,3.6251476109333667,3.659064543009446,3.4723546493259896,3.515371780372207,-0.043017131046217294,-0.055570800677939375,0.01255366963172208,3.4814999999999996,3.600036914081581,3.3629630859184183
2020-08-19,3.41,3.5,3.41,3.45,16587813,3.564245846435304,3.6216793414099335,3.6569842988003973,3.4689154725066063,3.510529426270562,-0.04161395376395571,-0.05277943129514265,0.011165477531186935,3.4754999999999994,3.587477676346602,3.3635223236533967
2020-08-20,3.43,3.43,3.35,3.39,23051372,3.557412675986861,3.6170916316790436,3.6543277386133286,3.456774630582513,3.5016013206208907,-0.04482669003837758,-0.051188883043789636,0.006362193005412055,3.4685,3.583439114317037,3.3535608856829633
2020-08-21,3.41,3.43,3.38,3.39,5873777,3.550847473006984,3.6125947676853993,3.6516976118609574,3.446501610492896,3.4933345561304545,-0.04683294563755869,-0.05031769556254345,0.0034847499249847647,3.461,3.575873843846131,3.346126156153869
2020-08-24,3.41,3.42,3.34,3.35,24629879,3.542971101516514,3.6073948712955892,3.648695645573784,3.431655208878604,3.4827171816022724,-0.051061972723668525,-0.050466550994768475,-0.0005954217289000502,3.4510000000000005,3.5679444312482893,3.3340555687517117
2020-08-25,3.35,3.37,3.31,3.33,19999000,3.5346192936139054,3.6019019035471618,3.645524544622801,3.416015945974203,3.471404797779882,-0.05538885180567865,-0.05145101115695051,-0.003937840648728139,3.4395000000000002,3.5565427272408945,3.322457272759106
2020-08-26,3.35,3.36,3.28,3.3,26526059,3.5254185370015954,3.5959236480313765,3.6420864894524247,3.398167338901249,3.458708146092483,-0.060540807191234336,-0.05326897036380728,-0.007271836827427054,3.425,3.535544108843425,3.3144558911565745
2020-08-27,3.31,3.31,3.22,3.26,32318270,3.5150099669231016,3.5892716946050127,3.638284633835983,3.376910825224133,3.443989024159707,-0.06707819893557376,-0.056030816078160586,-0.011047382857413177,3.4144999999999994,3.544188087348019,3.2848119126519797
2020-08-28,3.22,3.28,3.22,3.22,41851454,3.503440948612392,3.581959383820755,3.634122597678411,3.352770698266574,3.427397244592321,-0.07462654632574717,-0.05974996212767791,-0.01487658419806926,3.4045,3.559351541806945,3.249648458193055
2020-08-31,3.24,3.29,2.94,2.94,144982690,3.4813452251373964,3.5692473168144034,3.627215905164198,3.28926751391787,3.3912937449928897,-0.10202623107501951,-0.06820521591714623,-0.03382101515787328,3.3805,3.635017189989182,3.125982810010818
2020-09-01,2.97,2.98,2.93,2.94,67282188,3.4601160006222043,3.5567869739071876,3.620377935958584,3.235534050238198,3.35786457869712,-0.12233052845892223,-0.07903027842550144,-0.04330025003342079,3.3525,3.6649019846287643,3.040098015371236
2020-09-02,2.93,2.94,2.77,2.84,79878438,3.4357977260880004,3.542593172443679,3.6126129813719317,3.1746826578938596,3.319504239534371,-0.14482158164051118,-0.09218853906850338,-0.05263304257200779,3.3205,3.698361085585685,2.942638914414315
2020-09-03,2.83,2.89,2.81,2.89,46083833,3.4143938936923925,3.5296705353655864,3.605422802452808,3.1308853259101888,3.287689110679973,-0.1568037847697843,-0.10511158820875957,-0.05169219656102472,3.2935000000000003,3.7112690749684494,2.8757309250315513
2020-09-04,2.87,2.87,2.8,2.84,53356750,3.3918686429593574,3.516013693081119,3.5978066551647205,3.086133737308621,3.2545269543333086,-0.16839321702468757,-0.11776791397194517,-0.050625303052742404,3.2655000000000003,3.72404007458454,2.8069599254154607
2020-09-07,2.82,2.85,2.77,2.8,25040504,3.3686581079413433,3.501835204109216,3.589868280486465,3.0421131623380644,3.2208582910493595,-0.1787451287112951,-0.12996335691981514,-0.048781771791479966,3.2355000000000005,3.7318657925361065,2.7391342074638945
2020-09-08,2.81,2.92,2.81,2.92,38840215,3.3510636723358003,3.4903137149189343,3.583202924461724,3.0233265219783623,3.19857249171237,-0.17524596973400763,-0.13901987948265365,-0.03622609025135398,3.2089999999999996,3.7132578705384756,2.7047421294615237
2020-09-09,2.87,2.9,2.83,2.83,32415036,3.3306298028324357,3.4772381958116285,3.5757083679994186,2.9935839801355373,3.171270825659602,-0.17768684552406455,-0.14675327269093585,-0.030933572833128697,3.1795,3.69971053430318,2.65928946569682
2020-09-10,2.85,2.86,2.77,2.78,21366918,3.309036477231164,3.4634314988648636,3.5677908718004194,2.9607249062685312,3.142287801536668,-0.18156289526813696,-0.15371519720637608,-0.027847698061760878,3.1465,3.6799894563156816,2.6130105436843185
2020-09-11,2.78,2.78,2.75,2.76,24099833,3.287505634986805,3.4495021622536783,3.5597531516830028,2.929844151457988,3.113970186608026,-0.184126035150038,-0.15979736479510848,-0.024328670354929527,3.1125,3.6534574844662036,2.571542515533796
2020-09-14,2.77,2.81,2.76,2.81,29171836,3.268779923810852,3.4368387531001403,3.552292921317998,2.9114065896952206,3.091453876488913,-0.18004728679369242,-0.16384734919482527,-0.016199937598867148,3.0780000000000003,3.6034940532489452,2.5525059467510554
2020-09-15,2.78,2.81,2.75,2.76,37830192,3.248827769935917,3.4234360055139987,3.5444094096630927,2.8881132682036483,3.0669017374897343,-0.17878846928608594,-0.1668355732130774,-0.011952896073008534,3.04,3.541517696597046,2.538482303402954
2020-09-16,2.77,2.78,2.71,2.73,26195688,3.2284815828796067,3.4097045994642166,3.5363058334475395,2.8637881500184714,3.0419460532312357,-0.17815790321276426,-0.1691000392130148,-0.00905786399974945,3.004,3.485597342185366,2.522402657814634
2020-09-17,2.73,2.75,2.7,2.73,48376708,3.208933285511779,3.396245102445123,3.528282889831146,2.8432053577079373,3.0188389381770704,-0.17563358046913313,-0.1704067474642385,-0.0052268330048946265,2.971,3.4322981682166214,2.509701831783379
2020-09-18,2.75,2.76,2.71,2.71,52962903,3.189367274315239,3.3826560905155167,3.5201407715243684,2.82271222575287,2.995961979793584,-0.17324975404071408,-0.17097534877953363,-0.0022744052611804455,2.9370000000000003,3.369069438863723,2.5049305611362778
2020-09-21,2.73,2.73,2.59,2.6,55074051,3.1662548321852295,3.3671579501092688,3.510985141956962,2.7884488064062745,2.966631462771837,-0.1781826563655624,-0.1724168102967394,-0.005765846068823022,2.8995,3.3113968317431124,2.487603168256888
2020-09-22,2.57,2.61,2.54,2.57,69637188,3.142872289746593,3.351372644166511,3.5016221057185843,2.754841297728386,2.937251354418368,-0.182410056689982,-0.1744154595753879,-0.007994597114594104,2.8615000000000004,3.2468971977064913,2.4761028022935094
2020-09-23,2.55,2.57,2.45,2.47,109001500,3.1164851411290795,3.333919720519649,3.49135720914427,2.7110195596163265,2.9026401429799704,-0.19162058336364396,-0.17785648433303913,-0.013764099030604826,2.82,3.185841495732808,2.4541585042671916
2020-09-24,2.44,2.52,2.42,2.49,184349000,3.0919170963789195,3.3172084389252006,3.4813934558194517,2.677016550444584,2.8720742064629357,-0.19505765601835146,-0.1812967186701016,-0.013760937348249846,2.7815,3.1146231003698492,2.4483768996301505
2020-09-25,2.49,2.58,2.48,2.53,338618320,3.0698811318150403,3.3016201530058895,3.4719268542690096,2.654398619606956,2.84673537635457,-0.19233675674761397,-0.1835047262856041,-0.008832030462009866,2.747,3.0305559909436273,2.4634440090563725
2020-09-28,2.55,2.62,2.55,2.61,34123700,3.0518465776262156,3.2879247044315156,3.463350467659368,2.6475680627443476,2.829199422550528,-0.18163135980618028,-0.18313005298971935,0.0014986931835390682,2.7305,3.0054890906927465,2.455510909307254
2020-09-29,2.57,2.62,2.53,2.53,36338102,3.0313820059545993,3.2729162944427728,3.4540633983294238,2.6294806684759866,2.8070365023616,-0.17755583388561336,-0.18201520916889816,0.0044593752832848,2.71,2.9805549851694195,2.4394450148305804
2020-09-30,2.59,2.64,2.57,2.61,32407000,3.0148572214073606,3.2597892391072723,3.4456647575500265,2.6264836425566043,2.7924412058903703,-0.165957563333766,-0.17880368000187175,0.012846116668105756,2.6985,2.9655037452921316,2.4314962547078687
2020-10-05,2.61,2.63,2.57,2.57,20047434,2.9974118401756993,3.246130046253663,3.4369516753853495,2.6177938513940497,2.7759640795281206,-0.1581702281340709,-0.17467698962831157,0.016506761494240685,2.6825,2.9398616132993154,2.425138386700685
2020-10-06,2.59,2.6,2.55,2.59,22021583,2.9814349052668483,3.233137372070422,3.428524295530769,2.613517874256504,2.7621889625260376,-0.14867108826953368,-0.169475809356556,0.020804721087022332,2.67,2.919719843024192,2.420280156975808
2020-10-07,2.61,2.61,2.55,2.58,26405559,2.965692359962266,3.220203958762097,3.4200812677145427,2.608361278217042,2.7486934838204053,-0.14033220560336357,-0.16364708860591753,0.023314883002553966,2.659,2.9041856439517364,2.413814356048263
2020-10-08,2.57,2.61,2.55,2.61,34598540,2.951743639963746,3.208120712053937,3.4120207575880297,2.608613389260574,2.7384198924263012,-0.12980650316572717,-0.15687897151787947,0.027072468352152296,2.6435,2.858001748244691,2.428998251755309
2020-10-09,2.61,2.61,2.53,2.53,35722000,2.935204673690658,3.194692579141978,3.4032444316418804,2.5965190216820244,2.7229813818762048,-0.12646236019418033,-0.15079564925313965,0.024333289058959318,2.6285,2.8303192260415977,2.426680773958402
2020-10-12,2.55,2.69,2.54,2.69,53343360,2.925588804134162,3.1846986666837207,3.396147472123056,2.610900710654021,2.720538316552042,-0.10963760589802085,-0.14256404058211591,0.03292643468409506,2.6239999999999997,2.8158749592834607,2.4321250407165387
2020-10-14,2.71,2.76,2.68,2.73,78666063,2.91791865495243,3.175694732689984,3.389519139067105,2.62922367824571,2.7212391819926314,-0.09201550374692147,-0.13245433321507702,0.04043882946815555,2.6225,2.810529253043323,2.434470746956677
2020-10-15,2.72,2.83,2.71,2.79,85268313,2.912902237111158,3.1680572132307763,3.383553774499273,2.6539584969771393,2.726332575919103,-0.07237407894196357,-0.12043828236045434,0.04806420341849077,2.6215,2.805703691602612,2.4372963083973884
2020-10-16,2.79,2.98,2.79,2.93,139112190,2.9135727376166027,3.1633432090083846,3.3790408016186837,2.696426420519118,2.741419051776947,-0.04499263125782882,-0.10534915213992924,0.06035652088210042,2.63,2.850997737545047,2.409002262454953
2020-10-19,2.98,3.07,2.98,3.01,201792750,2.91735419888654,3.1603067098201,3.375368753841384,2.7446685096700225,2.7613139368305064,-0.016645427160483894,-0.08760840714404018,0.07096297998355629,2.644,2.9177444063355975,2.3702555936644027
2020-10-20,3.0,3.04,2.91,2.97,102454000,2.9194187401066762,3.156538260120692,3.371335233902664,2.7793348927977113,2.7767721637319505,0.002562729065760827,-0.06957417990208,0.07213690896784082,2.6559999999999997,2.9628159057155083,2.349184094284491
2020-10-21,3.01,3.06,2.94,3.04,98194000,2.924147416965238,3.1542305718014703,3.368038365903633,2.8194372169826787,2.7962705219740283,0.02316669500865043,-0.05102600491993391,0.07419269992858434,2.6725,3.021720560677671,2.3232794393223286
2020-10-22,3.06,3.21,3.04,3.2,167983940,2.9349651653195425,3.155136897112332,3.3663663423623036,2.877985337446882,2.8261764092352113,0.05180892821167049,-0.030459018293613027,0.08226794650528352,2.7024999999999997,3.1183785880518795,2.28662141194812
2020-10-23,3.21,3.28,3.17,3.24,111861940,2.946927315699168,3.1568173545952565,3.3651089658213853,2.9336799009165926,2.856830008551122,0.07684989236547057,-0.008997236161796308,0.08584712852726688,2.7359999999999998,3.2079491498032633,2.2640508501967362
2020-10-27,3.19,3.27,3.06,3.09,94098500,2.9525380092011617,3.155494238662677,3.3623715631763966,2.9577291469294242,2.8741018597695573,0.08362728715986689,0.009527668502536333,0.07409961865733056,2.767,3.2463787646527758,2.287621235347224
2020-10-28,3.13,3.13,2.97,3.06,68754750,2.9567522049187636,3.153603263639654,3.3593628909059845,2.9734631243248977,2.8878720923792196,0.08559103194567808,0.024740341191164684,0.060850690754513395,2.7954999999999997,3.2733901547427187,2.3176098452572806
2020-10-29,2.97,3.06,2.9,3.01,83913500,2.958840353745479,3.1507596346566906,3.3558866432352787,2.979084182121067,2.896918604054833,0.08216557806623381,0.03622538856617851,0.0459401895000553,2.8195,3.2897967148514,2.3492032851486004
2020-10-30,3.06,3.11,2.95,3.05,111148070,2.9624152418338916,3.148764394366459,3.352842995043883,2.9899943079485953,2.908257966717438,0.08173634123115736,0.04532757909917429,0.036408762131983075,2.8415,3.311703147586251,2.371296852413749
2020-11-02,3.06,3.34,3.06,3.32,98491188,2.9764381735266805,3.15215519843841,3.3525161990732975,3.040764414418042,2.93875737659022,0.10200703782782172,0.05666347084490378,0.04534356698291794,2.881,3.372157815778203,2.3898421842217967
2020-11-03,3.34,3.35,3.18,3.22,62790614,2.985989617702105,3.1534986598554715,3.3511976299282895,3.068339119892189,2.959590163509463,0.10874895638272619,0.06708056795246826,0.04166838843025793,2.9115,3.407293303706307,2.4157066962936935
2020-11-04,3.26,3.32,3.23,3.24,66446938,2.9959508091647677,3.155211557680116,3.350091185849401,3.0947484860626213,2.9803612625087617,0.11438722355385966,0.07654189907274656,0.03784532448111311,2.945,3.434469100148326,2.4555308998516736
2020-11-05,3.33,3.34,3.18,3.26,57050270,3.0063056793936007,3.1572865763399154,3.3491947561394566,3.1201717958991413,3.0010752430636685,0.11909655283547282,0.08505282982529182,0.03404372301018101,2.9785,3.4578026183946946,2.4991973816053052
2020-11-06,3.26,3.29,3.22,3.28,31413223,3.0170387900056164,3.1597165451252636,3.348506251103243,3.1447607503761965,3.0217363361700635,0.12302441420613297,0.09264714670146006,0.030377267504672914,3.0134999999999996,3.473120495626564,2.5538795043734352
2020-11-09,3.34,3.37,3.3,3.31,42252200,3.028527464907357,3.1626924551227833,3.3481231043260964,3.170182173395243,3.0430892001574663,0.1270929732377768,0.09953631200872341,0.027556661229053384,3.0484999999999998,3.485959712430764,2.6110402875692356
2020-11-10,3.37,3.4,3.33,3.36,52272938,3.0415263878521666,3.166599535219362,3.3482412823925034,3.199384915949821,3.066564074219876,0.13282084172994502,0.10619321795296774,0.026627623776977277,3.09,3.477453222983117,2.7025467770168827
2020-11-11,3.38,3.49,3.34,3.42,71400000,3.0563684902893367,3.1716173662051172,3.3489552994831255,3.233325698111387,3.092744513166552,0.14058118494483507,0.1130708113513412,0.02751037359349387,3.1265,3.4933392018309974,2.7596607981690027
2020-11-12,3.43,3.47,3.35,3.43,42276000,3.071020706356421,3.176733854003036,3.3497617144136416,3.2635832830173275,3.117726401080141,0.1458568819371866,0.11962802546851029,0.026228856468676315,3.1614999999999998,3.5030420911103075,2.819957908889692
2020-11-13,3.4,3.4,3.27,3.29,64500622,3.0796081296365614,3.1789767479831736,3.349167070489128,3.2676473933223544,3.130487408407538,0.1371599849148164,0.12313441735777152,0.014025567557044885,3.1864999999999997,3.4862515637990907,2.8867484362009086
2020-11-16,3.31,3.35,3.25,3.28,40058153,3.087466634356696,3.1809772084191503,3.3484788409320223,3.2695477943496845,3.141562415192165,0.1279853791575194,0.1241046097177211,0.003880769439798301,3.2039999999999997,3.4818776709273336,2.926122329072666
2020-11-17,3.32,3.39,3.29,3.38,51183704,3.0989385310485904,3.184918253796989,3.348792484305833,3.28654044137281,3.1592244585112637,0.12731598286154622,0.12474688434648613,0.0025690985150600837,3.2225,3.4954743577701004,2.9495256422299
2020-11-18,3.41,3.5,3.35,3.46,51347614,3.1130978043408026,3.1903654170881377,3.3498990267505517,3.3132265273154546,3.18150412825117,0.13172239906428462,0.12614198729004583,0.0055804117742387915,3.247,3.512789390307434,2.9812106096925657
2020-11-19,3.46,3.46,3.41,3.43,27790000,3.125525341425477,3.195110656353719,3.350696051359999,3.331191676959231,3.1999112298621943,0.13128044709703657,0.12716967925144398,0.004110767845592583,3.2664999999999997,3.525827977665343,3.0071720223346565
2020-11-20,3.44,3.44,3.34,3.38,28470051,3.135504739800948,3.1987718314754274,3.350987632938507,3.338700649734734,3.213251138761291,0.1254495109734428,0.12682564559584375,-0.0013761346224009374,3.2755,3.5374522857315744,3.0135477142684257
2020-11-23,3.38,3.44,3.34,3.43,36453469,3.1470535735342446,3.2033506070897753,3.3517738256455862,3.3527467036216976,3.2293066099641585,0.12344009365753905,0.1261485352081828,-0.0027084415506437587,3.285,3.5547776862529514,3.015222313747049
2020-11-24,3.43,3.44,3.36,3.37,18481688,3.155796570650549,3.2066505950681954,3.3519551806142873,3.355401056910667,3.2397283425594057,0.11567271435126125,0.1240533710367985,-0.008380656685537252,3.2990000000000004,3.555585268478133,3.042414731521868
2020-11-25,3.41,3.52,3.34,3.38,51062000,3.1645888619975864,3.2100832565519934,3.352234233543499,3.359185509693641,3.2501188357031534,0.10906667399048775,0.12105603162753636,-0.011989357637048614,3.315,3.5488803112705183,3.0811196887294816
2020-11-26,3.38,3.48,3.38,3.44,21313204,3.1753892987819947,3.2146360633529443,3.3531075247520215,3.371618508202312,3.2641841071325497,0.10743440106976232,0.11833170551598156,-0.010897304446219239,3.3365,3.529815803802983,3.143184196197017
2020-11-27,3.46,3.54,3.42,3.53,78386438,3.189295600790544,3.2208808937815987,3.3548676488838423,3.3959848915558024,3.2838741732708794,0.11211071828492303,0.11708750806976986,-0.004976789784846836,3.3605000000000005,3.522175601127667,3.198824398872334
2020-11-30,3.54,3.74,3.47,3.51,195856940,3.2018722438967973,3.2266060245978045,3.3564112543675853,3.4135256774702945,3.300624234510073,0.11290144296022131,0.11625029504786016,-0.003348852087638854,3.37,3.542973986483494,3.1970260135165063
2020-12-01,3.58,3.79,3.54,3.72,190851190,3.2221909794302563,3.236376202328541,3.3600290528315893,3.4606755732440955,3.3316891060278455,0.12898646721624996,0.11879752948153813,0.010188937734711828,3.3950000000000005,3.612761337247894,3.177238662752107
2020-12-02,3.73,3.76,3.62,3.63,66802750,3.238183490040835,3.2441707329755007,3.362715330912867,3.486725485052696,3.353786209285042,0.13293927576765396,0.1216258787387613,0.011313397028892669,3.4144999999999994,3.642839659279744,3.186160340720255
2020-12-03,3.66,3.66,3.56,3.6,42167356,3.2523723727843317,3.2512168570749957,3.365076372396321,3.504152333506127,3.3720242678565207,0.13212806564960644,0.12372631612093032,0.008401749528676117,3.4315000000000007,3.661914843271846,3.2010851567281553
2020-12-04,3.58,3.64,3.54,3.56,49261454,3.264436201302593,3.257331374756679,3.3670159109794424,3.512744282197492,3.385948396163445,0.126795886034047,0.12434023010355366,0.00245565593049335,3.4455,3.6713738586025135,3.2196261413974865
2020-12-07,3.58,3.6,3.5,3.58,57309497,3.2768112522319033,3.2637208524842696,3.369135155646314,3.52309131570557,3.400322589040227,0.12276872666534322,0.12402592941591158,-0.0012572027505683564,3.4590000000000005,3.683133888557683,3.234866111442318
2020-12-08,3.54,3.55,3.44,3.46,38737418,3.2839951246933974,3.2676075682766603,3.370039283450829,3.5133849594431745,3.4047431380002102,0.1086418214429643,0.12094910782132212,-0.012307286378357818,3.464,3.6834903186930745,3.2445096813069254
2020-12-09,3.46,3.53,3.46,3.47,19123653,3.291289433528951,3.271615339201875,3.371033917446343,3.5067103502980705,3.4095769796298243,0.09713337066824623,0.11618596039070696,-0.019052589722460725,3.4665,3.6850657795721626,3.247934220427837
2020-12-10,3.46,3.47,3.39,3.42,22495571,3.2963369067238943,3.2745536493166894,3.37152114214837,3.4933702964060593,3.4103490552128,0.08302124119325915,0.10955301655121741,-0.026531775357958254,3.466,3.6849429149344353,3.247057085065565
2020-12-11,3.39,3.46,3.37,3.44,36479387,3.301970753519036,3.277829814676755,3.3722025238185354,3.485159481574358,3.4125454214933337,0.07261406008102433,0.1021652252571788,-0.02955116517615447,3.4735,3.6775857662846354,3.2694142337153647
2020-12-14,3.43,3.48,3.34,3.39,35361000,3.305422880832015,3.2800510064653343,3.372379613133774,3.470519561332149,3.4108753902716056,0.05964417106054354,0.09366101441785175,-0.034016843357308216,3.479,3.667244521832606,3.290755478167394
2020-12-15,3.38,3.4,3.3,3.38,52543000,3.308347473740563,3.28203019445612,3.372455437878712,3.456593474973357,3.408588324325561,0.04800515064779587,0.08452984166384059,-0.03652469101604472,3.479,3.667244521832606,3.290755478167394
2020-12-16,3.4,3.44,3.38,3.42,27473411,3.31272600418211,3.2847622698134242,3.3729285180988247,3.4509637095928403,3.409433633634779,0.04153007595806146,0.07592988852268477,-0.03439981256462331,3.4769999999999994,3.666852574383353,3.287147425616646
2020-12-17,3.42,3.45,3.38,3.43,21225000,3.317324984410263,3.287638264470584,3.3734963935406275,3.4477385235016342,3.410957068180351,0.036781455321283296,0.06810020188240448,-0.031318746561121186,3.4770000000000003,3.6668525743833538,3.287147425616647
2020-12-18,3.43,3.45,3.38,3.38,58248848,3.3197828281588797,3.289467209728592,3.373561106042711,3.4373172121936904,3.408663952018843,0.02865326017484726,0.06021081354089304,-0.03155755336604578,3.4769999999999994,3.666852574383353,3.287147425616646
2020-12-21,3.37,3.41,3.31,3.33,47930750,3.3201835015644137,3.290269839238917,3.3731276622014903,3.4208068718561995,3.4028369926100397,0.01796987924615978,0.05176262668194639,-0.033792747435786606,3.472,3.67155951493223,3.27244048506777
2020-12-22,3.35,3.41,3.32,3.36,30947387,3.3217449328756135,3.2916506345015124,3.372997038696998,3.4114519684937075,3.3996638820463327,0.011788086447374724,0.04376771863503206,-0.031979632187657335,3.4715,3.672126518685808,3.2708734813141915
2020-12-23,3.33,3.35,3.27,3.33,42646208,3.3220686609981382,3.29241002787772,3.3725692074661824,3.3989208964177524,3.394503594487345,0.004417301930407458,0.03589763529410714,-0.03148033336369968,3.469,3.6752910565196344,3.2627089434803653
2020-12-24,3.33,3.49,3.32,3.45,47945477,3.327085576253113,3.2955306213850917,3.3733396631132853,3.4067792200457903,3.3986144393401343,0.00816478070565596,0.030351064376416905,-0.022186283670760944,3.4695,3.6755558176805185,3.2634441823194815
2020-12-28,3.44,3.54,3.43,3.52,35845000,3.334650847772599,3.299975559575486,3.374798969947979,3.4241978015772068,3.407605962351976,0.016591839225230665,0.02759921934617966,-0.011007380120948995,3.469,3.674513989791418,3.263486010208582
2020-12-29,3.52,3.56,3.47,3.53,34176000,3.3423115988403405,3.3045304989898328,3.3763432588042184,3.440475062873021,3.4166721873629404,0.023802875510080757,0.02683995057895988,-0.003037075068879125,3.4699999999999998,3.676494551986213,3.2635054480137864
2020-12-30,3.53,3.56,3.5,3.55,29288040,3.350456242023072,3.309391281188054,3.3780711865773108,3.4573250532002486,3.4265483216323522,0.030776731567896398,0.027627306776747185,0.0031494247911492135,3.4615,3.637939791430356,3.285060208569644
2020-12-31,3.53,3.55,3.48,3.51,11391399,3.356712859982952,3.313363731065518,3.379383911088979,3.465428891169441,3.432729927437363,0.032698963732078035,0.028641638167813357,0.004057325564264677,3.4555,3.6160584005899032,3.2949415994100963
2021-01-04,3.49,3.52,3.42,3.51,50728000,3.3627241203757774,3.3172575185691713,3.380683573665208,3.472285984835681,3.4384536365160767,0.03383234831960413,0.029679780198171517,0.004152568121432616,3.4509999999999996,3.59971449156013,3.3022855084398692
2021-01-05,3.51,3.54,3.46,3.52,35227961,3.3688918019296685,3.321272221171762,3.382069806763067,3.4796266025532683,3.444494107885256,0.03513249466801227,0.03077032309213967,0.004362171575872601,3.4490000000000003,3.592791515744109,3.3052084842558918
2021-01-06,3.49,3.59,3.45,3.58,51356430,3.377170554795172,3.326395543524796,3.3840392614221413,3.495068663698919,3.454531581375237,0.04053708232368214,0.03272367493844817,0.007813407385233971,3.4489999999999994,3.592791515744108,3.305208484255891
2021-01-07,3.55,3.62,3.5,3.53,45018122,3.3831638663718318,3.3304273149401467,3.385491607079633,3.500442715437547,3.460121834606701,0.04032088083084595,0.03424311611692773,0.0060777647139182225,3.4524999999999997,3.600537157497663,3.3044628425023364
2021-01-08,3.52,3.58,3.49,3.54,102714880,3.389314302984701,3.3345772690997477,3.3870290040241144,3.5065284515240784,3.4660387357469458,0.04048971577713267,0.03549243604896872,0.004997279728163953,3.4560000000000004,3.6087612516313867,3.303238748368614
2021-01-11,3.61,3.85,3.61,3.77,86084438,3.4042431538480464,3.3431995013948024,3.3908396607004914,3.5470625359049897,3.4885543849508758,0.05850815095411388,0.040095579029997754,0.018412571924116126,3.4735,3.677389676050522,3.269610323949478
2021-01-12,3.75,3.91,3.73,3.89,84595375,3.423292441932437,3.35402723404045,3.3958064302457602,3.5998221457657604,3.518291097176737,0.08153104858902349,0.0483826729418029,0.03314837564722059,3.496,3.7680588171700844,3.2239411828299156
2021-01-13,3.89,3.93,3.79,3.84,49541598,3.4396339147978314,3.3636504571287578,3.4002262667607277,3.6367725848787202,3.5421213862747565,0.09465119860396376,0.05763637807423508,0.03701482052972868,3.5185000000000004,3.8241321318186037,3.212867868181397
2021-01-14,3.84,3.93,3.79,3.84,55917520,3.4553345455900732,3.3730831213440298,3.4046021248029095,3.6680383410512247,3.5641864687729226,0.10385187227830217,0.0668794769150485,0.03697239536325367,3.5415,3.870332784253612,3.212667215746388
2021-01-15,3.94,4.51,3.94,4.23,343493880,3.4857135830179136,3.390051772406524,3.4128150389839753,3.7544939808894977,3.6135059896045583,0.14098799128493944,0.08170117978902669,0.05928681149591275,3.582,4.021799954524759,3.142200045475241
2021-01-18,4.31,4.31,4.1,4.24,95977063,3.5152934425074074,3.406882430378672,3.421045735113488,3.829187214598806,3.659912953337554,0.1692742612612519,0.09921579608347174,0.07005846517778015,3.6225,4.140993008631725,3.1040069913682755
2021-01-19,4.24,4.35,4.19,4.26,205274130,3.544497621232607,3.4237758475988964,3.4293935387442,3.895466104660528,3.7043638456829204,0.1911022589776077,0.11759308866229894,0.07350917031530875,3.6665,4.241487825958059,3.0915121740419416
2021-01-20,4.27,4.29,4.11,4.2,98135625,3.570203596870544,3.439146622893968,3.4370612647268453,3.9423174731742927,3.7410776348915933,0.20123983828269942,0.13432243858637904,0.06691739969632038,3.71,4.307762494641452,3.112237505358548
2021-01-21,4.31,4.45,4.26,4.39,196175690,3.6023524754246403,3.457975402638642,3.44654324219225,4.011191708070555,3.789145958232957,0.22204574983759828,0.15186710083662291,0.07017864900097537,3.7615000000000003,4.405465061164011,3.1175349388359894
2021-01-22,4.39,4.39,4.19,4.23,118764820,3.6269661038393606,3.473263018427976,3.454338831822178,4.044854522213547,3.821801813178664,0.22305270903488283,0.1661042224762749,0.05694848655860793,3.8065000000000007,4.449346015776691,3.1636539842233096
2021-01-25,4.26,4.31,4.21,4.23,89345938,3.6506144919240917,3.4882479091521743,3.462056853396087,4.073338441873002,3.8520387159061706,0.22129972596683123,0.1771433231743862,0.04415640279244504,3.8455,4.491734477569839,3.199265522430161
2021-01-26,4.23,4.37,4.19,4.31,101056380,3.6764727471427547,3.5045202277828245,3.4704940986359274,4.109747912354078,3.885961773987195,0.22378613836688332,0.18647188621288563,0.037314252153997696,3.8849999999999993,4.543285652281712,3.2267143477182865
2021-01-27,4.33,4.54,4.32,4.39,142486940,3.7044542080391176,3.522054480698016,3.4796434110873116,4.1528636181457586,3.9232979388770324,0.22956567926872617,0.19509064482405375,0.034475034444672426,3.928,4.6001190370759915,3.255880962924009
2021-01-28,4.33,4.35,4.23,4.29,74934063,3.7274167881160154,3.5372613226643916,3.4877066607282337,4.173961523046411,3.950461054515771,0.2235004685306401,0.20077260956537102,0.022727858965269077,3.965,4.631258208204563,3.298741791795437
2021-01-29,4.37,4.51,4.29,4.44,152099440,3.7553612277977404,3.555137336076978,3.4971822163428783,4.214890519500809,3.9867231986257137,0.2281673208750954,0.20625155182731592,0.021915769047779476,4.0115,4.6740488661223045,3.348951133877695
2021-02-01,4.47,4.49,4.35,4.4,89694563,3.7806411796488093,3.571867289818028,3.506165477871805,4.243368901116069,4.017336295023809,0.22603260609225995,0.21020776268030472,0.015824843411955225,4.056,4.697042900280433,3.4149570997195675
2021-02-02,4.46,4.47,4.34,4.36,77242688,3.803361133388072,3.587473878138463,3.514661343763628,4.261312147098213,4.042718791688712,0.2185933554095012,0.21188488122614405,0.006708474183357155,4.098000000000001,4.702072843289571,3.49392715671043
2021-02-03,4.38,4.47,4.35,4.43,93872188,3.8279352065885397,3.6041575637198795,3.523769191089363,4.287264124467718,4.0714062886006595,0.21585783586705887,0.21267947215432703,0.0031783637127318354,4.1405,4.711515761603779,3.5694842383962215
2021-02-04,4.39,4.59,4.39,4.5,147666750,3.8542906886831068,3.6218970179036445,3.533482930481509,4.319992720703454,4.103153970926536,0.21683874977691797,0.21351132767884523,0.003327422098072741,4.189,4.706644665769812,3.6713553342301877
2021-02-05,4.52,4.73,4.52,4.64,217714630,3.8851028185386713,3.6420574729946615,3.5444930505762207,4.369224609826,4.142920343450497,0.22630426637550372,0.21606991541817694,0.010234350957326777,4.244,4.70475590066752,3.78324409933248
2021-02-08,4.72,4.77,4.6,4.73,137476130,3.9182360413410766,3.663600889371005,3.5562891396252136,4.424728516006615,4.186407725417126,0.23832079058948885,0.2205200904524393,0.01780070013704954,4.292,4.74519311556988,3.8388068844301193
2021-02-09,4.73,4.73,4.64,4.71,84065500,3.9492856083473087,3.684321663838906,3.567768849678694,4.468616436620982,4.225192338349191,0.2434240982717908,0.22510089201630962,0.018323206255481173,4.333,4.781646854441144,3.884353145558857
2021-02-10,4.72,4.86,4.68,4.72,91859125,3.9795097021376105,3.704830145743086,3.5792338362490557,4.507290830986985,4.261844757730732,0.2454460732562529,0.22916992826429827,0.016276144991954622,4.377,4.7951913437649445,3.9588086562350555
2021-02-11,4.74,4.8,4.7,4.79,28034208,4.011293635387116,3.7263186577085694,3.5912812607639903,4.55078454929668,4.3009673682691965,0.24981718102748385,0.2332993788169354,0.016517802210548438,4.4245,4.801725396811942,4.047274603188058
2021-02-16,4.81,4.83,4.76,4.8,56185426,4.042223296744484,3.7475796743876075,3.603308312895692,4.589125387866422,4.337932748397404,0.2511926394690178,0.2368780309473519,0.014314608521665911,4.453,4.852604804775825,4.053395195224176
2021-02-17,4.79,4.93,4.73,4.86,105401000,4.074292971381955,3.769607799647259,3.6158127077922524,4.6307984051177415,4.376604396664264,0.25419400845347795,0.24034122644857714,0.01385278200490081,4.484,4.908141485827457,4.059858514172543
2021-02-18,4.86,4.93,4.75,4.85,116376130,4.104712854857173,3.7910017046047386,3.628093178361484,4.66452172740732,4.411670737652096,0.252850989755224,0.24284317910990652,0.0100078106453175,4.5135000000000005,4.953012229636356,4.073987770363645
2021-02-19,4.85,4.85,4.71,4.72,90947938,4.128841762509833,3.80939771045415,3.6389579228553997,4.673056846267732,4.434509942270459,0.23854690399727296,0.24198392408737984,-0.0034370200901068793,4.5395,4.96298435626351,4.116015643736491
2021-02-22,4.77,4.78,4.64,4.66,76279313,4.149671497313369,3.826241320148127,3.6491175455135547,4.671048100688081,4.451212909509684,0.21983519117839645,0.2375541775055832,-0.017718986327186742,4.553,4.973765968205507,4.132234031794493
2021-02-23,4.69,4.93,4.68,4.86,123207630,4.17752751702657,3.846711789056085,3.661166127150236,4.700117623659145,4.481493434731189,0.2186241889279561,0.2337681797900578,-0.015143990862101692,4.5845,4.998092794908127,4.170907205091874
2021-02-24,4.89,4.91,4.65,4.69,111233570,4.197624477143175,3.86341056551042,3.6714032801139154,4.698561066173123,4.496938365491842,0.20162270068128052,0.22733908396830235,-0.025716383287021832,4.6075,4.9896452603394605,4.225354739660539
2021-02-25,4.78,5.01,4.74,4.98,186093130,4.228305870196384,3.885521247381501,3.6844241429983544,4.74185936368495,4.532720708788743,0.20913865489620775,0.22369899815388344,-0.01456034325767569,4.641,5.030353309989669,4.251646690010331
2021-02-26,4.81,4.93,4.63,4.63,155529500,4.244058581169075,3.900263400898699,3.693832857993396,4.724650230810342,4.539926582211798,0.18472364859854373,0.2159039282428155,-0.03118027964427178,4.6530000000000005,5.0250806364216105,4.28091936357839
2021-03-01,4.72,4.79,4.66,4.72,69372375,4.262722950534995,3.9164958088016952,3.70404347632182,4.723934810685674,4.553265353899813,0.17066945678586087,0.2068570339514246,-0.03618757716556373,4.6745,5.007875164041818,4.341124835958182
2021-03-02,4.73,4.76,4.61,4.64,80139500,4.277518128945387,3.9308226244689886,3.7133564765574243,4.711021762887878,4.559690142499827,0.15133162038805104,0.1957519512387499,-0.04442033085069885,4.6845,5.000694560357872,4.3683054396421275
2021-03-03,4.66,4.97,4.66,4.96,176349250,4.304282123888705,3.9512023744795037,3.7257608897260073,4.749326107058973,4.589342724536877,0.1599833825220962,0.18859823749541915,-0.028614854973322945,4.7125,5.022072285581101,4.4029277144189
2021-03-04,4.88,4.92,4.81,4.83,75077125,4.324898511187188,3.9686043076581274,3.7367483435595794,4.761737475203746,4.607169189385997,0.1545682858177484,0.181792247159885,-0.027223961342136616,4.736,5.003462146854287,4.468537853145713
2021-03-05,4.78,5.01,4.76,4.94,135824190,4.349020138199455,3.987839865922323,3.748720996857494,4.789162479018554,4.631823323505553,0.15733915551300104,0.17690162883050822,-0.019562473317507184,4.7615,5.003431808574033,4.519568191425967
2021-03-08,4.94,5.11,4.89,4.89,115884820,4.370235034740652,4.005704423032772,3.760077006839012,4.80467594378493,4.650947521764401,0.15372842202052883,0.17226698746851235,-0.018538565447983518,4.781000000000001,4.99695369874096,4.565046301259041
2021-03-09,4.96,5.0,4.71,4.72,140377880,4.383951307888078,4.01984888990341,3.7696284794077783,4.791648875510326,4.656062520152223,0.13558635535810293,0.16493086104643048,-0.029344505688327555,4.785,4.993182612145925,4.576817387854075
2021-03-10,4.77,4.8,4.65,4.74,88617250,4.397914001696389,4.0341093079251245,3.7792839174236215,4.783702894662583,4.662280111252058,0.12142278341052481,0.15622924551924935,-0.03480646210872454,4.7855,4.993199301876295,4.5778006981237045
2021-03-11,4.76,4.88,4.76,4.83,79598750,4.4148585506494715,4.049869519649379,3.7897388038174165,4.790825526252955,4.674703806714868,0.11612171953808659,0.1482077403230168,-0.032086020784930225,4.7915,4.9970504804175855,4.585949519582415
2021-03-12,4.83,4.88,4.76,4.8,61389086,4.429962136898512,4.064723588567213,3.799791154028189,4.7922369837525,4.68398500621747,0.10825197753502991,0.14021658776541945,-0.031964610230389545,4.7955000000000005,4.998426094921033,4.592573905078968
2021-03-15,4.83,4.94,4.78,4.89,82956875,4.448002837412296,4.0810656957242974,3.810639003241839,4.807277447790576,4.699245376127287,0.10803207166328921,0.13377968454499342,-0.025747612881704213,4.8005,5.007524153180008,4.5934758468199925
2021-03-16,4.91,5.0,4.84,4.94,61790415,4.467296843788284,4.098074295808964,3.821876426095154,4.8276963019766415,4.71707905196971,0.11061725000693112,0.12914719763738097,-0.01852994763044985,4.8075,5.023266077036912,4.591733922963088
2021-03-17,4.96,4.96,4.89,4.9,22690325,4.484265595012273,4.113954012723639,3.832604023845451,4.838819947826389,4.730628751823806,0.10819119600258276,0.12495599731042134,-0.016764801307838584,4.8095,5.027901007323452,4.591098992676548
2021-03-18,4.92,4.96,4.87,4.88,23788739,4.499784591286302,4.129123240194458,3.8430258743544514,4.845155340468483,4.741693288725747,0.10346205174273582,0.12065720819688425,-0.01719515645414843,4.811,5.03089997726216,4.59110002273784
2021-03-19,4.85,4.86,4.73,4.73,96070750,4.508812646529976,4.1410217898935775,3.8518514875449545,4.827439134242562,4.740827119190507,0.08661201505205529,0.11384816956791846,-0.02723615451586317,4.8115,5.030614125514305,4.592385874485695
2021-03-22,4.74,4.89,4.72,4.79,68247250,4.519839601568016,4.153872843559051,3.861186298614159,4.821679267436013,4.744469554806025,0.07720971262998866,0.1065204781803325,-0.029310765550343842,4.818,5.026192218874524,4.609807781125475
2021-03-23,4.79,4.82,4.67,4.71,57482059,4.527296872094761,4.164885262498475,3.8696322060906354,4.804497841676627,4.7419162544500235,0.06258158722660312,0.09773269998958663,-0.03515111276298351,4.810499999999999,5.022865251394616,4.598134748605383
2021-03-24,4.71,4.77,4.61,4.64,84339500,4.531716602600849,4.174293475122268,3.8772975572738133,4.779190481418684,4.73436690226854,0.0448235791501439,0.08715087582169809,-0.04232729667155419,4.808,5.027052505121258,4.588947494878742
2021-03-25,4.62,4.68,4.56,4.6,88553188,4.534394382891012,4.1827233072980645,3.884488626355666,4.7516227150465795,4.724413798396797,0.027208916649782644,0.075162483987315,-0.04795356733753235,4.789,5.010981981250506,4.5670180187494935
2021-03-26,4.6,4.68,4.6,4.65,45050114,4.538927936503129,4.191976311113944,3.8921056549491424,4.7359884511932595,4.718901665182219,0.01708678601104019,0.06354734439206003,-0.04646055838101984,4.79,5.009271521178424,4.570728478821576
2021-03-29,4.65,4.8,4.59,4.76,100169630,4.547597429189281,4.203224304953272,3.9007414195765144,4.739682535625066,4.721945986279833,0.0177365493452335,0.054385185382694726,-0.03664863603746123,4.792,5.009402851866989,4.5745971481330105
2021-03-30,4.8,4.81,4.67,4.75,55474344,4.555534784907349,4.214051546439346,3.9091917537100818,4.741269837836595,4.724024061370216,0.017245776466379148,0.046957303599431614,-0.029711527133052466,4.7975,5.004562792408244,4.590437207591757
2021-03-31,4.77,4.77,4.64,4.66,67872938,4.5596314600090215,4.222882208886092,3.916662482528887,4.728766785861734,4.719281538305755,0.009485247555979015,0.0394628923907411,-0.029977644834762084,4.7825,4.98368399538706,4.5813160046129395
2021-04-01,4.67,4.7,4.46,4.49,147159250,4.556900814518472,4.228171670096268,3.9223673334489977,4.692033434190698,4.702297720653477,-0.010264286462779104,0.029517456620037057,-0.039781743082816165,4.7655,5.00209881656488,4.528901183435121
2021-04-07,4.47,4.57,4.45,4.48,78962500,4.553885096302062,4.233158369698322,3.927915917195774,4.659412905853667,4.685831222827294,-0.02641831697362651,0.018330301901304344,-0.044748618874930854,4.7425,4.995630401176751,4.489369598823249
2021-04-08,4.56,4.56,4.41,4.46,73921875,4.550203327819628,4.237650283169643,3.933210286178901,4.628733997260795,4.669102984099346,-0.04036898683855039,0.006590444153333397,-0.04695943099188379,4.721,4.9927278049812065,4.449272195018794
2021-04-09,4.46,4.46,4.37,4.44,46470661,4.545881628689447,4.2416572082553925,3.9382529698985143,4.599697997682211,4.652132392684579,-0.05243439500236757,-0.005214523677806796,-0.04721987132456078,4.707,5.0050671065379495,4.40893289346205
2021-04-12,4.43,4.45,4.37,4.39,62831848,4.539768623642802,4.244594689280038,3.942747965222907,4.567436767269563,4.6327151784116465,-0.06527841114208321,-0.017227301170662082,-0.04805110997142113,4.689500000000001,5.017370401225708,4.361629598774293
2021-04-13,4.41,4.48,4.39,4.4,40338661,4.5342875011470065,4.247672022165582,3.9472977367132267,4.541677264612708,4.615477017047821,-0.0737997524351135,-0.028541791423552367,-0.045257961011561126,4.668000000000001,5.01218599622865,4.323814003771352
2021-04-14,4.43,4.47,4.39,4.41,55047641,4.529413481494183,4.250886437568243,3.9519017393329956,4.52141922390306,4.600256497266502,-0.07883727336344126,-0.03860088781153015,-0.040236385551911114,4.6485,5.004549153909834,4.2924508460901665
2021-04-15,4.4,4.41,4.27,4.33,65894313,4.521593344965,4.252453042764912,3.955663911080926,4.491970112533359,4.580237497468983,-0.08826738493562392,-0.048534187236348905,-0.03973319769927501,4.6205,4.984174304838698,4.256825695161302
2021-04-16,4.35,4.43,4.33,4.41,45413614,4.517217135358529,4.255572784492339,3.9601846681845987,4.4793593259897655,4.567627312471281,-0.08826798648151524,-0.05648094708538218,-0.03178703939613306,4.593999999999999,4.937359869524544,4.250640130475455
2021-04-19,4.41,4.42,4.35,4.38,36566602,4.511836071226822,4.2580366897499164,3.9643619351678367,4.464073275837494,4.5537289930289635,-0.08965571719146936,-0.06311590110659962,-0.026539816084869744,4.5680000000000005,4.892998461534687,4.243001538465314
2021-04-20,4.38,4.4,4.33,4.38,38803540,4.506666029217928,4.260451804804373,3.9684976373054703,4.451138925708649,4.540860178730522,-0.08972125302187361,-0.06843697148965443,-0.021284281532219188,4.543,4.844204249637874,4.241795750362126
2021-04-21,4.33,4.39,4.31,4.35,29116590,4.5005222633662445,4.262225036392405,3.9722936807153664,4.435579090984241,4.526722387713447,-0.0911432967292054,-0.07297823653756463,-0.01816506019164077,4.524,4.8235596768590785,4.2244403231409215
2021-04-22,4.34,4.39,4.26,4.28,67976000,4.491874331469529,4.262577015869783,3.9753554351361093,4.411643846217435,4.5084466552902285,-0.09680280907279304,-0.07774315104461033,-0.019059658028182713,4.4985,4.789860601317194,4.207139398682806
2021-04-23,4.29,4.31,4.23,4.28,70099188,4.483565534156999,4.26292202545652,3.9783867243387356,4.391390946799369,4.491524680824286,-0.10013373402491688,-0.08222126764067164,-0.017912466384245235,4.477,4.766212724477881,4.18778727552212
2021-04-26,4.28,4.29,4.15,4.21,103715000,4.472837473993979,4.26187406455639,3.980691334046808,4.363484647291774,4.470671000763228,-0.10718635347145433,-0.08721428480682819,-0.01997206866462614,4.455500000000001,4.756729148655836,4.154270851344165
2021-04-27,4.19,4.27,4.16,4.2,61706024,4.4621379652099025,4.260648835555274,3.9828735098274373,4.338333163093039,4.450621297002988,-0.1122881339099493,-0.09222905462745241,-0.02005907928249688,4.435499999999999,4.748579862015941,4.122420137984058
2021-04-28,4.17,4.18,4.13,4.17,78180125,4.450681574417357,4.2588538091086345,3.9847354649535327,4.312435753386418,4.429834534262026,-0.11739878087560829,-0.09726299987708359,-0.0201357809985247,4.4115,4.728692370652136,4.094307629347864
2021-04-29,4.18,4.25,4.15,4.23,41598512,4.442027395028441,4.258282446552028,3.987175908088324,4.2997533297885075,4.415031976168543,-0.11527864638003571,-0.10086612917767403,-0.014412517202361683,4.385,4.668019433961562,4.101980566038438
2021-04-30,4.18,4.19,4.03,4.06,138442000,4.427045928556737,4.25435606147179,3.987900525918291,4.262868202128737,4.38873331126717,-0.12586510913843263,-0.10586592516982576,-0.019999183968606865,4.3505,4.614732851855943,4.086267148144057
2021-05-03,4.05,4.14,4.03,4.11,39122024,4.4146127548878455,4.251497525601061,3.9891154460584075,4.2393500171858545,4.368086399321453,-0.12873638213559868,-0.11044001656298036,-0.018296365572618323,4.323,4.566318721022297,4.079681278977704
2021-05-04,4.13,4.15,4.07,4.09,52490188,4.401882842931459,4.248299554797079,3.990119272465787,4.216373091464954,4.347487406779123,-0.13111431531416962,-0.11457487631321822,-0.016539439000951395,4.303,4.553766823961877,4.052233176038123
2021-05-05,4.1,4.24,4.06,4.19,53155133,4.393573711836108,4.247145108167433,3.9921081354263266,4.212315692778038,4.335821672943633,-0.12350598016559555,-0.1163610970836937,-0.007144883081901851,4.288500000000001,4.530018115262454,4.046981884737548
2021-05-06,4.25,4.27,4.12,4.13,62450102,4.3832374878425355,4.244825403055206,3.9934801937802935,4.199651740042955,4.320575623095957,-0.12092388305300172,-0.11727365427755532,-0.003650228775446407,4.272,4.509453153274343,4.034546846725657
2021-05-07,4.16,4.21,4.14,4.15,35720118,4.374090919691849,4.242947672301637,3.995037604787455,4.192013010805578,4.307940391755516,-0.11592738094993837,-0.11700439961203193,0.0010770186620935596,4.2575,4.487445645751184,4.027554354248816
2021-05-10,4.22,4.27,4.19,4.23,52811723,4.368440295390208,4.2426912827511085,3.997375539068177,4.197857162989336,4.302167029403256,-0.10430986641391993,-0.11446549297240953,0.010155626558489603,4.249499999999999,4.471443686551182,4.027556313448817
2021-05-11,4.23,4.23,4.14,4.15,30964426,4.359874009296475,4.240855811805542,3.998894190420733,4.190494522529438,4.290895397595607,-0.10040087506616935,-0.1116525693911615,0.01125169432499215,4.237,4.451671842587541,4.022328157412459
2021-05-12,4.21,4.3,4.17,4.24,61793278,4.3551730677554366,4.240838865037115,4.001293253202617,4.198110749832601,4.28712536814408,-0.08901461831147905,-0.10712497917522502,0.01811036086374597,4.2284999999999995,4.428026940536687,4.028973059463312
2021-05-13,4.23,4.27,4.2,4.22,36040961,4.349872163137576,4.240426214244301,4.0034694397379145,4.201478326781432,4.282153118651926,-0.08067479187049376,-0.10183494171427879,0.02116014984378503,4.223000000000001,4.417020617460957,4.0289793825390445
2021-05-14,4.26,4.31,4.22,4.24,68808813,4.345563450857671,4.240417774358275,4.00582297765097,4.207404738045827,4.27903066541845,-0.07162592737262319,-0.09579313884594767,0.024167211473324485,4.2145,4.388910435467409,4.040089564532591
2021-05-17,4.24,4.32,4.23,4.31,49419704,4.344168805725998,4.241795640212566,4.008849614689269,4.223188624500315,4.281324690202268,-0.0581360657019534,-0.08826172421714883,0.030125658515195428,4.211,4.374450298255866,4.047549701744135
2021-05-18,4.31,4.32,4.22,4.23,64149032,4.3396915976583115,4.2415620631786535,4.011050116035644,4.224236528423344,4.277522861298396,-0.0532863328750528,-0.08126664594872963,0.027980313073676835,4.2035,4.347898753456987,4.059101246543013
2021-05-20,4.19,4.2,4.1,4.13,79871813,4.331468397750142,4.2393529134127395,4.012233696970613,4.209738600973599,4.26659524194296,-0.05685664096936094,-0.0763846449528559,0.019528003983494968,4.192500000000001,4.323477097234336,4.061522902765666
2021-05-21,4.15,4.15,4.09,4.14,43351176,4.3239598331324895,4.237385528988725,4.013505003468418,4.199009585439199,4.257217816613851,-0.05820823117465235,-0.0727493621972152,0.014541131022562853,4.1855,4.311908069362413,4.059091930637587
2021-05-24,4.11,4.16,4.06,4.07,55011250,4.314000623990038,4.234070964058255,4.014067142737389,4.179161956910091,4.24334983019801,-0.06418787328791886,-0.07103706441535594,0.006849191127437079,4.175,4.30314054783687,4.04685945216313
2021-05-25,4.09,4.27,4.08,4.23,81381375,4.310706481872782,4.233990350908586,4.016215728381793,4.186983194308539,4.242360953887046,-0.05537775957850766,-0.06790520344798628,0.012527443869478627,4.176,4.30552219886928,4.04647780113072
2021-05-26,4.23,4.35,4.19,4.31,100663250,4.310678776701301,4.235495492474752,4.019138954965059,4.205908856722609,4.247371253599117,-0.04146239687650777,-0.06261664213369059,0.02115424525718282,4.181500000000001,4.323383755236225,4.039616244763776
2021-05-27,4.29,4.35,4.21,4.31,229355070,4.310652158007132,4.236970829257429,4.02203309471665,4.221922878765285,4.252010419999182,-0.030087541233897674,-0.056110821953732,0.026023280719834327,4.1885,4.340851567106914,4.036148432893087
2021-05-28,4.34,4.56,4.31,4.47,170656440,4.316901092987244,4.2415852682820345,4.026490476858773,4.260088589724472,4.268157796295539,-0.008069206571067689,-0.046502498877199136,0.03843329230613145,4.2005,4.395792088933299,4.005207911066701
2021-05-31,4.51,4.56,4.39,4.48,77833750,4.323297128556372,4.24630635207843,4.031003009427343,4.293921114382245,4.2838498113847585,0.010071302997486598,-0.03518773850226199,0.04525904149974859,4.2215,4.440705383145421,4.002294616854579
2021-06-01,4.47,4.47,4.39,4.43,56078383,4.327481554887495,4.2499438500570745,4.034973128736524,4.314856327554208,4.294675751282184,0.020180576272023742,-0.02411407554740485,0.04429465181942859,4.2375,4.468227111540733,4.006772888459267
2021-06-02,4.43,4.51,4.39,4.41,49789782,4.330717572342887,4.253113278768815,4.038704739395862,4.329493815622791,4.303218288224244,0.026275527398547105,-0.014036154958214461,0.040311682356761566,4.2535,4.485471981066526,4.0215280189334734
2021-06-03,4.41,4.44,4.32,4.35,55198176,4.331473745976499,4.2550318277040855,4.0418022046755055,4.332648613219285,4.306683600207633,0.02596501301165155,-0.006035921364241259,0.03200093437589281,4.2615,4.495189965552499,4.0278100344475005
2021-06-04,4.35,4.43,4.32,4.42,70939313,4.334945363781342,4.258298524185193,4.045565366818038,4.346087288108626,4.315077407599661,0.03100988050896447,0.0013732390103998876,0.029636641498564584,4.276,4.5112360516586,4.040763948341399
2021-06-07,4.39,4.47,4.38,4.4,47654321,4.337496525985996,4.261104494003308,4.049092079586018,4.354381551476529,4.321367969999686,0.03301358147684308,0.007701307503688527,0.025312273973154553,4.2885,4.522189965552497,4.054810034447503
2021-06-08,4.41,4.43,4.35,4.41,46833372,4.340339799476741,4.264052919864628,4.052683203172227,4.362938235864756,4.3279333055552645,0.03500493030949148,0.013162032064849118,0.02184289824464236,4.2975,4.535312951707695,4.0596870482923055
2021-06-09,4.42,4.43,4.35,4.4,43971762,4.342679415183536,4.266744941253448,4.056139091697876,4.368640045731716,4.333271579217837,0.03536846651387915,0.017603318954655126,0.017765147559224023,4.3100000000000005,4.541689447321033,4.078310552678968
2021-06-10,4.41,4.42,4.33,4.34,41268360,4.342574340078299,4.268195536476152,4.058963578347648,4.364233884849914,4.333769980757257,0.03046390409265687,0.020175435982255477,0.010288468110401391,4.315,4.544738982325433,4.085261017674568
2021-06-11,4.37,4.39,4.27,4.32,33901270,4.341689071839934,4.26922136743702,4.061560955677522,4.357428671796081,4.332749982182646,0.024678689613434557,0.021076086708491294,0.0036026029049432626,4.32,4.545565954877781,4.094434045122219
2021-06-15,4.28,4.31,4.24,4.25,46575797,4.338093421963858,4.268840746299653,4.063435971043915,4.3409011838274525,4.326620353872821,0.014280829954631535,0.019717035357719345,-0.005436205403087809,4.3205,4.545397754546205,4.095602245453795
2021-06-16,4.28,4.33,4.24,4.27,30504622,4.335423091690766,4.268863701818471,4.065491334516115,4.32999330939246,4.322426253585945,0.007567055806514844,0.017287039447478447,-0.009719983640963603,4.318499999999999,4.544444683495596,4.092555316504403
2021-06-17,4.23,4.31,4.23,4.27,27692051,4.332857480251912,4.268886202772561,4.067526246610482,4.320763569485928,4.318542827394394,0.0022207420915343334,0.014273779976289626,-0.012053037884755292,4.320500000000001,4.543970355975744,4.097029644024258
2021-06-18,4.23,4.27,4.17,4.17,75413375,4.326470912398896,4.2669280601434005,4.0685458859476915,4.297569174180401,4.307539654994809,-0.009970480814407878,0.009424927818150125,-0.019395408632558002,4.3225,4.539744102336346,4.105255897663653
2021-06-21,4.19,4.27,4.17,4.19,66866750,4.321119111912664,4.265404732219769,4.069754384594979,4.28102007046034,4.2988330138840825,-0.017812943423742844,0.0039773535697715315,-0.021790296993514376,4.325,4.5348094373471435,4.115190562652857
2021-06-22,4.18,4.2,4.15,4.15,40926969,4.314408558504325,4.263119489997594,4.0705528484298545,4.260863136543365,4.287808346188966,-0.026945209645600876,-0.0022071590733029503,-0.024738050572297925,4.329,4.521551291867711,4.1364487081322885
2021-06-23,4.15,4.17,4.09,4.12,80582688,4.306784693464939,4.260285440690711,4.071044859888264,4.239191884767463,4.275378098323116,-0.03618621355565299,-0.00900296996977296,-0.02718324358588003,4.3235,4.5326195830139415,4.114380416986059
2021-06-24,4.12,4.14,4.07,4.07,65502352,4.297499019211412,4.256517412162181,4.07103446327246,4.213162364034007,4.260164905854737,-0.047002541820729604,-0.01660288433996429,-0.030399657480765313,4.3115,4.548081909705551,4.074918090294449
2021-06-25,4.08,4.23,4.07,4.2,79375938,4.293675528261946,4.255398255485702,4.072317702443879,4.2111373849518525,4.255708246161793,-0.044570861209940915,-0.02219647971395962,-0.022374381495981296,4.305999999999999,4.5475284662310544,4.064471533768944
2021-06-28,4.17,4.24,4.13,4.14,50480594,4.287649036957555,4.253113141515689,4.072991158140955,4.200193171882336,4.247137264964623,-0.04694409308228664,-0.027146002387625025,-0.019798090694661617,4.289499999999999,4.529039140851609,4.04996085914839
2021-06-29,4.15,4.18,4.09,4.14,49688997,4.281858878645494,4.250873277327259,4.073657912786318,4.190932683900439,4.23920117126354,-0.04826848736310119,-0.031370499382720254,-0.016897987980380932,4.2725,4.503660117667231,4.041339882332769
2021-06-30,4.21,4.3,4.17,4.19,63894485,4.278256569679003,4.249667865895036,4.074815545494912,4.190789194069602,4.235556640058833,-0.04476744598923155,-0.034049888704022514,-0.010717557285209033,4.2604999999999995,4.48244368655118,4.038556313448819
2021-07-02,4.24,4.27,4.18,4.19,37205469,4.274795527730807,4.248486323996124,4.075961659470088,4.190667779597355,4.232182074128549,-0.04151429453119437,-0.03554276986945688,-0.00597152466173749,4.2495,4.462335617319868,4.036664382680133
2021-07-05,4.19,4.23,4.15,4.17,39807192,4.270685899192343,4.246932139362537,4.076897364350983,4.187488121197762,4.227575994563471,-0.04008787336570929,-0.03645179056870737,-0.0036360827970019216,4.2405,4.45078314245305,4.03021685754695
2021-07-06,4.14,4.19,4.13,4.16,30720000,4.266345275694604,4.2452107108603085,4.077724256247988,4.183259179475029,4.222570365336548,-0.039311185861518716,-0.03702366962726964,-0.002287516234249075,4.227500000000001,4.423446421248082,4.03155357875192
2021-07-07,4.16,4.21,4.11,4.16,40992278,4.262174872726188,4.243523370051194,4.0785429203649235,4.179680844171179,4.217935523459767,-0.03825467928858828,-0.037269871559533374,-0.000984807729054904,4.2155000000000005,4.396549716928614,4.034450283071387
2021-07-08,4.17,4.17,4.05,4.07,58441461,4.254638603207514,4.240087263713546,4.078457916182188,4.162806868144844,4.206977336536821,-0.044170468391977025,-0.03864999092602211,-0.005520477465954916,4.1985,4.366699286561898,4.030300713438102
2021-07-09,4.09,4.11,4.05,4.07,53925969,4.247397873669964,4.236719199085554,4.078373757812216,4.148528888430253,4.196830867163723,-0.04830197873347064,-0.04058038848751182,-0.007721590245958823,4.182,4.331612833673895,4.032387166326106
2021-07-12,4.12,4.15,4.06,4.08,39855602,4.240833251173103,4.233615848608612,4.078389939326522,4.137985982517906,4.188176728855299,-0.0501907463373934,-0.04250246005748814,-0.007688286279905261,4.169,4.306098504732667,4.031901495267332
2021-07-13,4.1,4.11,4.06,4.08,39961590,4.23452606485259,4.230573950616362,4.078405959830736,4.129065062130536,4.180163637828981,-0.051098575698445,-0.04422168318567951,-0.006876892512765492,4.157,4.280466594672136,4.033533405327864
2021-07-14,4.13,4.13,3.97,3.99,97104500,4.22493680740739,4.225810110010097,4.077526298538888,4.107670437187377,4.166077442434242,-0.05840700524686504,-0.04705874759791662,-0.011348257648948423,4.144,4.279705563629256,4.008294436370744
2021-07-15,4.01,4.3,4.01,4.22,83365000,4.224743207116904,4.225695058326729,4.078943947309646,4.124951908389319,4.170071705957631,-0.045119797568312414,-0.046670957591995785,0.0015511600236833706,4.141500000000001,4.269449208672561,4.01355079132744
2021-07-16,4.23,4.28,4.18,4.24,37291641,4.225341512720163,4.225978324498477,4.080546495097609,4.142651614790962,4.175251579590399,-0.03259996479943705,-0.043856759033484044,0.01125679423404699,4.14,4.26247448713889,4.017525512861109
2021-07-19,4.24,4.3,4.15,4.26,68438250,4.226700669084078,4.226652021043062,4.082332102111564,4.160705212515429,4.18152924036148,-0.020824027846050974,-0.03925021279599743,0.018426184949946453,4.1445,4.277236581242452,4.011763418757548
2021-07-20,4.26,4.28,4.21,4.23,27634840,4.2268300546101925,4.22671831765607,4.083801434428861,4.171365949051517,4.185119667001371,-0.013753717949853694,-0.03415091382676868,0.020397195876914985,4.1465,4.283068664048288,4.009931335951712
2021-07-21,4.23,4.25,4.19,4.21,38223000,4.226170052468617,4.2263872618609,4.0850571415489725,4.177309649197437,4.186962654630899,-0.009653005433461814,-0.029251332148107306,0.01959832671464549,4.149500000000001,4.288852072104917,4.010147927895084
2021-07-22,4.22,4.3,4.21,4.24,44498731,4.2267124033522006,4.2266568210319715,4.08659886153356,4.1869543185516775,4.190891346880462,-0.003937028328784287,-0.024188471384242703,0.020251443055458417,4.1555,4.299510416289703,4.011489583710297
2021-07-23,4.24,4.31,4.23,4.29,33229864,4.229194269887408,4.227911141407575,4.0886227534585995,4.202807500312958,4.1982327285930205,0.004574771719937587,-0.018435822763406644,0.02301059448334423,4.1665,4.3162030393810795,4.016796960618921
2021-07-26,4.29,4.34,4.21,4.22,58631133,4.22883371028398,4.2277544851420785,4.089929989742594,4.205452500264811,4.199845119067612,0.005607381197199501,-0.013627181971285417,0.019234563168484917,4.1675,4.31834760521776,4.016652394782241
2021-07-27,4.22,4.28,4.03,4.1,117036130,4.223781407919903,4.225224693357087,4.090030188849633,4.1892290386856095,4.1924491843218625,-0.003220145636253058,-0.011545774704278946,0.008325629068025888,4.1655,4.318793835492277,4.012206164507723
2021-07-28,4.11,4.29,4.11,4.28,77375250,4.225986058589711,4.226309352894571,4.091920435726752,4.203193801964747,4.19893442992765,0.004259372037096476,-0.008384745356003863,0.012644117393100339,4.1725,4.333108218967563,4.011891781032437
2021-07-29,4.33,4.34,4.18,4.25,80004000,4.226927781782272,4.22677847461943,4.0934933667145454,4.210394755508632,4.202717064747824,0.00767769076080782,-0.005172258132641526,0.012849948893449346,4.1755,4.339509146086225,4.0114908539137755
2021-07-30,4.29,4.29,4.17,4.23,42808633,4.227048260928065,4.226842267201223,4.0948516416726095,4.2134109469688426,4.204738022914651,0.008672924054191178,-0.002403221695274985,0.011076145749466162,4.1775,4.343135141198759,4.011864858801242
2021-08-02,4.34,4.4,4.19,4.35,61131922,4.231869897754415,4.229281034187338,4.0973904313077085,4.2344246474351745,4.215498169365418,0.01892647806975667,0.001862718257731346,0.017063759812025323,4.1865000000000006,4.3682993399326095,4.004700660067392
2021-08-03,4.29,4.37,4.26,4.37,30219512,4.237286764509145,4.2320675483618455,4.100102964329523,4.2552823939836095,4.226942749412424,0.02833964457118565,0.007158103520422208,0.021181541050763444,4.197,4.394999999999828,3.9990000000001724
2021-08-04,4.45,4.45,4.36,4.39,33626504,4.243275518842119,4.235194923641808,4.102987511948134,4.276008179524593,4.239021064270763,0.03698711525382947,0.013123905867103661,0.02386320938672581,4.2085,4.422628466113059,3.9943715338869414
2021-08-05,4.45,4.45,4.31,4.39,38061102,4.249029420063997,4.238260370698406,4.105843357600391,4.2935453826746555,4.250204689139595,0.043340693535060204,0.01916726340069497,0.024173430134365233,4.224500000000001,4.442626110312202,4.0063738896878
2021-08-06,4.39,4.43,4.33,4.37,37884247,4.253773364375213,4.24086907622913,4.1084717819028755,4.305307631493939,4.259078415869996,0.046229215623943,0.02457965384534458,0.02164956177859842,4.2395,4.454299906889947,4.024700093110052
2021-08-09,4.39,4.59,4.38,4.55,81111250,4.265390095184029,4.246990480660235,4.112865097505832,4.342952611264102,4.280628162842589,0.062324448421512635,0.03212861276057819,0.030195835660934443,4.263,4.504089195112367,4.021910804887633
2021-08-10,4.55,4.59,4.49,4.58,46383602,4.277727738510145,4.2535847285679536,4.117513205988361,4.379421440300394,4.302803854483879,0.07661758581651501,0.04102640737176556,0.035591178444749454,4.288,4.550724189978632,4.025275810021369
2021-08-11,4.62,4.86,4.59,4.85,170474000,4.300169787980336,4.265394931962647,4.124801631799422,4.451818141792641,4.343336902299888,0.10848123949275301,0.05451737379596305,0.05396386569678996,4.3309999999999995,4.658163567653744,4.003836432346255
2021-08-12,4.85,4.86,4.71,4.75,76586813,4.317810188451696,4.2749910719237825,4.131022511085001,4.497692273824542,4.373460094722119,0.12423217910242368,0.06846033485725518,0.0557718442451685,4.3575,4.727466214673617,3.9875337853263826
2021-08-13,4.69,4.88,4.69,4.87,73795313,4.339464690865356,4.286773426935192,4.138375520924951,4.554970385543844,4.4102408284464065,0.1447295570974374,0.08371417930529162,0.061015377792145775,4.389,4.81640613004486,3.96159386995514
2021-08-16,4.89,4.89,4.82,4.89,51411622,4.3610543108314195,4.298718507589941,4.145854371463011,4.6065134031524835,4.445778544857784,0.1607348582946999,0.09911831510317329,0.061616543191526624,4.4205,4.8954515764790365,3.9455484235209624
2021-08-17,4.89,4.89,4.74,4.77,56418508,4.377091396681168,4.308050814370338,4.1520647757270615,4.63166518728287,4.4697949489423925,0.16187023834047753,0.11166869975063415,0.050201538589843386,4.4475,4.93722951718262,3.95777048281738
2021-08-18,4.79,4.88,4.77,4.83,47465051,4.394852518379946,4.318386441808548,4.15881039984918,4.662178235393197,4.4964768045762895,0.1657014308169078,0.12247524596388888,0.04322618485301892,4.4784999999999995,4.982455355165436,3.9745446448345634
2021-08-19,4.79,4.81,4.58,4.69,66977250,4.40642692942387,4.325745126129171,4.164095868507398,4.666458506871167,4.510811856089157,0.15564665078200957,0.12910952692751304,0.026537123854496525,4.5009999999999994,5.0005157655168855,4.001484234483113
2021-08-20,4.7,4.76,4.62,4.71,45719731,4.418331755720973,4.333354133532553,4.169527750412798,4.673157198121756,4.525566533415887,0.14759066470586912,0.13280575448318427,0.014784910222684855,4.522,5.019578134567748,4.024421865432252
2021-08-23,4.75,4.79,4.68,4.7,45410840,4.429377569222112,4.340614447720027,4.174806081254462,4.677286859949178,4.538487530940636,0.13879932900854186,0.13400446938825578,0.004794859620286085,4.546,5.0290900537166126,4.062909946283388
2021-08-24,4.77,4.77,4.55,4.58,53964922,4.435284331213402,4.345354755685967,4.1788378615404875,4.662319650726228,4.541562528648738,0.12075712207748968,0.13135499992610256,-0.01059787784861288,4.57,5.007629980691359,4.132370019308642
2021-08-25,4.61,4.64,4.55,4.59,54958020,4.441351612342288,4.350199215969412,4.182929027097299,4.651193550614501,4.545150489489572,0.10604306112492878,0.12629261216586782,-0.020249551040939034,4.585500000000001,5.002416058697574,4.168583941302427
2021-08-26,4.55,4.61,4.49,4.5,62236020,4.443651549113179,4.353165568128434,4.1860839621510575,4.627933004366116,4.54180600878664,0.0861269955794759,0.11825948884858944,-0.03213249326911355,4.598000000000001,4.988056406177259,4.207943593822742
2021-08-27,4.48,4.63,4.48,4.61,46719114,4.450175017775408,4.3582513984625235,4.190302032179406,4.625174080617483,4.546857415543185,0.07831666507429791,0.11027092409373115,-0.031954259019433245,4.617,4.968630487870318,4.265369512129682
2021-08-30,4.59,4.64,4.5,4.58,70177000,4.455266193548921,4.362642459879107,4.194179623899013,4.618224222060947,4.549312421799246,0.0689118002617013,0.10199909932732519,-0.033087299065623896,4.628500000000001,4.958849814590409,4.298150185409592
2021-08-31,4.58,4.77,4.55,4.73,72241063,4.466040068311709,4.369916866614174,4.199511169929869,4.635420495590032,4.562696686851154,0.0727238087388784,0.09614404120963584,-0.023420232470757432,4.6465,4.957194383598926,4.335805616401073
2021-09-01,4.73,4.79,4.65,4.75,47557411,4.477175751907328,4.377443265295081,4.204988670726586,4.653048111653105,4.576571006343661,0.07647710530944352,0.09221065402959738,-0.015733548720153867,4.664499999999999,4.954705099886125,4.374294900113874
2021-09-02,4.77,4.79,4.69,4.75,32453293,4.48787474202861,4.384820626378347,4.210411669027814,4.667963786783396,4.589417598466353,0.07854618831704308,0.08947776088708653,-0.010931572570043457,4.682499999999999,4.94577742022421,4.419222579775789
2021-09-03,4.77,4.83,4.73,4.79,49452997,4.499722791360821,4.392843980311448,4.21617871709719,4.68673858881672,4.604275554135512,0.08246303468120786,0.08807481564591081,-0.005611780964702953,4.7035,4.9278457153589414,4.479154284641059
2021-09-06,4.72,4.82,4.72,4.76,33898000,4.50992974071922,4.400114396542905,4.221589874140999,4.698009575152609,4.615810698273622,0.08219887687898719,0.08689962789252609,-0.004700751013538895,4.714,4.928046723871016,4.499953276128985
2021-09-07,4.73,4.89,4.73,4.87,78129813,4.524050143043957,4.409419061957896,4.228041716189348,4.724469640513746,4.634639535438539,0.08983010507520728,0.08748572332906232,0.002344381746144958,4.7284999999999995,4.943560456616074,4.513439543383925
2021-09-08,4.89,4.92,4.83,4.9,54878157,4.538793274689293,4.419133535978532,4.234727868267066,4.751474311203939,4.6542958661467955,0.09717844505714357,0.08942426767467856,0.007754177382465005,4.731,4.9527115242830515,4.509288475716948
2021-09-09,4.87,4.92,4.82,4.89,50779047,4.552566087446575,4.428457624374997,4.2412479889808266,4.772785955634102,4.671755431617403,0.1010305240166991,0.09174551894308267,0.009285005073616431,4.738,4.970258476701958,4.505741523298043
2021-09-10,4.89,4.98,4.87,4.93,39461594,4.567367417350631,4.438389156565591,4.2481012428218135,4.796972731690394,4.690884658905003,0.10608807278539079,0.0946140297115443,0.011474043073846488,4.741,4.981407986556008,4.500592013443991
2021-09-13,4.86,4.94,4.82,4.92,44861532,4.58119614608198,4.44792600495043,4.254786802594731,4.815900003738026,4.707856165652781,0.10804383808524509,0.09729999138628447,0.010743846698960627,4.7425,4.986948358554345,4.498051641445654
2021-09-14,4.93,5.0,4.68,4.73,63335137,4.587031591333667,4.453511628614778,4.259515292121152,4.80268461854756,4.709496449678501,0.09318816886905879,0.09647762688283934,-0.003289458013780555,4.7405,4.984670022729888,4.496329977270112
2021-09-15,4.73,4.85,4.7,4.79,69628438,4.594991136771562,4.4601747646818115,4.264793746925917,4.800733138771012,4.715459675628242,0.0852734631427694,0.09423679413482536,-0.008963330992055957,4.7385,4.980349126522951,4.49665087347705
2021-09-16,4.82,4.82,4.71,4.75,51373075,4.601069915721697,4.4659138782524685,4.269621669842077,4.792928040498548,4.718018218174299,0.07490982232424948,0.09037139977271019,-0.015461577448460717,4.7415,4.982354727999917,4.500645272000083
2021-09-17,4.75,4.75,4.58,4.66,81851125,4.603380899418886,4.469757167792023,4.2735060313361855,4.772477572729541,4.71372057238361,0.05875700034593123,0.0840485198873544,-0.02529151954142317,4.739,4.982137820998531,4.495862179001469
2021-09-20,4.63,4.63,4.38,4.44,81270563,4.596973805324027,4.469167916944657,4.275162687740801,4.721327176924997,4.693444974429268,0.027882202495728592,0.07281525640902924,-0.044933053913300644,4.726,5.001709992564496,4.450290007435504
2021-09-21,4.44,4.5,4.36,4.45,74418688,4.59121012668387,4.468788354232881,4.27690236248965,4.679584534321151,4.675412013360434,0.004172520960716852,0.05908670931936676,-0.05491418835864991,4.7195,5.0141506405896905,4.4248493594103095
2021-09-23,4.52,4.62,4.39,4.41,127982130,4.584103847206071,4.467624228406487,4.2782267170917425,4.638109990579435,4.6557518642226245,-0.017641873643189143,0.04374099272685558,-0.061382866370044725,4.710500000000001,5.030342148566938,4.390657851433063
2021-09-24,4.42,4.45,4.27,4.3,65087528,4.5729625198646575,4.464304936754874,4.27844336667292,4.58609306895183,4.6293998742802085,-0.043306805328378495,0.026331433115808767,-0.06963823844418726,4.7005,5.056504213458093,4.3444957865419065
2021-09-27,4.33,4.36,4.24,4.28,64926926,4.5614737935954555,4.460655334046857,4.278458855561746,4.539001827574626,4.6035184021113045,-0.06451657453667892,0.00816183158531123,-0.07267840612199014,4.683999999999999,5.083219238013295,4.2847807619867035
2021-09-28,4.29,4.45,4.24,4.36,64404020,4.553572860513281,4.458662159115236,4.279270210232774,4.5114630848708375,4.585480001954911,-0.07401691708407387,-0.008273918148565792,-0.06574299893550808,4.673,5.094573243932673,4.251426756067327
2021-09-29,4.34,4.55,4.3,4.54,49824172,4.553040591473544,4.460272809429786,4.281864536499115,4.515853379506093,4.582111112921214,-0.06625773341512087,-0.019870681201876808,-0.04638705221324406,4.663500000000001,5.088059771999088,4.238940228000914
2021-09-30,4.55,4.55,4.44,4.54,30896079,4.552529195729483,4.4618515656787014,4.284433048573751,4.519568244197464,4.578991771223346,-0.05942352702588227,-0.027781250366677904,-0.03164227665920437,4.6530000000000005,5.078868524312279,4.227131475687722
2021-10-04,4.49,4.5,4.39,4.48,29875059,4.549684913544014,4.462210940615757,4.286378988388938,4.513480822013238,4.571659047429024,-0.058178225415785434,-0.03386064537649941,-0.024317580039286024,4.6395,5.069312749927127,4.209687250072873
2021-10-05,4.45,4.49,4.41,4.45,37841430,4.5457757012481705,4.461969139811484,4.288007058156213,4.503714541703509,4.5626472661379855,-0.05893272443447639,-0.038875061188094806,-0.020057663246381585,4.6225000000000005,5.0540495336574,4.190950466342601
2021-10-06,4.45,4.5,4.35,4.36,30742809,4.538490379630595,4.459949948924128,4.288723405836251,4.481604612210662,4.547636357535172,-0.06603174532451028,-0.044306398015377904,-0.02172534730913238,4.6025,5.043674568623261,4.161325431376739
2021-10-07,4.41,4.47,4.39,4.4,25516524,4.533059384350964,4.45876282122266,4.289830635628925,4.469050056485944,4.536700331051085,-0.06765027456514083,-0.04897517332533049,-0.018675101239810345,4.579000000000001,5.0106433713147025,4.147356628685299
2021-10-08,4.44,4.5,4.41,4.48,57057583,4.530978624180339,4.45918335941627,4.291722868110229,4.470734663180414,4.5325003065287826,-0.06176564334836865,-0.051533267329938126,-0.010232376018430522,4.558,4.965313147344794,4.150686852655205
2021-10-11,4.48,4.6,4.39,4.45,63528297,4.5278029918595415,4.459001510714958,4.2932977649449535,4.4675447149988115,4.526389172711836,-0.05884445771302449,-0.0529955054065554,-0.005848952306469091,4.536,4.9158104790549135,4.156189520945086
2021-10-12,4.38,4.39,4.28,4.34,87531000,4.520438168649363,4.456645045156246,4.293762463801222,4.447922451152841,4.512582567325774,-0.06466011617293344,-0.055328427559831014,-0.00933168861310242,4.506500000000001,4.849152885585289,4.163847114414713
2021-10-15,4.4,4.43,4.32,4.43,49990758,4.516891573800369,4.456117420499686,4.295118061176335,4.44516515097548,4.506465340116458,-0.06130018914097768,-0.05652277987606035,-0.0047774092649173275,4.482,4.768328482690643,4.195671517309357
2021-10-18,4.39,4.41,4.32,4.4,69347500,4.512307590514081,4.455006184450187,4.296161662557664,4.438216666210022,4.49857901862635,-0.0603623524163277,-0.05729069438411383,-0.0030716580322138753,4.4655000000000005,4.729959826816715,4.201040173183286
2021-10-19,4.44,4.53,4.37,4.48,41061668,4.511040626180196,4.455501111490777,4.297990899746146,4.44464487140848,4.497202795024398,-0.052557923615918156,-0.056344140230474696,0.0037862166145565396,4.45,4.6689977168829095,4.231002283117091
2021-10-20,4.58,4.58,4.41,4.53,50308461,4.511784131035875,4.456976337005811,4.300299448007379,4.457776429653329,4.499632217615184,-0.04185578796185485,-0.05344646977675073,0.011590681814895878,4.439,4.614373886311296,4.263626113688704
2021-10-21,4.51,4.61,4.45,4.55,49021180,4.5132827925638805,4.458818389738369,4.30278403061427,4.471964671245124,4.503363164458503,-0.03139849321337884,-0.049036874464076355,0.017638381250697513,4.4335,4.58624488534785,4.280755114652151
2021-10-22,4.59,4.62,4.53,4.61,45115403,4.517075624228042,4.461812084991074,4.305840905931541,4.493200875668951,4.511262189313428,-0.01806131364447694,-0.042841762300156475,0.024780448655679535,4.442,4.613067238242532,4.270932761757468
2021-10-25,4.57,4.59,4.51,4.56,33251579,4.518758933081844,4.463756400139766,4.308369852141177,4.503477664027574,4.514872397512434,-0.011394733484859643,-0.03655235653709711,0.02515762305223747,4.4475,4.626147697997839,4.268852302002161
2021-10-26,4.56,4.61,4.5,4.54,31978024,4.519591916098242,4.465266174394424,4.310674629731813,4.50909648494641,4.516733701400401,-0.007637216453991513,-0.03076932852047599,0.023132112066484477,4.454,4.636142801120238,4.271857198879761
2021-10-27,4.48,4.63,4.45,4.61,49085399,4.523137331153213,4.468132190743049,4.3136529916250295,4.524620102646962,4.5236423161114825,0.000977786535479197,-0.024419905509284953,0.02539769204476415,4.4695,4.649330475726241,4.2896695242737595
2021-10-28,4.65,4.65,4.5,4.53,46613172,4.523406455421714,4.469357295876849,4.315805698176025,4.525447779162814,4.52411325565878,0.0013345235040338466,-0.019269019706621194,0.02060354321065504,4.482,4.64094653189021,4.323053468109791
2021-10-29,4.66,4.78,4.56,4.77,128058750,4.533076790503216,4.4753106167505745,4.320325044462831,4.56307119775315,4.542327088572945,0.020744109180204973,-0.01126639392925596,0.032010503109460936,4.5025,4.695360052887902,4.309639947112099
2021-11-01,4.82,4.95,4.77,4.94,92252688,4.549034563424659,4.48451238671591,4.326490964418426,4.621060244252665,4.571784341271245,0.04927590298142004,0.0008420654528792405,0.0484338375285408,4.5225,4.793783984046097,4.2512160159539025
2021-11-02,4.98,4.99,4.84,4.91,74564813,4.563190070741339,4.492937884008663,4.332297024473964,4.66551251436764,4.59683735302893,0.06867516133870932,0.014408684630045257,0.054266476708664066,4.541,4.860681091089108,4.2213189089108925
2021-11-03,4.86,4.89,4.77,4.8,43425012,4.5724767346338355,4.499018321949086,4.336950785424471,4.686202896772619,4.61188643798975,0.07431645878286819,0.026390239460609845,0.047926219322258344,4.557,4.89440776517431,4.219592234825691
2021-11-04,4.84,4.84,4.68,4.75,46889176,4.579438431314862,4.503988256167915,4.341060727858059,4.696017835730677,4.622117072212732,0.07390076351794495,0.03589234427207687,0.03800841924586808,4.572,4.915662625259019,4.228337374740981
2021-11-05,4.72,4.77,4.71,4.73,32005067,4.585342806557416,4.508463736243797,4.3449307703669335,4.701245861002881,4.630108400196974,0.07113746080590655,0.04294136757884281,0.02819609322706374,4.5905000000000005,4.926266287765643,4.254733712234358
2021-11-08,4.78,4.85,4.74,4.77,35579000,4.592584265123793,4.513642672159762,4.349160314940398,4.711823420848591,4.640470740923124,0.07135267992546712,0.04862363004816767,0.02272904987729945,4.609,4.941499624059817,4.276500375940183
2021-11-09,4.81,4.82,4.67,4.74,31786676,4.598365274334625,4.518124995483331,4.353049267030543,4.716158279179577,4.647843278632522,0.06831500054705497,0.052561904147945135,0.015753096399109837,4.622000000000001,4.953638357250664,4.290361642749337
2021-11-10,4.71,4.77,4.68,4.72,34365915,4.603135263576404,4.522122520325245,4.356700518104866,4.71674931315195,4.653188220956039,0.06356109219591044,0.0547617417575382,0.008799350438372239,4.6355,4.959936434451987,4.311063565548014
2021-11-11,4.7,4.86,4.68,4.83,37938559,4.612031919906742,4.52821910408118,4.361409965685912,4.734172495743957,4.66628538977411,0.06788710596984693,0.057386814599999954,0.010500291369846974,4.66,4.964893424002416,4.355106575997584
2021-11-12,4.91,4.91,4.74,4.8,43885430,4.619403217165301,4.533600904000365,4.365774045629335,4.744299804091041,4.676190175716768,0.06810962837427237,0.059531377354854434,0.008578251019417935,4.6785000000000005,4.969929236693776,4.387070763306225
2021-11-15,4.81,4.82,4.72,4.82,20115758,4.627269757668623,4.53927217322808,4.370293706866854,4.755945988077035,4.686842755293304,0.0691032327837311,0.06144574844062977,0.007657484343101324,4.6995000000000005,4.967191987179138,4.431808012820863
2021-11-16,4.79,4.83,4.74,4.77,41045016,4.632867022073776,4.543841041084949,4.374270883912955,4.758108143757491,4.6930025511975035,0.06510559255998771,0.06217771726450136,0.002927875295486354,4.714,4.96335115800797,4.464648841992031
2021-11-17,4.72,4.76,4.61,4.7,64677165,4.6354996878748045,4.546933297697128,4.377511969645165,4.749168429333261,4.693520880738429,0.05564754859483223,0.06087168353056754,-0.005224134935735307,4.7225,4.957351016603963,4.487648983396038
2021-11-18,4.63,4.65,4.52,4.54,104730880,4.631754602075793,4.546796004673423,4.3791287659671045,4.716988670974298,4.682148963646694,0.03483970732760433,0.0556652882899749,-0.02082558096237057,4.7219999999999995,4.95835566420104,4.485644335798959
2021-11-19,4.5,4.65,4.5,4.61,52332137,4.630901480425762,4.548047568937315,4.381425992176387,4.700528875439791,4.676804595969161,0.023724279470630272,0.049277086526105976,-0.025552807055475704,4.7219999999999995,4.95835566420104,4.485644335798959
2021-11-22,4.61,4.67,4.58,4.61,56996040,4.630081814526712,4.549274349750437,4.383700360413439,4.686601356141362,4.6718561073788525,0.01474524876250971,0.04237071897338673,-0.027625470210877016,4.7245,4.9549322026104745,4.494067797389525
2021-11-23,4.58,4.66,4.56,4.62,20931000,4.629686449251156,4.550674857676171,4.38605160060833,4.676354993658076,4.668014914239678,0.00834007941839765,0.03556459106238891,-0.027224511643991263,4.7285,4.948524998579513,4.5084750014204875
2021-11-24,4.62,4.71,4.62,4.68,41841926,4.631659529672679,4.553235751583573,4.38897646030377,4.676915763864526,4.668902698370072,0.008013065494453464,0.030054285948801825,-0.02204122045434836,4.732,4.946532048887606,4.517467951112394
2021-11-25,4.68,4.72,4.61,4.71,21889930,4.634731704979632,4.556339994126472,4.39217072438035,4.682005646346906,4.671946942935253,0.01005870341165327,0.026055169441372115,-0.015996466029718846,4.7410000000000005,4.9349999999997785,4.547000000000223
2021-11-26,4.68,4.69,4.6,4.63,31139000,4.634546147921608,4.557798608104165,4.394537184834277,4.674004777678151,4.668839761977085,0.005165015701066089,0.02187713869331091,-0.01671212299224482,4.734,4.933338907391192,4.534661092608808
2021-11-29,4.67,4.67,4.55,4.56,22848750,4.631622769571741,4.557842200022895,4.39618358100508,4.656465581112282,4.66077755738619,-0.004311976273908336,0.016639315699867062,-0.020951291973775397,4.715,4.904367367832779,4.525632632167221
2021-11-30,4.59,4.6,4.44,4.46,73731625,4.624892464882653,4.555904730715511,4.396818570248811,4.626240107095008,4.645905145727953,-0.019665038632945553,0.00937844483330454,-0.029043483466250093,4.6925,4.890578267358931,4.494421732641069
2021-12-01,4.5,4.66,4.46,4.59,78412938,4.6235241329264705,4.556579884562728,4.3987407735299175,4.620664706003468,4.641764023822179,-0.021099317818711327,0.0032828923029013662,-0.024382210121612694,4.682,4.878428103895336,4.4855718961046644
2021-12-02,4.55,4.71,4.55,4.66,43895024,4.624954559086217,4.558627807640694,4.401340367823153,4.626716289695242,4.643114836872388,-0.01639854717714595,-0.0006533955931080971,-0.01574515158403785,4.6775,4.871600489437603,4.483399510562397
2021-12-03,4.71,4.76,4.61,4.74,56205840,4.629466145004405,4.562219336202265,4.404710115407002,4.644144552819051,4.650291515622581,-0.0061469628035304424,-0.0017521090351925663,-0.004394853768337877,4.678,4.872689496377994,4.483310503622006
2021-12-06,4.74,4.82,4.72,4.79,33889973,4.635761590298349,4.566729844396279,4.408543845601957,4.666583852385351,4.660640292243131,0.005943560142219972,-0.00021297519971005862,0.006156535341930031,4.679,4.875763817811906,4.482236182188094
2021-12-07,4.75,4.83,4.7,4.81,56696981,4.642594469110179,4.5715470752003124,4.412538434202933,4.688647875095297,4.671703974299195,0.016943900796102085,0.0032183999994523705,0.013725500796649715,4.682499999999999,4.885859287960782,4.479140712039216
2021-12-08,4.83,4.83,4.7,4.75,41029215,4.646806450713702,4.5750807964834745,4.415896260728277,4.698086663542174,4.677503679906662,0.02058298363551181,0.006691316726664258,0.01389166690884755,4.683999999999999,4.888880452947363,4.479119547052636
2021-12-09,4.74,4.84,4.74,4.82,43808231,4.653598354607283,4.579930681701623,4.419917193457349,4.716842561458763,4.688058962876539,0.02878359858222357,0.01110977309777612,0.017673825484447448,4.6835,4.886996928723548,4.480003071276453
2021-12-10,4.77,4.8,4.73,4.76,13447973,4.657770968152096,4.583496410776839,4.423301101980162,4.723482167388184,4.693387928589388,0.030094238798795914,0.01490666623798008,0.015187572560815833,4.6815,4.881127152461574,4.481872847538425
2021-12-13,4.8,4.87,4.72,4.74,31975676,4.6609956360677,4.586595491751555,4.426452334796279,4.726023372405386,4.6968406746198035,0.02918269778558269,0.017761872547500605,0.011420825238082084,4.6775,4.868902716803908,4.486097283196092
2021-12-14,4.68,4.77,4.67,4.73,45702282,4.663701689555241,4.589435184984197,4.4294727095744255,4.7266351612660955,4.6992969209442625,0.027338240321832963,0.01967714610236708,0.007661094219465883,4.6754999999999995,4.863805602677979,4.48719439732202
2021-12-15,4.73,4.81,4.62,4.77,37911208,4.667870250749154,4.593010725875598,4.432861040822441,4.733306674917465,4.704534186059503,0.02877248885796213,0.02149621465348609,0.0072762742044760395,4.679,4.871551291867692,4.486448708132309
2021-12-16,4.77,4.77,4.69,4.74,35333540,4.670698868366833,4.595921404571131,4.435917149868985,4.734336417237855,4.707161283388428,0.02717513384942638,0.02263199849267415,0.004543135356752232,4.689,4.872182968640418,4.505817031359582
2021-12-17,4.79,4.82,4.74,4.82,38722239,4.6765538147053896,4.600358604480614,4.439738869770786,4.747515429970493,4.715519706841137,0.031995723129355724,0.024504743420010466,0.007490979709345258,4.6995000000000005,4.887380281030011,4.51161971896999
2021-12-20,4.82,4.82,4.71,4.76,138996440,4.679826214128708,4.6035198202334735,4.442925547683515,4.7494361330519554,4.7188145433714235,0.03062158968053197,0.025728112672114768,0.004893477008417201,4.707,4.891943234534047,4.522056765465953
2021-12-21,4.78,4.82,4.72,4.76,55047536,4.682970284162876,4.606618437654593,4.446080517358307,4.751061343351655,4.721865317936503,0.02919602541515154,0.026421695220722123,0.0027743301944294155,4.714,4.895813090837583,4.532186909162418
2021-12-22,4.79,4.81,4.74,4.8,37491918,4.68755968478394,4.610447775522818,4.449602104250264,4.7585903674514,4.727653072163428,0.030937295287971622,0.027324815234172024,0.003612480053799598,4.720000000000001,4.904824240834137,4.535175759165864
2021-12-23,4.81,4.82,4.77,4.8,38117145,4.691969108910061,4.614201284918406,4.453088650476629,4.764961080151185,4.7330121038550255,0.03194897629615934,0.02824964744656949,0.003699328849589848,4.7245,4.912486701657097,4.536513298342903
2021-12-24,4.81,4.82,4.77,4.78,8632090,4.695421300717509,4.617484427791308,4.456341499725618,4.7672747601279255,4.736492688754653,0.030782071373272935,0.02875613223191018,0.0020259391413627557,4.732,4.916238975246592,4.547761024753409
2021-12-28,4.78,4.78,4.69,4.74,21541000,4.697169485003097,4.619910478726134,4.459163972365165,4.7630786431851675,4.736752489587641,0.02632615359752677,0.0282701365050335,-0.0019439829075067298,4.741,4.907481230172995,4.574518769827004
2021-12-29,4.74,4.74,4.65,4.68,23253860,4.6964961718657205,4.621100370236507,4.461361345774467,4.7502973134643725,4.732548601470038,0.017748711994334698,0.026165851602893742,-0.008417139608559044,4.752000000000001,4.862381157811981,4.64161884218802
2021-12-30,4.68,4.71,4.65,4.67,17343868,4.695457106302359,4.622068679736774,4.463437352284174,4.7379438806237,4.727915371731516,0.010028508892183652,0.022938383060751726,-0.012909874168568074,4.756,4.846642153548519,4.6653578464514815
2021-12-31,4.67,4.67,4.6,4.61,15197000,4.692105847231678,4.62182969597961,4.464895687087317,4.718260206681593,4.719180899751404,-0.0009206930698111293,0.018166567834639158,-0.019087260904450287,4.753500000000001,4.856509708279916,4.650490291720086
2022-01-03,4.64,4.67,4.61,4.67,8649035,4.691238951261809,4.622783563385954,4.4669365260217715,4.7108355594998095,4.715537870140189,-0.0047023106403791815,0.013592792139635492,-0.01829510278001467,4.75,4.859178752511252,4.640821247488748
2022-01-04,4.67,4.71,4.63,4.71,21838836,4.691974678663307,4.624510621536727,4.4693550680514065,4.7107070118844545,4.715127657537212,-0.004420645652757571,0.00999010458115688,-0.01441075023391445,4.746,4.854885260710133,4.637114739289868
2022-01-05,4.71,4.92,4.68,4.9,69989438,4.700132534402001,4.629965856753821,4.4736400922499,4.739829010056077,4.728821905127049,0.011007104929028344,0.010193504650731173,0.0008136002782971712,4.750500000000001,4.875795650363106,4.6252043496368955
2022-01-06,4.89,4.89,4.82,4.87,32973911,4.706794003641138,4.63471900810523,4.477583971929006,4.759855316201296,4.739279541784304,0.020575774416991877,0.012269958603983316,0.008305815813008561,4.756500000000001,4.892187140141995,4.620812859858007
2022-01-07,4.91,5.17,4.88,5.15,147179500,4.72417463094933,4.644922592103145,4.484274678675981,4.819877575247251,4.769703279429911,0.050174295817339676,0.01985082604665459,0.030323469770685087,4.773,4.990908237567817,4.555091762432182
2022-01-10,5.14,5.25,5.06,5.23,98248188,4.744010919931709,4.656508283348627,4.491694831126966,4.88297333290152,4.8037993328054736,0.0791740000960468,0.03171546085653303,0.04745853923951377,4.7965,5.0914762702318805,4.501523729768119
2022-01-11,5.2,5.33,5.13,5.24,112197380,4.763461472091249,4.6680625747674656,4.499140653702818,4.937900512455133,4.836110493338402,0.10179001911673158,0.045730372508572745,0.056059646608158833,4.8214999999999995,5.172514244725068,4.470485755274931
2022-01-12,5.25,5.27,5.17,5.26,67150063,4.782933571224926,4.679784107940387,4.506711393466969,4.987454279769728,4.867509716054076,0.11994456371565221,0.06057321074998864,0.059371352965663565,4.848000000000001,5.24446437418753,4.451535625812472
2022-01-13,5.3,5.37,5.23,5.31,68930188,4.803602842941595,4.692263630555429,4.51470431492501,5.037076698266692,4.900286774124145,0.13678992414254765,0.07581655342850045,0.060973370714047195,4.875,5.317425134909747,4.432574865090253
2022-01-14,5.3,5.31,5.2,5.22,71808938,4.819932143218396,4.702713855692945,4.521722182438194,5.0652187446872015,4.923969235300134,0.14124950938706782,0.08890314462021393,0.05234636476685389,4.899,5.36116447288807,4.43683552711193
2022-01-17,5.22,5.28,5.1,5.16,96705250,4.833268137601988,4.7117690268673424,4.528073205498511,5.079800476273785,4.941452995648272,0.13834748062551316,0.09879201182127378,0.03955546880423938,4.9159999999999995,5.3901476563264925,4.4418523436735065
2022-01-18,5.16,5.26,5.14,5.25,46374864,4.849610563578381,4.722427065939276,4.535256556687581,5.10598501838551,4.964308329303956,0.14167668908155484,0.10736894727333,0.03430774180822484,4.9405,5.430254019891523,4.450745980108477
2022-01-19,5.35,5.36,5.29,5.35,55412575,4.8692336787321695,4.734854252752359,4.543363456621038,5.143525784787739,4.992878082688848,0.15064770209889122,0.11602469823844226,0.03462300386044896,4.97,5.48322509681416,4.456774903185839
2022-01-20,5.36,5.49,5.34,5.43,104912130,4.89122451486032,4.748619515074094,4.552185710784014,5.187598740974241,5.0252574839711555,0.1623412570030851,0.12528800999137082,0.03705324701171428,5.0015,5.5455321681664635,4.457467831833537
2022-01-21,5.43,5.43,5.28,5.42,79884563,4.91196080839521,4.761914178141934,4.560820678835914,5.223352780824357,5.054497670343663,0.16885511048069457,0.1340014300892356,0.034853680391458974,5.032500000000001,5.5973318333804345,4.467668166619567
2022-01-24,5.36,5.51,5.35,5.41,47442418,4.931491757085594,4.774747560752984,4.569270224320134,5.25206773762061,5.080831176244132,0.17123656137647814,0.1414484563466841,0.029788105029794038,5.064,5.639166062976512,4.488833937023488
2022-01-25,5.41,5.47,5.31,5.39,64689575,4.949472472494001,4.786930777371737,4.577436689749785,5.273288085678978,5.103732570596419,0.16955551508255873,0.14706986809385902,0.022485646988699703,5.0965,5.6682088419815635,4.524791158018436
2022-01-26,5.41,5.45,5.35,5.42,53388524,4.967924532396198,4.799466801582198,4.585820404279638,5.295859149420673,5.127159787589277,0.1686993618313961,0.15139576684136646,0.017303594990029647,5.1335,5.688126901619367,4.578873098380632
2022-01-27,5.42,5.42,5.31,5.35,36500122,4.982907884066936,4.810368449075619,4.593424181351483,5.304188511048261,5.143666469990071,0.16052204105819,0.15322102168473117,0.007301019373458839,5.1674999999999995,5.686532754264986,4.648467245735013
2022-01-28,5.35,5.43,5.33,5.39,40702922,4.998872280770193,4.82184630156917,4.601350308900225,5.317390278579298,5.161913398138955,0.15547688044034302,0.15367219343585356,0.0018046870044894636,5.2065,5.66590287330392,4.74709712669608
2022-01-31,5.4,5.47,5.34,5.45,14230000,5.016563563877245,4.83428498866681,4.609794584433557,5.337791774182483,5.183253146424958,0.1545386277575247,0.1538454803001878,0.0006931474573368956,5.2455,5.644572675085498,4.846427324914502
2022-02-04,5.52,5.59,5.47,5.5,43577668,5.035521855489902,4.847467464138754,4.618652349762576,5.362746885846716,5.2067158763194055,0.15603100952731097,0.15428258614561244,0.0017484233816985328,5.285,5.61457548452501,4.9554245154749905
2022-02-07,5.47,5.56,5.43,5.56,52854715,5.056089625862847,4.861577019304323,4.628018993048521,5.393093518793375,5.232885070666116,0.16020844812725876,0.1554677585419417,0.004740689585317065,5.318,5.6175730294934665,5.018426970506533
2022-02-08,5.56,5.61,5.49,5.52,52243301,5.0742821895545,4.87461509812998,4.636894425953511,5.412617592825163,5.254152843209367,0.15846474961579649,0.15606715675671268,0.002397592859083808,5.350499999999999,5.58188496061735,5.119115039382649
2022-02-09,5.52,5.59,5.52,5.58,46052922,5.094114260552363,4.8885831159887925,4.646278561018651,5.438368732390523,5.278289669638302,0.16007906275222084,0.15686953795581432,0.0032095247964065154,5.372,5.604774569057472,5.139225430942528
2022-02-10,5.58,5.61,5.48,5.59,42896165,5.113560760138545,4.902472559236538,4.655668824093093,5.461696619715058,5.301379323739169,0.16031729597588917,0.1575590895598293,0.0027582064160598663,5.39,5.631578144706617,5.148421855293383
2022-02-11,5.54,5.68,5.52,5.68,54787438,5.135774063662524,4.917869142221954,4.665861174102117,5.495281755143511,5.32942529975849,0.16585645538502103,0.15921856272486765,0.006637892660153383,5.412,5.674190770241612,5.149809229758388
2022-02-14,5.68,5.75,5.55,5.59,62862278,5.15358684547968,4.9311786641581525,4.675056585305081,5.50985379281374,5.348727129406009,0.16112666340773085,0.1596001828614403,0.001526480546290565,5.4285,5.691883750447687,5.165116249552312
2022-02-15,5.57,5.6,5.25,5.34,95385625,5.160897165264791,4.939274136155021,4.681672937690106,5.483722440073164,5.348080675375933,0.13564176469723055,0.15480849922859835,-0.0191667345313678,5.43,5.690998084283945,5.169001915716055
2022-02-16,5.34,5.55,5.31,5.5,81455000,5.174195315646564,4.950377618607397,4.689815495524035,5.4862266800619075,5.35933395868142,0.12689272138048757,0.1492253436589762,-0.022332622278488617,5.444,5.687918019014358,5.200081980985642
2022-02-17,5.52,5.55,5.44,5.52,40140122,5.187756283660425,4.961657269724082,4.69807603785713,5.4914225754369985,5.371235146927241,0.12018742850975794,0.14341776062913253,-0.023230332119374586,5.462,5.669903823918387,5.254096176081612
2022-02-18,5.52,5.58,5.49,5.53,42208219,5.2011776058698205,4.972911581214694,4.706353888226712,5.497357563831306,5.382995506414112,0.11436205741719441,0.1376066199867449,-0.023244562569550486,5.476,5.661407658956925,5.290592341043075
2022-02-21,5.53,5.6,5.47,5.58,59800395,5.216033386031788,4.984933134061928,4.71504688436376,5.510071784780336,5.397588431864918,0.11248335291541789,0.1325819665724795,-0.020098613657061615,5.4875,5.6687043045843195,5.30629569541568
2022-02-22,5.48,5.56,5.47,5.52,35542821,5.227953645403091,4.99552851754585,4.723056368101434,5.511599202506438,5.406655955430479,0.10494324707595837,0.1270542226731753,-0.02211097559721692,5.492,5.671733135508973,5.312266864491027
2022-02-23,5.48,5.56,5.47,5.51,34407926,5.239014286759833,5.005716071653852,4.730886652995948,5.511353171351601,5.414311069843036,0.09704210150856518,0.12105179844025328,-0.0240096969316881,5.496499999999999,5.6732795237008125,5.319720476299186
2022-02-24,5.49,5.51,5.34,5.4,72461313,5.245327451984938,5.01352367419536,4.737544497244745,5.494221914220585,5.413250990595404,0.08097092362518143,0.11303562347723892,-0.03206469985205748,5.496,5.6738088861668245,5.318191113833176
2022-02-25,5.39,5.41,5.31,5.32,39544692,5.248255787201216,5.019592512330106,4.743340074386588,5.467418542802034,5.406343509810559,0.0610750329914751,0.10264350538008617,-0.04156847238861107,5.4925,5.6809542384768426,5.304045761523157
2022-02-28,5.32,5.41,5.28,5.41,55821571,5.25459869750705,5.027323353670103,4.749973506482244,5.45858492083249,5.406614360935703,0.05197055989678745,0.09250891628342643,-0.04053835638663898,5.492,5.681272290628836,5.3027277093711636
2022-03-01,5.41,5.52,5.37,5.48,52190161,5.263437964271479,5.036287247656833,4.757237451691377,5.461879548396722,5.4120503341997255,0.04982921419699693,0.08397297586614054,-0.03414376166914361,5.4985,5.6764072792211895,5.32059272077881
2022-03-02,5.47,5.54,5.41,5.47,57599223,5.271538436260833,5.044875618990361,4.764329616351164,5.463128848643381,5.416342902036782,0.046785946606598294,0.07653557001423208,-0.02974962340763379,5.5024999999999995,5.673949701078438,5.331050298921561
2022-03-03,5.52,5.59,5.48,5.52,37022426,5.281282026995703,5.054284022574711,4.771848724646178,5.471878256544399,5.4240212055896135,0.04785705095478576,0.07079986620234283,-0.022942815247557063,5.506,5.675870538940353,5.336129461059647
2022-03-04,5.48,5.53,5.44,5.49,50187661,5.289467045544891,5.062912061731647,4.778994508480545,5.47466621707603,5.428908523694086,0.04575769338194391,0.06579143163826305,-0.020033738256319142,5.5055,5.675497058797751,5.3355029412022486
2022-03-07,5.4,5.47,5.36,5.37,42364997,5.292625200621562,5.068993011004287,4.784875160137455,5.458563722141256,5.424544929346376,0.03401879279488007,0.05943690386958646,-0.025418111074706387,5.496,5.673808886166824,5.318191113833177
2022-03-08,5.36,5.42,5.22,5.25,54008598,5.290953624126599,5.072577307816083,4.789503267996784,5.4264769956579855,5.411615675320718,0.014861320337267614,0.050521787163122694,-0.03566046682585508,5.4825,5.689562792408213,5.275437207591787
2022-03-09,5.25,5.35,5.12,5.24,48916008,5.288955442788301,5.075892608651408,4.793985822544079,5.397788227095219,5.398903403074739,-0.0011151759795193783,0.04019439453459429,-0.041309570514113665,5.4655000000000005,5.692610105455235,5.238389894544766
2022-03-10,5.3,5.31,5.18,5.3,40886211,5.289388562678956,5.080330378777123,4.799020789483939,5.382743884465185,5.391577225069202,-0.008833340604017081,0.030388847506872013,-0.039222188110889095,5.451,5.681469086863918,5.2205309131360815
2022-03-11,5.07,5.24,5.07,5.2,77633875,5.2858831288484085,5.082700074246882,4.803010632374646,5.35462944070131,5.3773863195085205,-0.022756878807210335,0.019759702244055544,-0.04251658105126588,5.4270000000000005,5.6570521679965,5.196947832003501
2022-03-14,5.2,5.2,4.94,4.98,81495625,5.273887712030824,5.080666409410311,4.8047717206097245,5.2969941421318785,5.347950295841223,-0.05095615370934414,0.005616531053375607,-0.05657268476271975,5.3965000000000005,5.686070371412359,5.106929628587642
2022-03-15,4.93,4.99,4.66,4.77,98534500,5.254127409598243,5.074514599322978,4.8044257333399765,5.215918120265435,5.305139162815947,-0.08922104255051178,-0.01335098366740187,-0.07587005888310991,5.368,5.766075369747856,4.9699246302521445
2022-03-16,4.88,4.94,4.68,4.87,101205380,5.239063589613998,5.070464805276978,4.805078213605251,5.162699947916907,5.272906632236988,-0.1102066843200813,-0.032722123797937756,-0.07748456052214353,5.3365,5.784396193330434,4.888603806669566
2022-03-17,5.05,5.19,4.98,5.19,118021000,5.237139527276194,5.0728318388358495,4.8089082811315675,5.16689995592969,5.266765400219433,-0.09986544428974309,-0.046150787896298825,-0.05371465639344426,5.32,5.763936932457635,4.876063067542366
2022-03-18,5.19,5.25,5.04,5.25,130041820,5.237643859539873,5.076340119254941,4.813297253458617,5.179684578094353,5.265523518721697,-0.08583894062734387,-0.054088418442507835,-0.03175052218483604,5.306,5.740115192086035,4.871884807913965
2022-03-21,5.26,5.26,5.12,5.2,53359754,5.2361676297539965,5.078788829764744,4.8171450419814175,5.182810027618299,5.260669924742312,-0.07785989712401342,-0.05884271417880896,-0.019017182945204464,5.287000000000001,5.704425442444393,4.869574557555609
2022-03-22,5.15,5.26,5.15,5.25,35770360,5.2367100756459966,5.0821791499674225,4.821452056489066,5.1931469464462525,5.259879559946585,-0.06673261350033233,-0.060420694043113635,-0.006311919457218693,5.2735,5.677147123116092,4.869852876883908
2022-03-23,5.23,5.28,5.22,5.25,48426301,5.237231249150075,5.085502335116582,4.825716215130965,5.201893570069906,5.259147740691283,-0.05725417062137694,-0.0597873893587663,0.0025332187373893547,5.2605,5.649317437880425,4.871682562119576
2022-03-24,5.25,5.35,5.22,5.3,41635360,5.239692768791249,5.089749813629124,4.830435456771453,5.216986866982228,5.26217383397341,-0.04518696699118241,-0.05686730488524953,0.011680337894067118,5.2555,5.639555985501981,4.871444014498018
2022-03-25,5.23,5.35,5.21,5.25,35573215,5.240096973936691,5.092923084646369,4.834610228345867,5.222065810523423,5.2612720684938985,-0.03920625797047528,-0.053335095502294684,0.014128837531819406,5.252000000000001,5.6349151342006465,4.869084865799355
2022-03-28,5.23,5.3,5.19,5.23,47227500,5.239701014174468,5.095637479009807,4.83854445492949,5.223286455058282,5.258955618975833,-0.03566916391755104,-0.04980190918534596,0.01413274526779492,5.243,5.61903723219902,4.866962767800981
2022-03-29,5.25,5.29,5.2,5.25,37525000,5.240104895971548,5.0986941625937705,4.842638539955067,5.227396231203161,5.258292239792437,-0.030896008589276214,-0.04602072906613201,0.015124720476855799,5.2315000000000005,5.5915708263660076,4.871429173633993
2022-03-30,5.3,5.31,5.24,5.27,51805985,5.241277252992273,5.102086357393893,4.846890892791336,5.233950657171905,5.259159481289294,-0.025208824117388673,-0.04185834807638335,0.016649523958994675,5.221500000000001,5.565260090760839,4.877739909239162
2022-03-31,5.25,5.39,5.23,5.36,53405122,5.245933046992576,5.1071935582375785,4.851996456047145,5.253342863760843,5.266629149341939,-0.01328628558109557,-0.03614393557732579,0.022857649996230224,5.2135,5.535883312223043,4.8911166877769565
2022-04-01,5.35,5.53,5.31,5.53,57158282,5.257072927502671,5.115565963024952,4.8587427599670745,5.295905500105329,5.286138101242536,0.009767398862792653,-0.026961668689302103,0.036729067552094756,5.2155000000000005,5.545134646237164,4.885865353762837
2022-04-04,5.52,5.54,5.48,5.49,36272200,5.2662073225025665,5.122980498410596,4.865023926534566,5.325766192396817,5.301238982631978,0.024527209764839242,-0.016663892998473838,0.04119110276331308,5.2215,5.566189715541238,4.876810284458761
2022-04-06,5.47,5.59,5.44,5.53,62700133,5.276552133384819,5.131040290521277,4.871640603882482,5.357186778181923,5.3181842431777575,0.039002535004165395,-0.005530607397945991,0.044533142402111384,5.2355,5.605498648646045,4.865501351353955
2022-04-07,5.47,5.64,5.47,5.57,53366762,5.288059892859925,5.1397325619961025,4.878589453595095,5.389927273846243,5.336837262201628,0.05309001164461513,0.006193516410566234,0.046896495234048895,5.252000000000001,5.6497235220601105,4.854276477939891
2022-04-08,5.53,5.63,5.53,5.59,35218122,5.299900681375222,5.148648748887268,4.885668165499622,5.4207076932545135,5.3555900575941,0.06511763566041395,0.01797834026053578,0.04713929539987817,5.2665,5.690446930640968,4.842553069359031
2022-04-11,5.6,5.62,5.51,5.56,37304161,5.310100654654625,5.1567943182162335,4.892377934997138,5.442137278907665,5.370731534809352,0.07140574409831313,0.02866382102809125,0.04274192307022188,5.2844999999999995,5.725837739152111,4.843162260847888
2022-04-12,5.57,5.59,5.44,5.48,30062797,5.316763374079934,5.163194430726803,4.89822492071856,5.44796231292187,5.378825495193844,0.06913681772802605,0.03675842036807821,0.03237839735994784,5.3095,5.735386135017209,4.883613864982791
2022-04-13,5.47,5.57,5.45,5.52,36564399,5.324733437841505,5.170259887544095,4.904411737427829,5.459045034010813,5.389282865920226,0.06976216809058755,0.04335916991258008,0.026402998178007474,5.3469999999999995,5.702533402087476,4.991466597912523
2022-04-14,5.56,5.64,5.45,5.49,59582110,5.331214479494779,5.176591374919459,4.910238486309144,5.463807336470689,5.39674339437058,0.06706394210010913,0.048100124350085885,0.018963817750023246,5.378,5.662857859291075,5.093142140708925
2022-04-19,5.43,5.57,5.25,5.55,89439625,5.3397943038283175,5.183985605119074,4.9166042725150225,5.47706774624443,5.408095735528315,0.0689720107161147,0.05227450162329165,0.016697509092823047,5.396,5.676528073461274,5.115471926538726
2022-04-20,5.5,5.52,5.34,5.38,36944165,5.341370997795835,5.1878670782850325,4.921215175276067,5.46213424682221,5.406014569933625,0.05611967688858499,0.053043536676350325,0.0030761402122346654,5.4025,5.675107776851457,5.129892223148543
2022-04-21,5.33,5.41,5.33,5.36,39049040,5.342101546901881,5.191275650992259,4.925581193432524,5.446421285772638,5.402606083271874,0.043815202500764094,0.05119786984123308,-0.007382667340468989,5.4105,5.6678305267547815,5.153169473245218
2022-04-22,5.31,5.42,5.29,5.41,36888762,5.344764231337101,5.195606826220135,4.930401281060062,5.440818011038386,5.403153780807291,0.037664230231095,0.04849114191920546,-0.010826911688110466,5.4185,5.665098864555158,5.171901135444842
2022-04-25,5.3,5.33,5.23,5.26,54404020,5.341440143833685,5.196881938572211,4.933680870303246,5.412999855494019,5.392549797043788,0.020450058450230735,0.042882925225410526,-0.02243286677517979,5.419,5.664267201231418,5.173732798768581
2022-04-26,5.19,5.25,5.12,5.13,67070813,5.3331483734872664,5.195557543748999,4.935634294479333,5.369461416187247,5.373101663929433,-0.003640247742186631,0.0335782906318911,-0.03721853837407773,5.4105,5.682049258882976,5.138950741117024
2022-04-27,5.09,5.12,5.04,5.09,49769758,5.323613143154432,5.193467295357929,4.937170271648693,5.326467352158439,5.3521311703050305,-0.025663818146591133,0.02172986887619465,-0.047393687022785784,5.4025,5.700619103715098,5.104380896284901
2022-04-28,5.09,5.19,5.04,5.17,51835516,5.317589098324847,5.19300259643995,4.939486985363631,5.302395451826372,5.338639972504658,-0.03624452067828621,0.01013499096529848,-0.046379511643584684,5.3995,5.705602923866946,5.093397076133053
2022-04-29,5.11,5.23,4.97,5.06,79516125,5.3074875650572055,5.19036888165896,4.940686119837625,5.265103843853083,5.317999974541349,-0.05289613068826604,-0.002471233365414424,-0.05042489732285162,5.39,5.724544466401544,5.0554555335984555
2022-05-03,4.99,5.28,4.99,5.26,65477020,5.305625307603981,5.191747715685516,4.943863372376554,5.264318637106455,5.313703680130879,-0.049385043024424036,-0.011853995297216348,-0.03753104772720769,5.3895,5.724789427211617,5.054210572788383
2022-05-04,5.26,5.4,5.23,5.38,58222336,5.308541962207747,5.195475483691743,4.948203040313105,5.282115769859308,5.318614518639702,-0.03649874878039405,-0.01678294599385189,-0.019715802786542162,5.3905,5.725550742425523,5.055449257574478
2022-05-05,5.41,5.42,5.26,5.26,31742813,5.306638355846659,5.1967531968859655,4.951305497623423,5.278713343727107,5.3142727024441685,-0.03555935871706151,-0.020538228538493814,-0.015021130178567692,5.377,5.710232651461249,5.043767348538751
2022-05-06,5.21,5.31,5.07,5.09,56362032,5.298142734048751,5.194639272195154,4.952685542423191,5.249680521615244,5.297659909670527,-0.04797938805528279,-0.026026460441851612,-0.021952927613431178,5.357,5.708232116982339,5.005767883017661
2022-05-10,4.98,5.14,4.94,5.1,71346750,5.290372430752722,5.192765227201191,4.954151357921468,5.226652749059053,5.283018434880117,-0.05636568582106438,-0.03209430551769417,-0.024271380303370213,5.335500000000001,5.694302173906314,4.976697826093687
2022-05-11,5.06,5.08,4.98,5.06,55193938,5.281338217782027,5.190136212801168,4.955204578240657,5.201013864588429,5.266498550814923,-0.06548468622649395,-0.038772381659454125,-0.026712304567039824,5.31,5.670998614955648,4.949001385044351
2022-05-12,5.06,5.06,4.91,4.92,46853278,5.267168091594497,5.184786980864511,4.954854283929805,5.157780962344056,5.240831991495299,-0.0830510291512434,-0.047628111157811986,-0.03542291799343142,5.2765,5.6514279930865365,4.901572006913464
2022-05-13,4.97,4.99,4.93,4.98,53651481,5.255906597806478,5.18073179312462,4.955104490059857,5.130430045060355,5.221511103236388,-0.09108105817603285,-0.056318700561456166,-0.03476235761457668,5.2475000000000005,5.619944626756649,4.875055373243352
2022-05-16,4.98,4.99,4.83,4.89,56919344,5.241557319461125,5.174974727914231,4.954456684188615,5.093440807358761,5.196954725218878,-0.10351391786011632,-0.0657577440211882,-0.037756173838928125,5.218,5.605277678158579,4.830722321841421
2022-05-17,4.96,4.97,4.85,4.94,69546438,5.229731542227356,5.170321763005038,4.954312836584748,5.069834529303567,5.1779210418693316,-0.10808651256576418,-0.0742234977301034,-0.03386301483566079,5.189,5.568257168686237,4.809742831313763
2022-05-18,4.96,4.96,4.81,4.86,100600570,5.215232266061577,5.164176777598998,4.9533744003998255,5.037552294026096,5.154371335064196,-0.11681904103810048,-0.08274260639170282,-0.03407643464639766,5.1575,5.536175322670889,4.77882467732911
2022-05-19,4.81,4.87,4.74,4.84,46111375,5.200517275235632,5.157757435468325,4.95224629691326,5.007159633406697,5.131084569503885,-0.1239249360971888,-0.09097907233280003,-0.032945863764388766,5.122,5.479356964392613,4.764643035607387
2022-05-20,4.9,5.0,4.86,4.98,58156661,5.191869538951882,5.15423748625113,4.952522453162879,5.002981228267205,5.119893119911005,-0.11691189164379967,-0.09616563619499996,-0.02074625544879971,5.102,5.443795260353189,4.760204739646811
2022-05-23,4.98,5.05,4.96,5.01,51066059,5.184737400169455,5.151381298404573,4.953094369051806,5.00406103930302,5.111752888806486,-0.10769184950346666,-0.09847087885669331,-0.009220970646773352,5.0845,5.40695774917019,4.76204225082981
2022-05-24,5.04,5.08,4.97,5.01,46829942,5.1778849531039866,5.148581668733195,4.95366059423537,5.004974725564094,5.104215637783784,-0.09924091221969,-0.09862488552929266,-0.0006160266903973421,5.064500000000001,5.351378022859727,4.777621977140274
2022-05-25,5.0,5.06,5.0,5.03,32436696,5.172085543178341,5.146233516877092,4.954420190312631,5.008824767785003,5.098718183133133,-0.08989341534813011,-0.09687859149306016,0.00698517614493005,5.053,5.3256976347530465,4.780302365246953
2022-05-26,5.06,5.08,5.0,5.05,20721590,5.167297874818406,5.144327902681505,4.955371233195092,5.015159418895003,5.095109428826976,-0.07995000993197277,-0.09349287518084269,0.013542865248869926,5.049,5.319399704141677,4.778600295858324
2022-05-27,5.09,5.09,5.0,5.05,37459000,5.16269795815886,5.142460023420485,4.956312812964295,5.020519508295772,5.091767989654607,-0.07124848135883521,-0.0890439964164412,0.017795515057605987,5.047,5.316748030576511,4.777251969423489
2022-05-30,5.09,5.09,4.92,4.93,65809063,5.153572548034983,5.138252894243841,4.956050993929824,5.006593430096422,5.079785175606117,-0.07319174550969532,-0.08587354623509202,0.012681800725396708,5.035,5.303141753555665,4.766858246444335
2022-05-31,4.93,4.97,4.86,4.92,115741190,5.144412840268906,5.133931054753864,4.955692277572314,4.993271363927742,5.067949236672331,-0.07467787274458892,-0.08363441153699142,0.00895653879240249,5.0280000000000005,5.3004408192615555,4.755559180738445
2022-06-01,4.94,4.94,4.82,4.87,63378680,5.133651552415224,5.128704697233985,4.954839618093983,4.97430653870809,5.053286330252158,-0.07897979154406798,-0.08270348753840673,0.0037236959943387493,5.0085,5.267210262648987,4.749789737351012
2022-06-02,4.84,4.87,4.79,4.87,45090747,5.123312275849922,5.123581831942222,4.953995442789566,4.958259378906845,5.039709565048295,-0.08145018614144917,-0.08245282725901522,0.0010026411175660527,4.983,5.18440506448426,4.78159493551574
2022-06-06,4.87,4.88,4.8,4.85,49802368,5.112594147385219,5.118164369923564,4.952960662264297,4.941604089844254,5.025657004674347,-0.08405291483009325,-0.08277284477323082,-0.0012800700568624257,4.9625,5.12704482671877,4.797955173281231
2022-06-07,4.89,4.99,4.81,4.98,96341688,5.107394376899524,5.115428441806266,4.95322971040097,4.947511152945138,5.022275004328099,-0.07476385138296138,-0.08117104609517695,0.006407194712215569,4.957,5.111155765380054,4.802844234619946
2022-06-08,5.0,5.01,4.9,4.9,75321500,5.099261264079935,5.111162532067528,4.952700061541259,4.940201744799732,5.013217596600092,-0.07301585180035985,-0.07954000723621353,0.006524155435853676,4.947,5.088152399908434,4.805847600091566
2022-06-09,4.91,5.01,4.86,5.0,58428211,5.095368665488565,5.108961293808765,4.953170707695078,4.949401476369004,5.012238515370456,-0.06283703900145188,-0.0761994135892612,0.013362374587809325,4.944000000000001,5.077775932065193,4.810224067934809
2022-06-10,4.97,5.02,4.94,5.0,59382813,5.091628717822347,5.106803644426413,4.95363667080259,4.957185864619926,5.011331958676347,-0.05414609405642157,-0.07178874968269328,0.017642655626271708,4.948,5.083440023626366,4.812559976373635
2022-06-13,4.91,4.98,4.87,4.89,61299903,5.083721709280295,5.102510502952622,4.9530034700980865,4.946849577755321,5.002344406181803,-0.05549482842648157,-0.06852996543145093,0.01303513700496936,4.9435,5.080361243600629,4.806638756399371
2022-06-14,4.83,4.93,4.83,4.89,32577997,5.076124779504597,5.098302374181283,4.952376569898106,4.938103488869887,4.994022598316484,-0.05591910944659695,-0.06600779423448014,0.01008868478788319,4.9435,5.080361243600629,4.806638756399371
2022-06-15,4.87,5.03,4.87,4.97,48267985,5.071963023445593,5.095761733108386,4.952551927411557,4.943010644428366,4.992243146589336,-0.049232502160970526,-0.06265273581977822,0.013420233658807693,4.945,5.082331715200499,4.807668284799502
2022-06-16,4.99,5.02,4.94,4.96,48127637,5.067572316643806,5.0930733819577245,4.952626037586566,4.945624391439386,4.989854765360497,-0.04423037392111073,-0.05896826344004472,0.01473788951893399,4.95,5.081757352735665,4.818242647264335
2022-06-17,4.94,5.01,4.93,4.95,39609805,5.062961637559735,5.090240245681334,4.952599907859337,4.946297561987173,4.9869025605189785,-0.04060499853180577,-0.055295610458396934,0.014690611926591164,4.9555,5.077233315078126,4.833766684921874
2022-06-20,4.92,4.95,4.87,4.93,24877071,5.057747455694647,5.087067171509426,4.9523750331542695,4.943790244758376,4.982687556036091,-0.03889731127771512,-0.052015950622260575,0.013118639344545456,4.952999999999999,5.074671689393672,4.8313283106063265
2022-06-21,4.97,5.09,4.92,5.04,49344805,5.0570514770399555,5.086135148311219,4.9532469233716405,4.95859174556478,4.98693292225564,-0.028341176690860337,-0.04728099583598053,0.01893981914512019,4.9545,5.079635926096027,4.829364073903974
2022-06-22,5.04,5.04,4.94,4.96,27303461,5.053245536763879,5.083637422602086,4.953314118163962,4.958808400093275,4.984937890977445,-0.026129490884169826,-0.04305069484561839,0.016921203961448562,4.952,5.0745724275679915,4.829427572432008
2022-06-23,4.95,5.02,4.95,5.0,42847309,5.051157476498629,5.081981236015906,4.953778654301634,4.965145569309694,4.986053602756893,-0.02090803344719916,-0.038622162565934544,0.017714129118735385,4.9505,5.069911054764249,4.83108894523575
2022-06-24,5.01,5.02,4.94,4.98,41788489,5.048366987224173,5.0799618055997495,4.954039563214056,4.967430866338972,4.985605187737864,-0.018174321398891635,-0.034532594332525965,0.01635827293363433,4.947,5.058373246338206,4.835626753661794
2022-06-27,5.07,5.07,4.95,4.98,45059059,5.045685928901657,5.077982363904705,4.954297876017896,4.9693645792099,4.98518998864617,-0.0158254094362702,-0.030791157353274815,0.014965747917004616,4.9435,5.045730132543741,4.841269867456259
2022-06-28,5.03,5.11,5.02,5.11,45267188,5.0482080493368855,5.078616376500651,4.95584715088339,4.991000797792992,4.99443517467238,-0.003434376879387635,-0.02531980125849738,0.021885424379109744,4.9525,5.077539993601689,4.827460006398311
2022-06-29,5.11,5.19,5.09,5.15,45728000,5.052199890539361,5.080029913599648,4.957779020028829,5.015462213517147,5.005958495067018,0.009503718450129206,-0.018355097316772064,0.02785881576690127,4.964,5.114651916681833,4.813348083318168
2022-06-30,5.18,5.28,5.14,5.25,63813243,5.059956757577034,5.083395657884803,4.960686691471328,5.0515449498991245,5.0240356435805715,0.027509306318552973,-0.009182216589707057,0.03669152290826003,4.9830000000000005,5.172325117192381,4.79367488280762
2022-07-04,5.25,5.26,5.14,5.17,38768204,5.064272178848523,5.08511059535243,4.962769410959176,5.069768803760798,5.034847818130158,0.034920985630639834,-0.0003615761456376796,0.03528256177627751,4.997999999999999,5.196454024902262,4.799545975097737
2022-07-05,5.2,5.25,5.17,5.17,25403450,5.068418367913288,5.086791573662282,4.96483140687003,5.085188987797599,5.044859090861258,0.040329896936341036,0.007776718470758065,0.03255317846558297,5.014,5.213739830779709,4.814260169220291
2022-07-06,5.16,5.2,5.09,5.12,32455368,5.070441177014728,5.087449166263029,4.966375372970827,5.09054452813643,5.0504250841307945,0.04011944400563561,0.014245263577733574,0.025874180427902033,5.021,5.225244950977757,4.816755049022243
2022-07-07,5.12,5.14,5.06,5.11,24629286,5.071992503406308,5.087895717426137,4.967804473737287,5.093537677653902,5.0548380408618465,0.03869963679205579,0.01913613822059802,0.019563498571457772,5.031499999999999,5.231327425544908,4.831672574455091
2022-07-08,5.17,5.17,5.02,5.07,33098778,5.071914366017825,5.087541346784034,4.968821344645374,5.089916496476379,5.055961148946154,0.03395534753022478,0.022099980082523372,0.011855367447701406,5.035,5.234949993748201,4.835050006251799
2022-07-11,5.07,5.1,4.99,5.02,29784391,5.069878508526931,5.086203894372469,4.969330584997161,5.07916011240309,5.0532973601353275,0.0258627522677628,0.02285253451957126,0.0030102177481915425,5.036,5.235439213796849,4.83656078620315
2022-07-12,4.97,5.1,4.97,5.02,36754579,5.067922488584699,5.084892926167074,4.969834758280772,5.070058556648769,5.0508308890141915,0.019227667634577728,0.022127561142572555,-0.0028998935079948274,5.0424999999999995,5.23063558940271,4.854364410597289
2022-07-13,5.02,5.04,4.75,4.76,90784500,5.055847096875495,5.0784594028766366,4.967746850238178,5.022357240241266,5.029287860198325,-0.006930619957058681,0.01631592492264631,-0.02324654487970499,5.036,5.251722043379682,4.820277956620317
2022-07-14,4.72,4.75,4.5,4.52,178869750,5.034833485233319,5.067400800839476,4.963291657698495,4.945071510973379,4.9915628335169675,-0.04649132254358879,0.0037544754293992906,-0.050245797972988074,5.0135,5.324773191906895,4.702226808093104
2022-07-15,4.47,4.53,4.35,4.41,170606130,5.010330211302601,5.05438296319909,4.957786268069654,4.8627528169774745,4.948484105108303,-0.08573128813082853,-0.014142677282646276,-0.07158861084818226,4.986,5.393597841014778,4.578402158985222
2022-07-18,4.42,4.63,4.4,4.6,98179375,4.994238830467205,5.045385280759504,4.954226205700802,4.8223293066732476,4.922670467692874,-0.10034116101962631,-0.031382374030042286,-0.06895878698958402,4.968500000000001,5.409465985082647,4.527534014917354
2022-07-19,4.56,4.62,4.54,4.58,35636512,4.977994170448884,5.0361697306454545,4.950502561862984,4.785047874877363,4.8972874700859945,-0.11223959520863147,-0.04755381826576013,-0.06468577694287134,4.9510000000000005,5.423351563985884,4.478648436014117
2022-07-20,4.56,4.66,4.56,4.64,47035528,4.9647394970979475,5.028324785484158,4.9474129841330035,4.762732817203922,4.878229138968513,-0.11549632176459124,-0.061142318965526354,-0.05435400279906488,4.931,5.420158461032733,4.441841538967267
2022-07-21,4.6,4.61,4.45,4.47,56369477,4.945337948192146,5.0172688491379365,4.942662606181431,4.717696999172549,4.847989943489364,-0.13029294431681482,-0.07497244403578404,-0.05532050028103078,4.9065,5.4349042013458195,4.378095798654181
2022-07-22,4.53,4.54,4.45,4.5,66086688,4.927873714929709,5.0070259016302545,4.938258003134849,4.684205153146003,4.822212910638299,-0.13800775749229643,-0.08757950672708653,-0.0504282507652099,4.881500000000001,5.436487387243995,4.326512612756007
2022-07-25,4.5,4.68,4.47,4.66,64185965,4.917368863363838,5.000154101597972,4.935489266785249,4.6804812834312335,4.810197139479907,-0.12971585604867375,-0.09600677659140397,-0.03370907945726978,4.8655,5.4266229811725015,4.304377018827498
2022-07-26,4.66,4.73,4.64,4.7,28753040,4.908844594212315,4.994210456021775,4.933146090001316,4.683484162903351,4.802034388407321,-0.1185502255039701,-0.1005154663739172,-0.018034759130052896,4.8515,5.414466251208646,4.2885337487913535
2022-07-27,4.68,4.72,4.65,4.71,21917528,4.901046766988303,4.988582526199561,4.930925730896826,4.687563522456681,4.795217026303075,-0.10765350384639394,-0.10194307386841256,-0.005710429977981379,4.8315,5.384646454386103,4.278353545613897
2022-07-28,4.69,4.73,4.63,4.66,22445989,4.891593952596605,4.982075941522342,4.928229952479942,4.683322980540269,4.785200950280625,-0.10187796974035646,-0.10193005304280134,5.208330244488302e-05,4.8069999999999995,5.34473971398802,4.269260286011979
2022-07-29,4.69,4.71,4.55,4.59,39398622,4.879766738769287,4.974312061492196,4.9248644803159625,4.668965598918689,4.770741620630209,-0.10177602171151978,-0.10189924677654502,0.00012322506502523978,4.773999999999999,5.278951482817824,4.269048517182174
2022-08-01,4.59,4.59,4.46,4.5,54033461,4.864873925484217,4.964919743442845,4.920636973049137,4.6429708913927366,4.750686685768711,-0.10771579437597456,-0.10306255629643093,-0.004653238079543626,4.7405,5.2243791171355936,4.256620882864406
2022-08-02,4.44,4.5,4.35,4.4,56367301,4.846643575465228,4.95373321386972,4.915456505655613,4.605590754255393,4.724709894230288,-0.1191191399748952,-0.1062738730321238,-0.01284526694277141,4.702,5.165145765391333,4.238854234608667
2022-08-03,4.39,4.42,4.33,4.37,38821215,4.827951670545023,4.942174140327745,4.910029077738643,4.569346022831486,4.6984350872502665,-0.1290890644187801,-0.11083691130945507,-0.01825215310932503,4.664499999999999,5.107195154705725,4.221804845294274
2022-08-04,4.39,4.42,4.28,4.31,77031188,4.807639840327571,4.929655840519274,4.9040586391541785,4.529446634703565,4.669662117824321,-0.14021548312075538,-0.11671262567171514,-0.023502857449040238,4.624499999999999,5.042852721994166,4.206147278005833
2022-08-05,4.33,4.43,4.29,4.41,38390067,4.792046121099039,4.919365625855526,4.899142632794436,4.511070229364555,4.650427886874372,-0.13935765750981677,-0.12124163203933547,-0.0181160254704813,4.5915,4.965894177305056,4.217105822694944
2022-08-08,4.36,4.45,4.35,4.36,25662247,4.775103135957901,4.908289078808881,4.893778029483049,4.487828655616162,4.628914710068863,-0.1410860544527015,-0.12521051652200868,-0.015875537930692823,4.5585,4.889877428319933,4.227122571680068
2022-08-09,4.38,4.4,4.33,4.33,27098278,4.7576481110183755,4.896837809921576,4.888168297846402,4.463547323982906,4.606772879693391,-0.1432255557104849,-0.12881352435970392,-0.01441203135078098,4.524,4.793992592490857,4.254007407509143
2022-08-10,4.43,4.43,4.27,4.3,38926602,4.739701126272557,4.885019239428079,4.882315876972309,4.438386197216306,4.584048962679066,-0.14566276546276047,-0.13218337258031523,-0.013479392882445235,4.5009999999999994,4.764962118494179,4.23703788150582
2022-08-11,4.35,4.39,4.3,4.37,24882696,4.725203042889319,4.874820838647325,4.877218206554675,4.427865243798412,4.568193483962098,-0.1403282401636856,-0.1338123460969893,-0.0065158940666963094,4.4935,4.763335134850774,4.223664865149226
2022-08-12,4.38,4.43,4.33,4.4,27824848,4.712449982383856,4.865418445802823,4.872469766688459,4.423578283214042,4.555734707372313,-0.13215642415827134,-0.1334811617092457,0.0013247375509743697,4.493,4.763488447072949,4.222511552927052
2022-08-15,4.36,4.43,4.33,4.34,33842540,4.697844100721745,4.855014120143362,4.867171560054743,4.4107200857964965,4.539754358678068,-0.12903427288157143,-0.13259178394371085,0.003557511062139418,4.4799999999999995,4.753642102023676,4.206357897976323
2022-08-16,4.36,4.37,4.31,4.34,22886110,4.683810998732657,4.844815820734582,4.861926071894994,4.399840072597035,4.52495773951673,-0.12511766691969495,-0.13109696053890768,0.005979293619212733,4.468,4.744086942827684,4.191913057172316
2022-08-17,4.38,4.38,4.31,4.35,20441118,4.6707203713313765,4.835017487650728,4.856832280134846,4.392172369120568,4.511997906959935,-0.11982553783936645,-0.12884267599899946,0.009017138159633009,4.4535,4.722295461271089,4.184704538728911
2022-08-18,4.33,4.33,4.26,4.26,27667891,4.654613690102695,4.823631002746754,4.850893650481763,4.371838158486635,4.493331395333272,-0.12149323684663749,-0.12737278816852707,0.005879551321889581,4.443,4.724503108330864,4.1614968916691355
2022-08-19,4.32,4.33,4.25,4.25,26814153,4.638746486569257,4.812271972989392,4.844914609183437,4.353093826411768,4.475306847530808,-0.1222130211190402,-0.1263408347586297,0.0041278136395895,4.4305,4.722765290446777,4.138234709553224
2022-08-22,4.25,4.33,4.23,4.32,33813012,4.6262466243508555,4.802524013128216,4.839691578246288,4.348002468502265,4.4638026366026,-0.11580016810033555,-0.12423270142697088,0.008432533326635322,4.4135,4.689490941880235,4.137509058119765
2022-08-23,4.3,4.31,4.03,4.06,157158380,4.604040874376312,4.787820567323696,4.831933453089609,4.303694396424993,4.433891330187593,-0.13019693376259944,-0.1254255478940966,-0.004771385868502842,4.3815,4.665491197046564,4.097508802953436
2022-08-24,4.06,4.14,4.05,4.11,63740516,4.584666722439986,4.774398377871742,4.824750035645931,4.2738952585134555,4.409899379803327,-0.13600412128987127,-0.12754126257325155,-0.008462858716619726,4.3515,4.616473583588896,4.086526416411103
2022-08-25,4.16,4.21,4.11,4.2,34033000,4.569581752932536,4.7630241525673505,4.818533617380798,4.262526757203693,4.394351277595673,-0.13182452039198012,-0.12839791413699728,-0.003426606254982839,4.3285,4.560126855092286,4.096873144907714
2022-08-26,4.2,4.22,4.14,4.21,28817430,4.555480507719496,4.752073179249185,4.812478556511338,4.254445717633894,4.3806956274034015,-0.12624990976950734,-0.1279683132634993,0.0017184034939919657,4.3095,4.512819944914275,4.106180055085725
2022-08-29,4.11,4.18,4.11,4.15,41867774,4.53957931133834,4.740150938075933,4.805886730078389,4.238377145690218,4.363607062410558,-0.12522991672033967,-0.12742063395486738,0.0021907172345277115,4.292,4.486792196968833,4.097207803031167
2022-08-30,4.18,4.18,4.12,4.15,21179004,4.5243016912858565,4.72846478088631,4.799360493958206,4.224780661737877,4.347784317046813,-0.12300365530893576,-0.12653723822568105,0.003533582916745298,4.2795000000000005,4.477032275843582,4.081967724156419
2022-08-31,4.07,4.22,4.07,4.16,55526438,4.510015350451117,4.7172080525519275,4.7929986979984225,4.214814406085896,4.3338743676359375,-0.1190599615500414,-0.12504178289055312,0.005981821340511728,4.269,4.468489348086422,4.069510651913578
2022-09-01,4.14,4.22,4.09,4.17,51933622,4.496681415139308,4.706372249531097,4.786799705978538,4.207919882072681,4.3217355255888315,-0.11381564351615037,-0.12279655501567258,0.00898091149952221,4.2620000000000005,4.465036942451234,4.058963057548767
2022-09-02,4.18,4.18,4.08,4.08,49223790,4.480340967486787,4.693968838649293,4.779766873083229,4.188239900215345,4.303829190360029,-0.11558929014468422,-0.12135510204147491,0.005765811896790693,4.2455,4.45136160399634,4.039638396003659
2022-09-05,4.07,4.15,4.02,4.1,51046500,4.465425635428482,4.682207079468119,4.773003023599815,4.174664530951446,4.288730731814842,-0.11406620086339547,-0.11989732180585903,0.005831120942463561,4.2325,4.44062256004563,4.02437743995437
2022-09-06,4.1,4.22,4.1,4.12,29382340,4.451879532078345,4.671074266013305,4.766505481076434,4.166254603112763,4.276232159087816,-0.10997755597505332,-0.1179133686396979,0.007935812664644576,4.2219999999999995,4.430576125191612,4.013423874808387
2022-09-07,4.1,4.14,4.06,4.11,25788672,4.438472491604684,4.65996388450809,4.759973088229903,4.157600048787722,4.263918665822052,-0.10631861703433021,-0.11559441831862437,0.009275801284294158,4.2125,4.42329611002091,4.00170388997909
2022-09-08,4.14,4.17,4.09,4.1,35972696,4.425199060561363,4.648875490755454,4.7534061918296056,4.14873850282038,4.251776542427826,-0.10303803960744595,-0.11308314257638868,0.010045102968942732,4.199,4.402164957608216,3.9958350423917834
2022-09-09,4.1,4.26,4.07,4.24,54615911,4.4179363523040545,4.640778946384059,4.748297672507918,4.162778733155706,4.250904205951691,-0.08812547279598437,-0.10809160862030782,0.019966135824323453,4.191000000000001,4.373417104461037,4.008582895538964
2022-09-13,4.25,4.33,4.24,4.27,62992313,4.412134926723503,4.633436789029919,4.743538491686944,4.179274312670213,4.252318709214528,-0.07304439654431505,-0.10108216620510928,0.02803776966079423,4.1875,4.360806087602106,4.014193912397894
2022-09-14,4.25,4.25,4.17,4.21,25760922,4.404208066851994,4.625051902118435,4.738229650973642,4.1840013414901795,4.249183990013452,-0.06518264852327249,-0.09390226266874194,0.028719614145469446,4.180999999999999,4.34011002482543,4.0218899751745685
2022-09-15,4.21,4.35,4.21,4.32,51093731,4.400905789720543,4.619011270393318,4.734068161909227,4.204924212030152,4.254429620382826,-0.04950540835267425,-0.08502289180552841,0.03551748345285416,4.1795,4.332663311533635,4.026336688466365
2022-09-16,4.31,4.31,4.2,4.22,56241934,4.393811445025619,4.611110057118203,4.728953055820579,4.2072435640255135,4.251879278132246,-0.044635714106732394,-0.07694545626576921,0.032309742159036814,4.1775,4.32741664350548,4.02758335649452
2022-09-19,4.22,4.26,4.16,4.24,42883754,4.387779623652065,4.603761343115862,4.724087851285051,4.212283015713896,4.250999331603931,-0.03871631589003499,-0.06929962819062237,0.030583312300587376,4.177,4.326010066773857,4.027989933226142
2022-09-20,4.29,4.29,4.18,4.25,34300000,4.382376501155906,4.5967561680046565,4.7193705592324635,4.218085628680989,4.250925307040677,-0.032839678359687596,-0.06200763822443542,0.029167959864747822,4.1735,4.311814858203844,4.0351851417961555
2022-09-21,4.24,4.31,4.19,4.25,45861372,4.377185265816459,4.589889709232287,4.714700205409255,4.222995531960837,4.250856765778405,-0.027861233817567665,-0.05517835734306187,0.027317123525494202,4.183,4.314772531280039,4.0512274687199605
2022-09-22,4.17,4.25,4.13,4.25,42307825,4.372197608333462,4.5831592199405575,4.710076322768367,4.227150065505324,4.250793301646671,-0.023643236141347224,-0.04887133310271895,0.025228096961371724,4.1899999999999995,4.320384048103856,4.059615951896143
2022-09-23,4.25,4.28,4.23,4.25,19240325,4.367405545261562,4.576562007664506,4.705498448909975,4.230665440042967,4.250734538561733,-0.020069098518765927,-0.04311088618592834,0.023041787667162417,4.1925,4.32544735800289,4.05955264199711
2022-09-26,4.25,4.25,4.17,4.18,42261102,4.3600563081924815,4.5687092946414465,4.700269608622314,4.222870756959433,4.245494943112716,-0.022624186153282544,-0.039013546179399186,0.016389360026116642,4.191000000000001,4.32380060240808,4.058199397591921
2022-09-27,4.19,4.19,4.1,4.18,38173590,4.352995276498659,4.5610120808861705,4.695092796596222,4.2162752558887515,4.240643465845107,-0.024368209956355358,-0.03608447893479042,0.011716268978435064,4.1925,4.324086473468775,4.060913526531225
2022-09-28,4.18,4.2,4.1,4.14,49002907,4.344642520557534,4.552675207997336,4.689569485187304,4.204540601136636,4.233188394301025,-0.028647793164388702,-0.03459714178071008,0.005949348616321376,4.191999999999999,4.324302683268135,4.059697316731864
2022-09-29,4.15,4.19,4.04,4.08,28004942,4.334264382496455,4.543315302888478,4.68350411717549,4.185380508654077,4.221841105834282,-0.03646059718020478,-0.03496983286060902,-0.0014907643195957582,4.188,4.32851334456182,4.047486655438179
2022-09-30,4.02,4.11,4.02,4.1,62573926,4.325077543967183,4.534536782039201,4.677698106059316,4.172245045784219,4.212815838735446,-0.04057079295122712,-0.03609002487873264,-0.004480768072494479,4.1845,4.330030065622019,4.038969934377981
2022-10-03,4.1,4.1,3.59,3.64,139340250,4.298211757929254,4.51682318239486,4.667372751770169,4.090361192586647,4.170385035866154,-0.08002384327950729,-0.044876788558887576,-0.035147054720619714,4.1625,4.438824085088416,3.886175914911584
2022-10-05,3.73,3.86,3.65,3.77,109090630,4.277497571343793,4.5020346045256545,4.658443669663003,4.041074855265624,4.1407268850612535,-0.09965202979562982,-0.055831836806236025,-0.04382019298939379,4.146,4.470493451397637,3.821506548602363
2022-10-06,3.78,3.82,3.73,3.78,30102000,4.2579878626636445,4.487736889584553,4.649702936631531,4.000909492917066,4.114006375056716,-0.11309688213964986,-0.0672848458729188,-0.045812036266731054,4.129,4.49065729634552,3.7673427036544793
2022-10-07,3.77,3.78,3.72,3.75,36876262,4.238066770010168,4.47312823830565,4.640750668605347,3.962308032468287,4.08704293986733,-0.12473490739904314,-0.07877485817814367,-0.04596004922089947,4.111,4.508688320170397,3.7133116798296024
2022-10-10,3.67,3.8,3.67,3.77,83191250,4.219711210401926,4.459204906854052,4.63208648284808,3.9327221813193196,4.063558277654935,-0.13083609633561544,-0.08918710580963803,-0.04164899052597741,4.0945,4.51911629737912,3.66988370262088
2022-10-11,3.77,3.8,3.67,3.69,56782032,4.198938221758714,4.443973126520308,4.62271248799387,3.8953803072701936,4.03588729412494,-0.1405069868547466,-0.09945108201865975,-0.04105590483608686,4.066999999999999,4.520612169148881,3.613387830851117
2022-10-12,3.69,3.73,3.63,3.7,51024110,4.179372016983863,4.429240985401094,4.613531269207861,3.865321798459395,4.011006753819389,-0.14568495535999437,-0.10869785668692669,-0.03698709867306768,4.0385,4.508830734696294,3.5681692653037063
2022-10-13,3.7,3.71,3.54,3.57,85367875,4.155475075141358,4.412226312422854,4.6031478734943505,3.819887675619488,3.978339586869805,-0.15845191125031688,-0.11864866759960474,-0.03980324365071214,4.006500000000001,4.511604939591723,3.501395060408279
2022-10-14,3.63,3.7,3.58,3.59,64889520,4.13329958199856,4.395944603265965,4.593066800126247,3.7845203409087977,3.9495736915461155,-0.16505335063731774,-0.12792960420714736,-0.037123746430170385,3.9699999999999998,4.484626077846778,3.455373922153221
2022-10-17,3.55,3.65,3.54,3.62,44610711,4.113170186626067,4.380579363597333,4.583384543408574,3.7592095192305215,3.9251608255056625,-0.165951306275141,-0.13553394462074608,-0.030417361654394903,3.94,4.462723636350949,3.4172763636490506
2022-10-18,3.6,3.64,3.56,3.59,52023594,4.092653708719163,4.364924326694415,4.573500120091076,3.733177285502749,3.900334097690428,-0.1671568121876792,-0.14185851813413272,-0.025298294053546472,3.9075,4.432395227640679,3.3826047723593207
2022-10-19,3.55,3.64,3.53,3.55,57841286,4.0713731711223335,4.348787211314327,4.5633160392941505,3.7049961646561727,3.8743834237874335,-0.16938725913126085,-0.14736426633355837,-0.02202299279770248,3.8725,4.394721217493087,3.350278782506913
2022-10-20,3.55,3.56,3.47,3.55,87618438,4.050927164411654,4.332969642773448,4.553233292634507,3.6811506008629156,3.8503550220254015,-0.1692044211624859,-0.15173229729934387,-0.017472123863142036,3.8375,4.3475147056703,3.3274852943296995
2022-10-21,3.55,3.59,3.49,3.56,36775903,4.031675118748452,4.317663313213578,4.543350374299837,3.6625120468840056,3.8288472426161126,-0.1663351957321071,-0.15465287698589653,-0.011682318746210563,3.803,4.289542906638217,3.316457093361783
2022-10-24,3.53,3.53,3.36,3.39,69753313,4.006511388601454,4.299293742654893,4.531874251172476,3.6205871165941588,3.7963400394593636,-0.17575292286520483,-0.15887288616175818,-0.01688003670344665,3.7600000000000002,4.232736713192414,3.287263286807587
2022-10-25,3.39,3.45,3.33,3.35,90300563,3.9807658439504165,4.280495846760736,4.5201143083747395,3.5789583294258267,3.7632778143142254,-0.18431948488839867,-0.16396220590708627,-0.0203572789813124,3.7184999999999997,4.182106514190609,3.25489348580939
2022-10-26,3.32,3.41,3.28,3.35,73794250,3.9560299285013807,4.26207018642884,4.5084713799332,3.5437339710526223,3.7326646428835417,-0.18893067183091938,-0.1689558990918529,-0.019974772739066476,3.6770000000000005,4.115866722365651,3.238133277634349
2022-10-27,3.41,3.48,3.37,3.39,65558938,3.9338326764032874,4.244801469865892,4.497342311476153,3.5200825908906808,3.70728207674402,-0.18719948585333945,-0.17260461644415023,-0.01459486940918922,3.6395000000000004,4.040223096414434,3.2387769035855674
2022-10-28,3.41,3.44,3.35,3.41,44689293,3.9132902185051193,4.228270747690329,4.486522984993803,3.50314680767673,3.685261182170389,-0.18211437449365908,-0.174506568054052,-0.007607806439607068,3.6060000000000003,3.9635136361035372,3.2484863638964634
2022-10-31,3.38,3.4,3.17,3.22,85991375,3.8861023667990366,4.208304990310323,4.473920766237646,3.4595857603418483,3.650797390898508,-0.1912116305566598,-0.1778475805545736,-0.013364050002086209,3.562,3.87990564637951,3.24409435362049
2022-11-01,3.24,3.35,3.23,3.33,49842977,3.864294430846133,4.190912812284375,4.462538470056177,3.4396494895200256,3.627034621202322,-0.18738513168229654,-0.17975509078011817,-0.007630040902178364,3.5464999999999995,3.877635923753335,3.215364076246664
2022-11-02,3.33,3.46,3.33,3.43,39152313,3.8472632766953048,4.1758452318431,4.452264455428753,3.4381649526707907,3.6124394640762243,-0.1742745114054336,-0.17865897490518126,0.004384463499747665,3.5295,3.8476493360042974,3.211350663995703
2022-11-03,3.38,3.42,3.3,3.32,36734583,3.826586285452352,4.158897801509573,4.440998142439412,3.4199857291829767,3.5907772815520596,-0.17079155236908283,-0.1770854903979616,0.006293938028878759,3.5065,3.8152571861511504,3.1977428138488495
2022-11-04,3.35,3.54,3.33,3.5,56467641,3.813778980140495,4.1458503202915615,4.431634976843,3.43229561700098,3.584053038474129,-0.1517574214731492,-0.1720198766129991,0.020262455139849922,3.4939999999999998,3.7818471816780153,3.2061528183219843
2022-11-07,3.49,3.69,3.47,3.67,91898563,3.808140588762437,4.136427541671926,4.424056519361975,3.4688655220777522,3.5904194800686384,-0.1215539579908862,-0.16192669288857653,0.04037273489769033,3.489,3.760506905989473,3.2174930940105266
2022-11-08,3.67,3.67,3.61,3.64,36551997,3.801546840183518,4.126597293321987,4.416254961955389,3.4951939032965598,3.594092111174665,-0.0988982078781051,-0.14932099588648223,0.05042278800837713,3.4865000000000004,3.751398093613331,3.22160190638667
2022-11-09,3.63,3.72,3.61,3.67,49170500,3.796388140568478,4.117555762761156,4.408829539448369,3.522087148943243,3.5997149177543193,-0.07762776881107625,-0.13498235047140106,0.05735458166032481,3.4850000000000003,3.7453459237245266,3.224654076275474
2022-11-10,3.63,3.67,3.59,3.66,21104231,3.791039586036381,4.10849525260747,4.401378499254853,3.5433045106442824,3.6041804794021477,-0.06087596875786527,-0.12016107412869391,0.059285105370828636,3.4894999999999996,3.7585334551686396,3.2204665448313596
2022-11-11,3.79,3.95,3.74,3.91,109882500,3.795704700309464,4.1045646535459355,4.396489160953809,3.599719201314393,3.6268337772242107,-0.027114575909817695,-0.10155177448491867,0.07443719857510098,3.5055000000000005,3.8290722485009745,3.1819277514990265
2022-11-14,4.02,4.09,3.95,3.99,85535125,3.80332412382674,4.1022960465450256,4.392444492685612,3.6597624011121788,3.6537349789113063,0.00602742220087249,-0.08003593514776045,0.08606335734863294,3.524,3.908260328423291,3.139739671576709
2022-11-15,4.04,4.08,3.98,4.05,75807000,3.8129976875982403,4.101260481266906,4.389037084798193,3.7197989547872283,3.6830879434363943,0.03671101135083399,-0.05668654584804156,0.09339755719887555,3.5469999999999997,3.9942180676135237,3.0997819323864757
2022-11-16,4.05,4.05,3.95,3.98,57613438,3.819546797888506,4.098859283618056,4.384967064053932,3.7598298848199625,3.7050814291077727,0.05474845571218978,-0.03439954553599529,0.08914800124818507,3.5685000000000002,4.053938976597444,3.083061023402556
2022-11-17,3.95,3.98,3.89,3.93,50309079,3.8238782960105255,4.095515535427599,4.3804400285907095,3.7860099025399685,3.7217420639886782,0.06426783855129026,-0.014666068718538183,0.07893390726982843,3.5875,4.097671539778507,3.077328460221493
2022-11-18,3.95,3.95,3.86,3.88,37415430,3.826079147147368,4.091247901062696,4.375460525818663,3.8004699175338192,3.733464874063591,0.06700504347022829,0.0016681537192151114,0.06533688975101318,3.6035000000000004,4.129057798914613,3.077942201085388
2022-11-21,3.85,3.85,3.78,3.84,54452141,3.8266250629455105,4.086272695101058,4.370132560387631,3.8065514686824624,3.7413563648736954,0.06519510380876703,0.014373543737125497,0.050821560071641535,3.626,4.151600608827626,3.100399391172374
2022-11-22,3.86,3.96,3.84,3.94,48079805,3.8310711389084315,4.083376206089156,4.365852634413625,3.8270820119620836,3.7560707082163844,0.0710113037456992,0.02570109573884024,0.045310208006858955,3.655500000000001,4.182053890879149,3.128946109120853
2022-11-23,4.0,4.05,3.95,3.95,56612399,3.835735015813983,4.0807350930972905,4.3617147972552806,3.8459924716602245,3.7704358409410967,0.07555663071912777,0.03567220273489775,0.039884427984230024,3.6854999999999998,4.207361092629033,3.1636389073709665
2022-11-24,3.96,4.0,3.88,3.91,61295090,3.8386473681350033,4.07735420016467,4.3572201226557254,3.855839783712498,3.7807739267973117,0.0750658569151863,0.043550933570955463,0.03151492334423084,3.7115,4.223604481526932,3.199395518473068
2022-11-25,3.92,4.09,3.88,4.08,55346372,3.8481121772277485,4.077406592240617,4.354461713475072,3.8903259708336524,3.802938821108622,0.08738714972503026,0.05231817680177042,0.035068972923259834,3.745,4.2614687793080686,3.2285312206919317
2022-11-28,3.97,3.97,3.84,3.94,64231516,3.8517156212580326,4.074685669621991,4.350337716326067,3.8979681291669364,3.813091501026502,0.08487662814043428,0.0588298670695032,0.026046761070931082,3.781,4.243640249005601,3.3183597509943987
2022-11-29,3.99,4.18,3.97,4.15,66297000,3.8634130478753645,4.076177042500763,4.348344306213369,3.936742263141254,3.83804768613565,0.0986945770056038,0.06680280905672333,0.031891767948880476,3.822,4.262299897796903,3.381700102203097
2022-11-30,4.15,4.15,4.06,4.14,66583188,3.874259595017507,4.077440863441342,4.346271228539604,3.968012684196445,3.860414524199676,0.10759815999676903,0.07496187924473247,0.03263628075203656,3.8574999999999995,4.279773607984161,3.4352263920158372
2022-12-01,4.22,4.22,4.02,4.06,46889055,3.881543532467801,4.07709549980884,4.343422758603886,3.9821645789354534,3.8751986335182185,0.10696594541723492,0.08136269247923296,0.02560325293800196,3.8945,4.2455826113608595,3.5434173886391402
2022-12-02,4.02,4.06,3.95,4.01,44913372,3.886581040998476,4.075766876050248,4.340105119214792,3.986446951406922,3.8851839199242764,0.1012630314826457,0.08534276027991551,0.015920271202730193,3.9200000000000004,4.223644529013713,3.6163554709862877
2022-12-05,4.04,4.29,4.04,4.28,108104940,3.902009235469124,4.07981109632648,4.339507058327083,4.031608958882781,3.914429555485441,0.11717940339733968,0.09171008890340035,0.025469314493939327,3.9505000000000003,4.269716227657615,3.6312837723423854
2022-12-06,4.28,4.28,4.11,4.18,41769610,3.912910834078178,4.0817950350130845,4.337919923418356,4.054438349823892,3.934101440264297,0.12033690955959475,0.09743545303463924,0.02290145652495551,3.9775,4.277891411328548,3.6771085886714516
2022-12-07,4.19,4.2,4.05,4.05,76913438,3.9182868798006028,4.081165430359359,4.3350550485584725,4.053755526774062,3.942686518763238,0.11106900801082453,0.10016216402987631,0.010906843980948225,3.9965,4.262828744224045,3.730171255775956
2022-12-08,4.1,4.1,4.04,4.08,101214880,3.9246285707888147,4.081142352530461,4.332517187378786,4.057793138039591,3.952857887743739,0.10493525029585182,0.10111678128307142,0.0038184690127804066,4.0175,4.236394951974585,3.7986050480254154
2022-12-09,4.08,4.39,4.08,4.33,117155880,3.9405254895814106,4.086070226737778,4.332492140738202,4.099671116802731,3.980794340503462,0.11887677629926907,0.10466878028631095,0.014207996012958121,4.0385,4.290235972796808,3.7867640272031924
2022-12-12,4.25,4.26,4.19,4.24,45135153,3.952269588029199,4.089118341059803,4.331571820929861,4.121260175756157,3.9999947597254275,0.12126541603072916,0.1079881074351946,0.013277308595534554,4.051,4.316322445337658,3.785677554662342
2022-12-13,4.24,4.27,4.21,4.23,38670606,3.9631609767339366,4.0919080768804,4.330561156044987,4.137989379485979,4.017032184930951,0.12095719455502785,0.11058192485916125,0.010375269695866593,4.0600000000000005,4.336550176279015,3.7834498237209857
2022-12-14,4.23,4.36,4.23,4.29,42560438,3.975978193332606,4.095830689219402,4.3301575624525,4.161375628795828,4.037252023084214,0.12412360571161418,0.11329026102965185,0.010833344681962329,4.0755,4.366737016877926,3.7842629831220735
2022-12-15,4.33,4.33,4.19,4.24,22721106,3.9863319896725042,4.098685527056642,4.329260472278843,4.173471685904162,4.052270391744643,0.12120129415951908,0.11487246765562531,0.00632882650389377,4.091,4.382609327697097,3.799390672302903
2022-12-16,4.3,4.33,4.21,4.25,55955727,3.9966719116461316,4.101681853253539,4.3284718108631335,4.185245272688137,4.0669170293931876,0.11832824329494951,0.11556362278349015,0.0027646205114593564,4.1095,4.392022565470357,3.8269774345296423
2022-12-19,4.25,4.28,4.16,4.18,19584774,4.003861248444323,4.103232707644558,4.326994479411759,4.1844383076591924,4.075293545734433,0.10914476192475941,0.11427985061174402,-0.005135088686984604,4.1265,4.381707758502659,3.8712922414973407
2022-12-20,4.17,4.22,4.11,4.16,25275161,4.009984336740624,4.104356812443676,4.325332842800697,4.180678568019316,4.081568097902253,0.09911047011706309,0.11124597451280784,-0.012135504395744748,4.1375,4.378155355228076,3.8968446447719245
2022-12-21,4.16,4.21,4.15,4.18,9446227,4.016651617652756,4.105854697345781,4.323886744862382,4.180574172939421,4.088859349909494,0.0917148230299274,0.10733974421623174,-0.015624921186304347,4.149,4.374202131428525,3.9237978685714747
2022-12-22,4.2,4.24,4.16,4.19,18506219,4.02344959343108,4.107520940962695,4.322554538445842,4.18202430017951,4.096351249916198,0.08567305026331162,0.10300640542564772,-0.017333355162336098,4.162999999999999,4.3600888124677555,3.9659111875322433
2022-12-23,4.16,4.18,4.1,4.14,24953860,4.028020197610253,4.108164090646603,4.320738075376728,4.175559023228816,4.099584490663147,0.07597453256566933,0.09760003085365204,-0.021625498287982714,4.1659999999999995,4.359742096612869,3.9722579033871304
2022-12-28,4.17,4.41,4.17,4.36,62003047,4.041039013390243,4.1131509403367685,4.3211287412933785,4.203934558116691,4.118874528391802,0.08506002972488869,0.09509203062789937,-0.01003200090301068,4.186999999999999,4.36889007669455,4.005109923305449
2022-12-29,4.33,4.33,4.25,4.31,26039442,4.051586503061214,4.1170489415182185,4.321018007549165,4.2202523184064304,4.133031970733151,0.0872203476732798,0.09351769403697546,-0.006297346363695666,4.195,4.3836266153011,4.0063733846989
2022-12-30,4.33,4.37,4.29,4.29,37730633,4.060936051960775,4.120473714953501,4.320709370658129,4.230982730959287,4.144659232160325,0.08632349879896228,0.09207885498937284,-0.005755356190410552,4.202500000000001,4.393693619140255,4.011306380859746
2023-01-03,4.25,4.41,4.23,4.39,60197993,4.073840520511333,4.125810869112837,4.321398829656555,4.25544692619632,4.16283262237067,0.09261430382564928,0.09218594475662814,0.0004283590690211392,4.219,4.415051013769244,4.022948986230757
2023-01-04,4.42,4.56,4.41,4.54,59177133,4.092121284412849,4.1340126340809,4.3235739656798735,4.299224322166117,4.1907709466395096,0.10845337552660705,0.09543943091062393,0.013013944615983125,4.2455,4.463442653007499,4.0275573469925
2023-01-05,4.6,4.61,4.54,4.57,54424528,4.110861626200581,4.142646047267417,4.326025966021367,4.340882118755944,4.218861987629175,0.12202013112676902,0.10075557095385294,0.021264560172916072,4.26,4.519769128265748,4.000230871734251
2023-01-06,4.58,4.6,4.51,4.58,45171282,4.129259209486833,4.151306521578953,4.328553070837075,4.377669485101183,4.2456129515084955,0.13205653359268776,0.10701576348161992,0.02504077011106784,4.28,4.571684761343382,3.9883152386566176
2023-01-09,4.58,4.69,4.58,4.66,34199278,4.150072573820682,4.161379659765509,4.331851050231731,4.42110494893177,4.276308288433792,0.14479666049797846,0.11457194288489164,0.030224717613086816,4.3105,4.626188137249319,3.9948118627506806
2023-01-10,4.67,4.72,4.63,4.71,83476188,4.172030512102224,4.172243428879063,4.335613726348829,4.465550341403805,4.308433600401659,0.15711674100214612,0.12308090250834255,0.034035838493803566,4.342,4.6840292385161595,3.99997076148384
2023-01-11,4.77,4.79,4.71,4.73,77592500,4.193911668490372,4.183288113455714,4.339537967877696,4.506234904264758,4.339660741112647,0.16657416315211115,0.13177955463709629,0.03479460851501487,4.362,4.743397430510411,3.980602569489589
2023-01-12,4.73,4.79,4.71,4.77,67912563,4.21650336776526,4.194906170615007,4.343821172177421,4.546814149762488,4.371537723252451,0.17527642651003728,0.1404789290116845,0.034797497498352786,4.3885,4.804397823990392,3.972602176009607
2023-01-13,4.87,4.87,4.8,4.85,63826688,4.241346372950937,4.2078783256523336,4.348857777429387,4.593458126722105,4.4069793733818985,0.18647875334020636,0.14967889387738886,0.0367998594628175,4.4195,4.874141617100704,3.9648583828992967
2023-01-16,4.82,4.89,4.72,4.75,44561567,4.261293574011685,4.218613408312683,4.352849242330588,4.617541491841781,4.432388308686943,0.18515318315483764,0.15677375173287864,0.028379431421959006,4.442500000000001,4.914808162114465,3.970191837885537
2023-01-17,4.76,4.76,4.64,4.67,34664942,4.277321276991619,4.227551756662926,4.356004971262622,4.62561203155843,4.449989174710132,0.17562285684829781,0.16054357275596248,0.015079284092335332,4.464,4.93662670258878,3.9913732974112213
2023-01-18,4.68,4.78,4.64,4.76,52396895,4.296249854364496,4.238095286233957,4.360024822294835,4.6462871036263635,4.472952939546419,0.17333416407994484,0.16310169102075897,0.01023247305918587,4.4895,4.968184656115006,4.010815343884993
2023-01-19,4.69,4.78,4.69,4.77,17740118,4.314828291448242,4.248628052843185,4.364104177296877,4.665319856914615,4.4949564255059435,0.1703634314086715,0.1645540390983415,0.005809392310330008,4.519,4.990419134104611,4.047580865895389
2023-01-20,4.73,4.81,4.73,4.81,28741348,4.334246789822821,4.259744329024508,4.368540951652132,4.687578340466213,4.518292986579578,0.16928535388663501,0.1655003020560002,0.0037850518306348224,4.551499999999999,5.008852161905834,4.094147838094164
2023-01-26,4.86,4.89,4.81,4.87,26867079,4.355256719633691,4.271828599736893,4.37353059392425,4.7156432111637185,4.544345357944054,0.17129785321966473,0.1666598122887331,0.0046380409309316195,4.586,5.029954952669684,4.142045047330317
2023-01-27,4.89,4.9,4.82,4.88,17785157,4.375834887491194,4.283871597761905,4.378570090502118,4.740928870984685,4.569208664763013,0.1717202062216714,0.16767189107532077,0.004048315146350623,4.6205,5.042707295057701,4.198292704942299
2023-01-30,4.87,4.88,4.76,4.78,55805114,4.391684499746441,4.293695922558699,4.3825644179598084,4.746939813910117,4.5848228377435305,0.16211697616658682,0.166560908093574,-0.004443931926987166,4.6525,5.017294462677191,4.287705537322808
2023-01-31,4.82,4.85,4.68,4.71,71772938,4.404167460540698,4.301939567656547,4.385822483452746,4.741256765616253,4.594095220132899,0.14716154548335414,0.16268103557153002,-0.01551949008817588,4.67,5.009705755029173,4.330294244970827
2023-02-01,4.75,4.77,4.67,4.77,51726168,4.4185138346371415,4.311208091069288,4.389645145308938,4.745678801675291,4.607125203826758,0.13855359784853327,0.1578555480269307,-0.01930195017839742,4.693,4.9919381206871085,4.394061879312891
2023-02-02,4.8,4.8,4.67,4.68,23514801,4.428768194063136,4.318510901147124,4.39253424834069,4.735574370648323,4.612523336876628,0.12305103377169502,0.15089464517588355,-0.027843611404188534,4.7125,4.947861424196788,4.477138575803212
2023-02-03,4.71,4.71,4.61,4.63,31624899,4.436659637433209,4.324679002114507,4.394897091640783,4.71933215977935,4.613817904515396,0.1055142552639543,0.14181856719349772,-0.03630431192954342,4.7245,4.912593062072848,4.536406937927151
2023-02-06,4.6,4.6,4.51,4.53,40870211,4.440320043808377,4.3287447644488735,4.396241399186646,4.690204135197912,4.607609170847589,0.08259496435032343,0.1299738466248629,-0.04737888227453946,4.724,4.914094713235114,4.533905286764886
2023-02-07,4.53,4.62,4.53,4.58,31674145,4.4457976891492255,4.333720115647906,4.398069842975834,4.673249652859772,4.605564047081101,0.06768560577867078,0.11751619845562447,-0.049830592676953694,4.7245,4.913017903658884,4.535982096341116
2023-02-08,4.59,4.64,4.55,4.56,37885918,4.450276211143374,4.3382009054370565,4.399681088319357,4.655826629342884,4.6021889324825,0.05363769686038378,0.10474049813657633,-0.05110280127619256,4.7235,4.915257659560029,4.53174234043997
2023-02-09,4.5,4.52,4.41,4.42,150896380,4.449088908745594,4.339820689487808,4.399883266545036,4.619545609443978,4.588693456002315,0.030852153441663255,0.08996282919759371,-0.05911067575593046,4.7115,4.943471981066551,4.479528018933449
2023-02-10,4.42,4.46,4.37,4.4,63280625,4.447163853500669,4.3410123590029,4.3998844280719505,4.585769361837213,4.574716162965107,0.011053198872105874,0.07418090313249616,-0.06312770426039029,4.696,4.964804761862472,4.427195238137528
2023-02-13,4.4,4.41,4.35,4.4,29370379,4.44531429061829,4.342180431101853,4.399885578041384,4.557189460016103,4.561774224967691,-0.00458476495158866,0.0584277695156792,-0.06301253446726786,4.6795,4.976920577633662,4.382079422366338
2023-02-14,4.38,4.46,4.38,4.41,31201000,4.443929416476396,4.3435233928622115,4.399986219055897,4.534544927705933,4.550531689784899,-0.015986762078965988,0.04354486319675016,-0.05953162527571615,4.6615,4.977808393818345,4.345191606181656
2023-02-15,4.42,4.42,4.34,4.36,42429899,4.4406380668106555,4.343849662310484,4.3995883462294705,4.507691861905021,4.536418231282314,-0.028726369377293004,0.029090616681941527,-0.057816986059234535,4.637,4.966733225501982,4.307266774498017
2023-02-16,4.38,4.38,4.34,4.36,38333540,4.437475789680826,4.3441694709776035,4.39919443233664,4.484970036996556,4.52335021415029,-0.03838017715373443,0.015596457914806336,-0.053976635068540765,4.6175,4.963902944560148,4.271097055439851
2023-02-17,4.35,4.39,4.34,4.36,19581547,4.434437523418833,4.344482946799829,4.3988044379850315,4.465743877458625,4.511250198287306,-0.045506320828681446,0.0033759021661087813,-0.048882222994790225,4.601999999999999,4.964965563104741,4.239034436895258
2023-02-20,4.36,4.49,4.36,4.48,30602469,4.43622428720633,4.347166452803792,4.399612354024981,4.467937127080375,4.508935368784543,-0.04099824170416788,-0.005498926607946552,-0.035499315096221326,4.588,4.94708773301234,4.22891226698766
2023-02-21,4.47,4.49,4.41,4.45,19297458,4.436764511237454,4.349202760669064,4.400113723636673,4.465177569068009,4.504569785911614,-0.03939221684360472,-0.012277584655078187,-0.027114632188526534,4.572,4.925700438224131,4.218299561775869
2023-02-22,4.46,4.46,4.36,4.39,23425715,4.434930608835986,4.350010626794428,4.400013089570637,4.453611789211393,4.496083135103346,-0.04247134589195323,-0.018316336902453198,-0.02415500898950003,4.551,4.89543577050002,4.20656422949998
2023-02-23,4.32,4.41,4.32,4.35,22724176,4.431599996724771,4.350010416362855,4.399515446888342,4.437671513948102,4.485262162132727,-0.04759064818462555,-0.02417119915888767,-0.02341944902573788,4.525,4.846962730762341,4.20303726923766
2023-02-24,4.32,4.38,4.27,4.29,30750461,4.42604705567674,4.348822091286362,4.398425740949156,4.414952819494547,4.470798298271044,-0.05584547877649637,-0.030506055082409413,-0.025339423694086958,4.495500000000001,4.788789958914287,4.202210041085714
2023-02-27,4.25,4.3,4.25,4.25,22312016,4.41914324957177,4.3468652181915814,4.396948867904886,4.3895754626492325,4.454442868769485,-0.06486740612025255,-0.037378325289978045,-0.0274890808302745,4.469,4.7502045518834,4.1877954481166
2023-02-28,4.25,4.27,4.17,4.17,68979438,4.409372926059151,4.343362936643233,4.39469067021429,4.355794622241659,4.433373026638413,-0.07757840439675423,-0.045418341111333284,-0.032160063285420946,4.442,4.729095802825372,4.154904197174629
2023-03-01,4.17,4.31,4.17,4.27,48642325,4.403907321115655,4.341910205224555,4.393449967028078,4.342595449589096,4.421271320961494,-0.07867587137239784,-0.0520698471635462,-0.026606024208851643,4.417,4.67062176562737,4.1633782343726295
2023-03-02,4.26,4.36,4.25,4.34,33064575,4.4014011516601395,4.3418723793785245,4.392918126560137,4.342196149652311,4.415251223112494,-0.07305507346018292,-0.05626689242287355,-0.01678818103730937,4.4,4.624766545553259,4.175233454446742
2023-03-03,4.37,4.5,4.32,4.47,60342958,4.404091302575429,4.34440955998489,4.3936851103754595,4.361858280475032,4.419306688067125,-0.057448407592092465,-0.05650319545671734,-0.0009452121353751286,4.392,4.593653167592144,4.190346832407856
2023-03-06,4.44,4.51,4.38,4.41,33453731,4.404323016199922,4.345708380579248,4.393847447585654,4.369264698863489,4.418617303765856,-0.04935260490236715,-0.05507307734584731,0.00572047244348016,4.386,4.577770696405747,4.194229303594253
2023-03-07,4.41,4.6,4.39,4.54,63840247,4.409643682231297,4.349555739379659,4.395301701838534,4.395531668269106,4.4276086145980145,-0.03207694632890856,-0.05047385114245956,0.018396904813550996,4.3839999999999995,4.568325798519755,4.199674201480244
2023-03-08,4.48,4.48,4.41,4.45,31592407,4.4112262829281095,4.351544734639468,4.395845963511783,4.40391141161232,4.4292672357389025,-0.025355824126582327,-0.04545024573928411,0.020094421612701786,4.3785,4.547411219283816,4.209588780716183
2023-03-09,4.45,4.46,4.37,4.39,25144426,4.410393879676026,4.352306225042646,4.39578779472062,4.401771194441194,4.426358551610095,-0.024587357168901036,-0.0412776680252075,0.016690310856306463,4.377,4.544940465641684,4.209059534358316
2023-03-10,4.33,4.41,4.26,4.27,50807864,4.40488823733579,4.350676398804177,4.394536174872655,4.3814987029887025,4.414776436676014,-0.033277733687311795,-0.03967768115762836,0.0063999474703165665,4.3705,4.544336129731266,4.1966638702687336
2023-03-13,4.27,4.42,4.27,4.4,43451274,4.404696541753995,4.351653103778352,4.394590541291832,4.384345056375056,4.413681885811124,-0.02933682943606808,-0.0376095108133163,0.008272681377248223,4.3705,4.544336129731266,4.1966638702687336
2023-03-14,4.4,4.4,4.26,4.28,46456590,4.399806481293054,4.3502342304362065,4.393450336900869,4.368291970778894,4.40377952389919,-0.035487553120296056,-0.037185119274712256,0.0016975661544161996,4.364,4.541132718603723,4.186867281396276
2023-03-15,4.33,4.44,4.33,4.41,50666930,4.400206227124699,4.351417711021628,4.3936150101655365,4.374708590659064,4.404240299906657,-0.02953170924759352,-0.035654437269288505,0.006122728021694987,4.3665,4.544744214492212,4.188255785507788
2023-03-16,4.33,4.48,4.33,4.42,30674625,4.400982453511967,4.352775776149913,4.39387754737782,4.381676499788439,4.405407685098757,-0.023731185310317926,-0.03326978687749439,0.009538601567176466,4.3695,4.54921922546001,4.189780774539991
2023-03-17,4.48,4.53,4.41,4.48,50548930,4.404081180825223,4.3552950677113005,4.394734487204906,4.396803192128679,4.410933041758108,-0.014129849629428648,-0.029441799427881245,0.015311949798452597,4.375500000000001,4.561454295459788,4.189545704540214
2023-03-20,4.48,4.54,4.38,4.4,34369000,4.4039211345183515,4.356180313895235,4.394786880367047,4.397295008724267,4.410123186813063,-0.012828178088795994,-0.026119075160064197,0.013290897071268203,4.3715,4.551641610961893,4.191358389038108
2023-03-21,4.42,4.45,4.32,4.37,24034836,4.402590893949004,4.356453971045824,4.3945402447415045,4.393095776612841,4.407151098900984,-0.014055322288142769,-0.023706324585679915,0.009651002297537147,4.3675,4.5440077901962,4.1909922098038
2023-03-22,4.4,4.46,4.37,4.39,33899125,4.402097133401984,4.357118248846897,4.394495068176912,4.392619503287789,4.40588064713054,-0.013261143842751011,-0.021617288437094137,0.008356144594343126,4.3675,4.5440077901962,4.1909922098038
2023-03-23,4.39,4.48,4.36,4.47,25320258,4.4047599909156325,4.359353531047947,4.395246361030873,4.404524195089667,4.410630228824575,-0.006106033734907257,-0.018515037496656762,0.012409003761749506,4.3735,4.555299339932645,4.1917006600673545
2023-03-24,4.44,4.46,4.25,4.25,58340290,4.398690971664039,4.357188114591552,4.39380112360768,4.38075124199895,4.398731693356088,-0.017980451357137994,-0.01840812026875301,0.0004276689116150152,4.371499999999999,4.557755201269509,4.18524479873049
2023-03-27,4.25,4.26,4.18,4.21,24770844,4.39129132571643,4.354273498461026,4.391972256706112,4.354481820152958,4.3847515679223035,-0.030269747769345656,-0.02078044576887154,-0.009489302000474115,4.3695,4.561695213259711,4.17730478674029
2023-03-28,4.23,4.28,4.19,4.23,22262993,4.3849661756883345,4.351812637105362,4.39036059246028,4.335330770898657,4.373288488816947,-0.03795771791829061,-0.024215900198755358,-0.013741817719535254,4.3725,4.553704304584481,4.191295695415518
2023-03-29,4.25,4.32,4.23,4.27,24740528,4.3804576982103605,4.350192584885454,4.389162974624854,4.325279883068094,4.365637489645322,-0.040357606577227756,-0.02744424147444984,-0.012913365102777914,4.3725000000000005,4.553704304584482,4.191295695415519
2023-03-30,4.33,4.39,4.25,4.34,65859563,4.378871121809954,4.349990751521386,4.388673790797742,4.3275445164422335,4.363738416338261,-0.03619389989602784,-0.029194173158765442,-0.006999726737262395,4.3725,4.553704304584481,4.191295695415518
2023-03-31,4.24,4.32,4.12,4.12,169913500,4.368719313111525,4.345436479214031,4.386000419745028,4.295614590835736,4.345683718831723,-0.05006912799598684,-0.03336916412620972,-0.016699963869777117,4.3549999999999995,4.561058244193106,4.148941755806893
2023-04-03,4.12,4.19,4.12,4.16,35101797,4.360534242009112,4.3417644697246445,4.383751659349556,4.274750807630238,4.331929369288632,-0.05717856165839397,-0.03813104363264658,-0.01904751802574739,4.342499999999999,4.5634864249223135,4.121513575077685
2023-04-04,4.18,4.23,4.14,4.19,49783985,4.353846624675421,4.338759232700394,4.381823782142098,4.261712221840971,4.32141608267466,-0.059703860833689504,-0.04244560707285516,-0.01725825376083434,4.325,4.535855400689538,4.114144599310462
2023-04-06,4.19,4.24,4.18,4.19,30940915,4.347421266845012,4.335813505320187,4.379915087792425,4.250679572326975,4.311681558032093,-0.06100198570511761,-0.04615688279930765,-0.01484510290580996,4.312,4.522485153870637,4.101514846129364
2023-04-11,4.25,4.28,4.18,4.28,41489477,4.344777295596188,4.334708287393055,4.378920907814392,4.255190407353594,4.309334775955642,-0.05414436860204752,-0.047754379959855625,-0.006389988642191896,4.306500000000001,4.514276322038739,4.098723677961262
2023-04-12,4.31,4.31,4.24,4.31,42785715,4.343413480082612,4.33421901437537,4.378235127637134,4.263622652376118,4.309384051810779,-0.045761399434661065,-0.047355783854816716,0.0015943844201556506,4.3085,4.515601424427612,4.1013985755723885
2023-04-13,4.28,4.37,4.25,4.34,35619137,4.343279618118587,4.334333489338234,4.377854678605919,4.275373013549023,4.3116518998247955,-0.03627888627577214,-0.0451404043390078,0.008861518063235665,4.3055,4.508918288263238,4.102081711736763
2023-04-14,4.4,4.4,4.3,4.34,55079508,4.343151005643349,4.33444569747015,4.3774780151372035,4.285315626849173,4.313751759097033,-0.028436132247859902,-0.04179954992077822,0.01336341767291832,4.3085,4.512095186583441,4.10490481341656
2023-04-17,4.32,4.48,4.3,4.45,66776438,4.347341162284787,4.336733901480641,4.378199626926883,4.310651684256992,4.323844221386142,-0.013192537129149251,-0.03607814736245243,0.022885610233303176,4.3105,4.518776258848544,4.102223741151456
2023-04-18,4.42,4.55,4.4,4.51,75498000,4.353719940234403,4.340164913332509,4.379511073425124,4.341320655909763,4.337633538320501,0.003687117589261213,-0.0281250943721097,0.03181221196137091,4.3149999999999995,4.536042982245411,4.093957017754588
2023-04-19,4.51,4.56,4.45,4.48,40911047,4.358672099440898,4.342933924949687,4.380510963241789,4.362655939615953,4.3481792021486125,0.014476737467340683,-0.019604728004219623,0.03408146547156031,4.3149999999999995,4.536042982245411,4.093957017754588
2023-04-20,4.48,4.52,4.42,4.48,17596801,4.363430056325568,4.3456481046536535,4.3815009039060495,4.38070887198273,4.35794370569316,0.02276516628957026,-0.011130749145461645,0.033895915435031905,4.319000000000001,4.548773801813753,4.089226198186249
2023-04-21,4.48,4.54,4.43,4.47,23841809,4.367609269802998,4.348110518422888,4.382381491926885,4.394445968600771,4.366244171938111,0.028201796662660428,-0.003264239983837231,0.03146603664649766,4.324,4.562193198895236,4.085806801104764
2023-04-24,4.47,4.48,4.38,4.43,29121372,4.370055965104841,4.349732092315503,4.3828553079276125,4.399915819585268,4.370966825868622,0.0289489937166465,0.003178406756259515,0.025770586960386983,4.326,4.567031118322812,4.084968881677187
2023-04-25,4.43,4.55,4.41,4.54,69002313,4.376720437061514,4.35349977365579,4.384418936704453,4.421467231956765,4.383487801730205,0.03797943022656014,0.01013861145031964,0.0278408187762405,4.3295,4.580615511269109,4.078384488730892
2023-04-26,4.54,4.54,4.43,4.48,44020426,4.380770616000278,4.356004728632904,4.385369992060627,4.4304722731941855,4.390636853453893,0.039835419740292366,0.016077973108314186,0.02375744663197818,4.341,4.597507309837255,4.084492690162746
2023-04-27,4.47,4.48,4.33,4.45,58905211,4.38348549380419,4.357866021135222,4.386013076716741,4.433476538856619,4.39503412356842,0.03844241528819836,0.020550861544291022,0.01789155374390734,4.353,4.6063061388911555,4.099693861108844
2023-04-28,4.39,4.56,4.38,4.51,55619500,4.388446846988339,4.360878575172148,4.387246777445927,4.445249379032523,4.4035501144152045,0.041699264617318654,0.024780542158896548,0.016918722458422106,4.367,4.622507338446365,4.111492661553635
2023-05-02,4.56,4.56,4.46,4.54,24761856,4.394390107890757,4.36442553407963,4.388766710008655,4.459826397642904,4.413657513347411,0.046168884295492596,0.029058210586215757,0.01711067370927684,4.3805,4.642528624390438,4.118471375609562
2023-05-03,4.52,4.54,4.45,4.47,14535711,4.3973552016989625,4.366516117563202,4.389575001451354,4.461391567236303,4.417831030877233,0.04356053635907031,0.03195867574078667,0.011601860618283645,4.3870000000000005,4.651128756480519,4.122871243519482
2023-05-04,4.45,4.73,4.45,4.73,109628940,4.410400095749984,4.373713818205514,4.392962314869749,4.502715941507641,4.440954658219661,0.06176128328798036,0.03791919725022541,0.02384208603775495,4.4175,4.691935784838539,4.143064215161462
2023-05-05,4.73,4.8,4.69,4.77,93463000,4.424502052779397,4.381561069330157,4.3967139336272645,4.54383656589108,4.465328387240427,0.07850817865065363,0.04603699353031106,0.03247118512034257,4.448,4.736416365693669,4.1595836343063315
2023-05-08,4.77,4.94,4.77,4.9,144089880,4.4431490311017745,4.391827186769164,4.401721755183212,4.598630940369376,4.497526284481877,0.10110465588749928,0.05705052600174871,0.044054129885750574,4.4835,4.808601522604777,4.158398477395224
2023-05-09,4.9,4.94,4.71,4.75,100906380,4.455182402431117,4.39891971772423,4.4051872103555185,4.621918488004857,4.516228041186923,0.10569044681793383,0.06677851016498573,0.03891193665294809,4.5115,4.826985340388335,4.196014659611665
2023-05-10,4.76,4.78,4.57,4.59,52335348,4.460469367041661,4.402703485690086,4.407026143585812,4.617007951388725,4.521692630728633,0.09531532066009252,0.0724858722640071,0.022829448396085417,4.526999999999999,4.825469428920188,4.22853057107981
2023-05-11,4.61,4.61,4.54,4.56,38334500,4.464372529118458,4.405818268151669,4.408548271510331,4.608237497328921,4.5245302136376235,0.08370728369129754,0.07473015454946519,0.008977129141832352,4.5395,4.821029749760028,4.257970250239973
2023-05-12,4.54,4.56,4.44,4.45,55682282,4.463808900525578,4.406693153930843,4.40896072652018,4.583893266970626,4.519009457071874,0.06488380989875164,0.07276088561932248,-0.007877075720570836,4.545,4.814777686252854,4.275222313747146
2023-05-15,4.42,4.58,4.39,4.56,50155165,4.467581100504967,4.409728933060925,4.410463604863263,4.580217379744376,4.522045793585068,0.05817158615930751,0.06984302572731949,-0.011671439568011976,4.556,4.808855690068353,4.303144309931647
2023-05-16,4.58,4.62,4.54,4.6,52372290,4.472773998524381,4.413496676960708,4.41234953914323,4.583260859783702,4.527820179245434,0.05544068053826834,0.06696255668950926,-0.011521876151240923,4.5634999999999994,4.812198612782505,4.314801387217494
2023-05-17,4.62,4.62,4.48,4.48,24497180,4.473057371131268,4.414813574446635,4.413022678057228,4.567374573663133,4.524277943745772,0.043096629917361184,0.06218937133507965,-0.019092741417718467,4.562,4.812327785113725,4.311672214886276
2023-05-18,4.56,4.61,4.51,4.57,26274168,4.47685904285161,4.417886572972444,4.414584641459643,4.567778485407267,4.527664762727566,0.040113722679700814,0.05777424160400389,-0.01766051892430308,4.5665,4.813989393712019,4.31901060628798
2023-05-19,4.57,4.57,4.49,4.51,30468559,4.478158688229978,4.419710601230415,4.415534048012284,4.558889487652303,4.526356261784784,0.03253322586751928,0.052726038456706974,-0.020192812589187696,4.568,4.813731560854406,4.322268439145593
2023-05-22,4.51,4.57,4.5,4.51,18926965,4.479407367122921,4.421498510116941,4.416474007733555,4.551368028013488,4.525144686837763,0.02622334117572489,0.04742549900051056,-0.02120215782478567,4.57,4.813146046646748,4.326853953353252
2023-05-23,4.56,4.59,4.41,4.42,24756668,4.477077666451434,4.421468836649279,4.416509092233719,4.531157562165259,4.517356191516447,0.013801370648812039,0.04070067333017086,-0.026899302681358823,4.5695,4.813833788084953,4.325166211915047
2023-05-24,4.41,4.47,4.41,4.42,33868336,4.474839326590594,4.421439750775035,4.416543827634379,4.514056398755219,4.510144621774487,0.0039117769807317515,0.03334289406028304,-0.02943111707955129,4.5634999999999994,4.816187554105743,4.310812445894256
2023-05-25,4.37,4.41,4.33,4.34,39624137,4.469551509861551,4.419827082442857,4.415782197508664,4.487278491254416,4.497541316457859,-0.010262825203443349,0.024621750207537763,-0.03488457541098111,4.5565,4.825295461271098,4.287704538728901
2023-05-29,4.35,4.45,4.35,4.4,28351000,4.466823999670902,4.419434466948939,4.415625160717533,4.473851031061429,4.490316033757277,-0.016465002695848163,0.016404399626860577,-0.03286940232270874,4.554,4.827598245608306,4.280401754391694
2023-05-30,4.4,4.45,4.36,4.39,34747719,4.463811293801455,4.4188516062172765,4.415370183993975,4.460950872436594,4.482885216441923,-0.02193434400532901,0.008736650900422662,-0.03067099490575167,4.548,4.830318968544345,4.265681031455655
2023-05-31,4.36,4.38,4.28,4.35,92938500,4.459348105809242,4.41748820807436,4.414719734401995,4.443881507446348,4.473041867075854,-0.029160359629505805,0.001157248794436968,-0.030317608423942773,4.5385,4.8337473539253875,4.2432526460746125
2023-06-01,4.37,4.39,4.31,4.36,31781469,4.455452101659859,4.416349827716452,4.414175259432821,4.43097666014691,4.464668395440606,-0.03369173529369629,-0.005812548023189684,-0.027879187270506606,4.5329999999999995,4.8371118215392865,4.228888178460712
2023-06-02,4.41,4.48,4.39,4.43,52651348,4.454453980026139,4.41662012815771,4.414332719537968,4.430826404739693,4.46210036614871,-0.03127396140901695,-0.010904830700355138,-0.02036913070866181,4.517999999999999,4.81116207121649,4.224837928783508
2023-06-05,4.48,4.51,4.41,4.48,35100047,4.455455784730997,4.417875175124884,4.4149861253137095,4.438391573241279,4.463426264952509,-0.025034691711230295,-0.013730802902530169,-0.011303888808700126,4.5035,4.773112685161405,4.2338873148385945
2023-06-06,4.48,4.56,4.46,4.5,26710379,4.457202616702331,4.4195014092808265,4.415832034514568,4.447869792742621,4.466135430511582,-0.018265637768961618,-0.01463776987581646,-0.0036278678931451584,4.4835,4.682625588511229,4.284374411488772
2023-06-07,4.54,4.61,4.52,4.59,47557125,4.462410357223808,4.422877618998037,4.417565049096513,4.4697359784745245,4.475310583807021,-0.0055746053324963185,-0.012825136967152432,0.007250531634656113,4.4755,4.641207573755526,4.309792426244474
2023-06-08,4.62,4.66,4.56,4.64,31820075,4.469374656940522,4.4271770720871855,4.41977833219008,4.495930443324598,4.487509799821316,0.008420643503281866,-0.008575980873065573,0.01699662437634744,4.478,4.651850510496642,4.304149489503358
2023-06-09,4.66,4.75,4.63,4.72,59307184,4.479203101766384,4.432975545907241,4.422765612466796,4.530402682813121,4.504731296130848,0.025671386682272868,-0.0017265073619978852,0.027397894044270753,4.486,4.686838243369989,4.285161756630011
2023-06-12,4.74,4.74,4.62,4.63,162663250,4.485116705618682,4.436877020245711,4.424827646173594,4.5457253469957175,4.5140104593804145,0.031714887615303056,0.004961771633462304,0.026753115981840752,4.494999999999999,4.704523268397433,4.285476731602565
2023-06-13,4.62,4.65,4.57,4.58,22134196,4.488837619123832,4.439711138656687,4.426371649694255,4.550998370534838,4.518898573500384,0.03209979703445409,0.010389376713660662,0.021710420320793428,4.4959999999999996,4.706940749974828,4.285059250025171
2023-06-14,4.58,4.61,4.46,4.48,36074618,4.488491045824858,4.440508937891208,4.426905265120183,4.540075544298709,4.5160171976855406,0.024058346613168524,0.013123170693562235,0.010935175919606289,4.49,4.695523721258504,4.284476278741496
2023-06-15,4.56,4.56,4.44,4.47,21074266,4.487765906772903,4.441092919319104,4.42733406845232,4.529294691329677,4.512608516375501,0.016686174954176458,0.01383577154568508,0.0028504034084913775,4.4895,4.695167206914332,4.283832793085667
2023-06-16,4.46,4.51,4.46,4.46,29918887,4.48667704768377,4.441467316956349,4.427659102597074,4.51863396958665,4.508711589236575,0.009922380350075422,0.01305309330656315,-0.0031307129564877283,4.484,4.686622802270483,4.281377197729517
2023-06-19,4.47,4.48,4.43,4.45,15136813,4.4852387320883285,4.441636280977015,4.427881400083671,4.50807489734255,4.504362582626459,0.0037123147160915693,0.011184937588468833,-0.007472622872377264,4.481,4.6837708065771375,4.278229193422862
2023-06-20,4.42,4.45,4.39,4.4,39620739,4.481896036712316,4.440811800165589,4.427603973217167,4.491447990059081,4.4966320209504245,-0.005184030891343561,0.007911143892506356,-0.013095174783849917,4.4755,4.680777860471954,4.270222139528046
2023-06-21,4.37,4.38,4.33,4.36,41294297,4.4771157999785,4.439211566498944,4.426931296866748,4.471225222357684,4.486511130509652,-0.015285908151968286,0.0032717334836114276,-0.018557641635579714,4.4725,4.682630911576434,4.262369088423566
2023-06-23,4.33,4.34,4.27,4.31,53366231,4.470562239195029,4.436652921617776,4.425767801375536,4.446421341994963,4.473436231953381,-0.027014889958418387,-0.0027855912047945355,-0.02422929875362385,4.4670000000000005,4.687825723139183,4.246174276860818
2023-06-26,4.3,4.3,4.19,4.23,42281000,4.461128425893263,4.4325607845560375,4.423819863053391,4.413125750918815,4.455403918475353,-0.042278167556538016,-0.01068410647514323,-0.031594061081394786,4.4615,4.699514705427927,4.223485294572073
2023-06-27,4.24,4.34,4.22,4.33,45798696,4.455986134681763,4.430529877931165,4.422886332077736,4.400337173854382,4.446114739329031,-0.04577756547464862,-0.01770279827504431,-0.02807476719960431,4.458,4.70152412611473,4.21447587388527
2023-06-28,4.32,4.35,4.31,4.33,17518184,4.451045501949145,4.428539187279062,4.42196208996751,4.389516070184477,4.43751364752688,-0.04799757734240284,-0.023761754088516017,-0.024235823253886825,4.455,4.703233760798049,4.206766239201952
2023-06-29,4.32,4.35,4.25,4.28,16082829,4.444337835206041,4.425597817233933,4.420549531858381,4.37266744400225,4.425845969932297,-0.053178525930047016,-0.02964510845682222,-0.023533417473224797,4.4515,4.707412094282281,4.195587905717719
2023-06-30,4.25,4.31,4.25,4.26,20607821,4.4371089004920785,4.422318652536231,4.4189520240786955,4.355333991078827,4.413561083270645,-0.05822709219181821,-0.03536150520382142,-0.02286558698799679,4.4465,4.713053934504713,4.179946065495288
2023-07-03,4.29,4.34,4.26,4.31,27360715,4.432124237727684,4.42009452080284,4.417867924336619,4.3483595309128535,4.405889891917264,-0.057530361004410224,-0.03979527636393918,-0.017735084640471042,4.440499999999999,4.71359155973765,4.167408440262348
2023-07-04,4.32,4.35,4.27,4.31,29330672,4.427335051934441,4.417914431281991,4.416794611656653,4.342458064618568,4.3987869369604295,-0.05632887234186157,-0.04310199555952366,-0.013226876782337908,4.432,4.71017979797236,4.1538202020276405
2023-07-05,4.39,4.39,4.2,4.21,59042200,4.418812108721326,4.413797313830862,4.414736953829224,4.3220799008310955,4.384802719407805,-0.06272281857670947,-0.04702616016296082,-0.01569665841374865,4.4175,4.709861078120777,4.125138921879224
2023-07-06,4.22,4.3,4.14,4.14,47344415,4.407878300536176,4.408375584844112,4.412003252796097,4.294067608395542,4.366669184636857,-0.0726015762413148,-0.052141243378631616,-0.020460332862683187,4.3950000000000005,4.69979501308247,4.090204986917531
2023-07-07,4.13,4.14,4.04,4.06,47868282,4.394236014240639,4.4014770584115555,4.408500732867778,4.25805720710392,4.34395294873783,-0.08589574163391056,-0.058892143029687406,-0.027003598604223154,4.366,4.682189816407712,4.049810183592287
2023-07-10,4.18,4.2,4.07,4.09,40314500,4.3823051901527705,4.395309195868752,4.405331571346705,4.232202252164855,4.325141619201695,-0.09293936703683947,-0.06570158783111782,-0.02723777920572165,4.3345,4.628062599797629,4.040937400202371
2023-07-11,4.08,4.15,4.08,4.11,40376313,4.371626555244819,4.389659508821845,4.4023929487462405,4.213401905677954,4.309205202964532,-0.09580329728657766,-0.0717219297222098,-0.024081367564367864,4.3085,4.5843459715129855,4.032654028487015
2023-07-12,4.13,4.24,4.12,4.2,38697645,4.364896102097964,4.385903874983788,4.400379088559712,4.211340074035192,4.301115928670863,-0.08977585463567106,-0.07533271470490205,-0.014443139930769011,4.2895,4.539017534453879,4.039982465546122
2023-07-13,4.32,4.32,4.22,4.31,37847540,4.362743313780396,4.384400827954406,4.399479794146182,4.226518524183624,4.301774008028577,-0.07525548384495284,-0.07531726853291221,6.178468795936531e-05,4.281000000000001,4.515085454481782,4.046914545518219
2023-07-14,4.38,4.39,4.3,4.31,43709602,4.360674948534107,4.382927544232536,4.398589447935772,4.239361828155374,4.302383340767201,-0.06302151261182676,-0.07285811734869513,0.00983660473686837,4.273000000000001,4.491091723822667,4.0549082761773345
2023-07-18,4.3,4.3,4.2,4.2,65101012,4.35437397016022,4.379305216623971,4.396613433528452,4.2333061622853165,4.29479938959926,-0.061493227313943244,-0.07058513934174475,0.009091912027801505,4.26,4.462385770250632,4.057614229749367
2023-07-19,4.12,4.19,4.12,4.17,52049840,4.347143618389231,4.37516055886904,4.394358573493343,4.22356675270296,4.285554990369685,-0.0619882376667249,-0.06886575900674079,0.006877521340015888,4.246,4.431946228786556,4.060053771213445
2023-07-20,4.17,4.25,4.17,4.17,19187688,4.340196809824947,4.3710979735449005,4.392126149876494,4.215325713825582,4.276995361453412,-0.06166964762783067,-0.06742653673095877,0.005756889103128104,4.2345,4.4090250698322215,4.059974930167778
2023-07-21,4.15,4.22,4.15,4.22,40094211,4.335483209439655,4.368105934464803,4.390413451867773,4.216044834775492,4.272773482827233,-0.056728648051740826,-0.06528695899511519,0.008558310943374364,4.2275,4.392287742262408,4.0627122577375925
2023-07-24,4.17,4.21,4.11,4.13,19847247,4.32742504436359,4.363390965465499,4.387822273242223,4.202807167886955,4.262197669284475,-0.059390501397520445,-0.06410766747559624,0.004717166078075791,4.218500000000001,4.3839418326782615,4.05305816732174
2023-07-25,4.2,4.35,4.2,4.34,37529958,4.327918179878743,4.362927778030539,4.387346429727375,4.223913757442808,4.267960804893033,-0.04404704745022503,-0.060095543470522,0.016048496020296968,4.223999999999999,4.3977124060046995,4.050287593995299
2023-07-26,4.31,4.33,4.21,4.23,30587622,4.324078251256048,4.360295544802211,4.385780793610685,4.224850102451606,4.265148893419474,-0.04029879096786804,-0.05613619296999121,0.01583740200212317,4.218999999999999,4.385841241903617,4.052158758096382
2023-07-27,4.28,4.31,4.23,4.3,38059536,4.323134006108752,4.359101573618009,4.3849272533757535,4.2364116251513595,4.2677304568698835,-0.03131883171852401,-0.05117272071969777,0.019853889001173762,4.217499999999999,4.3808248297104315,4.054175170289567
2023-07-28,4.28,4.47,4.24,4.47,50645102,4.328893456849585,4.3612975820612165,4.385773748367039,4.272348298204997,4.282713385990633,-0.01036508778563583,-0.043011194132885386,0.03264610634724956,4.226999999999999,4.422662975547091,4.031337024452908
2023-07-31,4.49,4.53,4.45,4.49,44215321,4.335211360502542,4.363846144792677,4.386810825497715,4.305833175404228,4.298067949991326,0.0077652254129016995,-0.03285591022372797,0.04062113563662967,4.2385,4.465151715193029,4.011848284806971
2023-08-01,4.49,4.5,4.34,4.35,29070000,4.335791307149501,4.363571963707673,4.386444548627091,4.312628071495885,4.301914768510487,0.010713302985397632,-0.024142067581902852,0.03485537056730048,4.2405,4.47032384558601,4.01067615441399
2023-08-02,4.35,4.35,4.09,4.12,99261125,4.327328902947559,4.358748756505541,4.383793359088513,4.2829929835734415,4.288439600472673,-0.005446616899231316,-0.020402977445368543,0.014956360546137228,4.231,4.4642295007067965,3.997770499293203
2023-08-03,4.12,4.17,4.06,4.1,84214750,4.318414044008439,4.353625018752957,4.38096954457022,4.254840216869836,4.274481111548771,-0.01964089467893526,-0.02025056089208189,0.0006096662131466271,4.225499999999999,4.465539580069499,3.9854604199304995
2023-08-04,4.16,4.3,4.16,4.2,43805950,4.313770356008109,4.35058293917369,4.379168852584447,4.246403260428322,4.268963992174788,-0.022560731746465557,-0.020712595062958625,-0.0018481366835069318,4.2284999999999995,4.465672932688243,3.9913270673117567
2023-08-07,4.17,4.2,4.12,4.12,23051012,4.306171518517595,4.346016940378171,4.376590058031368,4.226956604977811,4.257929622384062,-0.030973017406251024,-0.022764679531617107,-0.008208337874633917,4.2315000000000005,4.461480433950243,4.001519566049758
2023-08-08,4.12,4.13,4.04,4.06,51438040,4.29651773347769,4.340353238588505,4.3734399082002104,4.201270973442764,4.243268168874132,-0.04199719543136826,-0.02661118271156734,-0.015386012719800921,4.2299999999999995,4.464008546852336,3.995991453147664
2023-08-09,4.04,4.07,4.03,4.04,39325899,4.28645821451778,4.334405649705564,4.370122098168368,4.176460054451569,4.228211267476048,-0.05175121302447927,-0.03163918877414973,-0.02011202425032954,4.2265,4.469504115191372,3.9834958848086273
2023-08-10,4.03,4.05,4.0,4.05,36110864,4.2771853433602205,4.32877385466189,4.366936803659231,4.15700466145902,4.215010432848193,-0.05800577138917351,-0.03691250529715449,-0.021093266092019024,4.218999999999999,4.473786184868688,3.9642138151313104
2023-08-11,4.05,4.05,3.97,4.0,34789461,4.266315329895114,4.322263481302248,4.363285691185009,4.132850098157633,4.199083734118697,-0.06623363596106469,-0.04277673142993653,-0.023456904531128156,4.2035,4.4716249708623605,3.93537502913764
2023-08-14,3.99,3.99,3.84,3.88,90972750,4.251165709114914,4.313505788603194,4.358476878337398,4.093950083056458,4.175447901961757,-0.08149781890529884,-0.050520948925008996,-0.03097686998028984,4.1819999999999995,4.479832167503681,3.8841678324963174
2023-08-15,3.86,3.89,3.83,3.86,36878333,4.235825877384917,4.304525475957586,4.353516909398718,4.057957762586234,4.15208139070533,-0.09412362811909603,-0.0592414847638264,-0.034882143355269624,4.165000000000001,4.49396808355818,3.8360319164418217
2023-08-16,3.86,3.86,3.72,3.75,71030000,4.216773882193352,4.293544773463376,4.347511766021617,4.010579645265275,4.122297583986417,-0.11171793872114222,-0.06973677555528957,-0.04198116316585265,4.144,4.519361159418421,3.7686388405815796
2023-08-17,3.66,3.77,3.66,3.75,67912563,4.198469024068123,4.282781510622517,4.341566375314934,3.9704904690706173,4.094719985172609,-0.12422951610199151,-0.08063532366462996,-0.043594192437361554,4.123,4.535363916947083,3.7106360830529175
2023-08-18,3.74,3.85,3.71,3.74,57177418,4.180489846653686,4.272033361897318,4.335580640237174,3.935030396905907,4.068444430715378,-0.13341403380947137,-0.09119106569359824,-0.04222296811587313,4.099,4.54080991387693,3.6571900861230704
2023-08-21,3.77,3.77,3.65,3.66,38758860,4.160078480118248,4.259913889384499,4.328858444811928,3.892718028151152,4.038189287699424,-0.14547125954827234,-0.10204710446453305,-0.043424155083739285,4.0755,4.556477130433391,3.594522869566608
2023-08-22,3.64,3.75,3.64,3.72,43308918,4.142820500505768,4.249222525238272,4.322800151828726,3.8661460238202054,4.0146197108328,-0.1484736870125949,-0.11133242097414542,-0.03714126603844947,4.0445,4.533150181622743,3.5558498183772578
2023-08-23,3.73,3.75,3.68,3.72,33369250,4.126239304407503,4.238742871273158,4.316802140367744,3.8436620201555587,3.9927960285488893,-0.14913400839333057,-0.11889273845798246,-0.03024126993534812,4.019,4.519355873354095,3.5186441266459054
2023-08-24,3.71,3.75,3.7,3.74,18331286,4.111092665018973,4.228866774812303,4.311062815587966,3.8277140170547033,3.9740703968045272,-0.14635637974982396,-0.12438546671635076,-0.021970913033473205,3.9910000000000005,4.487986921357031,3.4940130786429706
2023-08-25,3.66,3.77,3.65,3.72,40238043,4.095755697763328,4.21879020501404,4.305181593542315,3.811142629815518,3.9552503674115993,-0.1441077375960811,-0.12832992089229683,-0.015777816703784253,3.9535000000000005,4.411944107825522,3.495055892174479
2023-08-28,3.76,3.82,3.74,3.74,39993000,4.0818044939294715,4.209309210855346,4.299557896094132,3.8001976098439,3.9393058957514806,-0.1391082859075805,-0.13048559389535358,-0.008622692012226929,3.9159999999999995,4.311089863195624,3.5209101368043747
2023-08-29,3.76,3.8,3.71,3.77,62967879,4.0695768667165515,4.20061001856118,4.294288663297176,3.7955518237140695,3.926764718288408,-0.13121289457433827,-0.13063105403115052,-0.0005818405431877449,3.8869999999999996,4.23243306153282,3.541566938467179
2023-08-30,3.8,3.82,3.74,3.74,46497098,4.056652283708059,4.191489028094622,4.2887733532146175,3.7870053892965205,3.912930294711489,-0.12592490541496826,-0.1296898243079141,0.0037649188929458344,3.868,4.201682483807492,3.534317516192508
2023-08-31,3.74,3.74,3.6,3.63,88744313,4.039920821601861,4.1803704334788865,4.282218394476164,3.7628507140201326,3.8919724951032304,-0.1291217810830978,-0.12957621566295086,0.000454434579853058,3.8445,4.175708393613352,3.5132916063866486
2023-09-04,3.66,3.88,3.66,3.81,119691440,4.030904318793945,4.173036365489205,4.277519703983865,3.7701044503247276,3.8859004584289174,-0.11579600810418977,-0.12682017415119864,0.011024166047008871,3.825,4.113340076992319,3.536659923007681
2023-09-05,3.8,3.81,3.69,3.7,31797477,4.017927678841241,4.163669308746845,4.271773239267608,3.7593191502747696,3.8721300541008494,-0.11281090382607983,-0.12401832008617489,0.011207416260095054,3.804,4.063028955910215,3.5449710440897846
2023-09-06,3.67,3.74,3.65,3.7,55082993,4.00545992672982,4.15448773827661,4.266083953304746,3.7501931271555744,3.8593796797230087,-0.10918655256743426,-0.12105196658242677,0.011865414014992512,3.7860000000000005,4.020213577744622,3.5517864222553786
2023-09-07,3.7,3.73,3.65,3.68,20518657,3.992696792348259,4.145091941479054,4.260252272177336,3.7393941845162555,3.846092296039823,-0.10669811152356745,-0.11818119557065491,0.011483084047087463,3.768,3.975132807637843,3.5608671923621564
2023-09-11,3.64,3.69,3.64,3.66,42978704,3.979649859314994,4.135486160459666,4.254279612752686,3.7271796945906774,3.8323076815183548,-0.10512798692767733,-0.11557055384205941,0.010442566914382084,3.7485,3.915266303550614,3.581733696449386
2023-09-12,3.66,3.66,3.62,3.63,27326688,3.965938100126171,4.12547653351987,4.248067875312361,3.7122289723459576,3.8173219273318097,-0.10509295498585214,-0.11347503407081797,0.008382079084965827,3.7300000000000004,3.858840987267001,3.601159012733
2023-09-13,3.63,3.65,3.59,3.61,37813829,3.951979743258478,4.115269077410566,4.241718941229651,3.696501438138887,3.8019647475294533,-0.10546330939056636,-0.11187268913476765,0.006409379744201291,3.7165,3.8358775523284643,3.5971224476715356
2023-09-14,3.61,3.68,3.61,3.66,20323426,3.940529557248342,4.1062538481549105,4.2359306930582115,3.690885832271366,3.7914488403050495,-0.10056300803368368,-0.10961075291455087,0.009047744880867195,3.7064999999999997,3.808338106816334,3.6046618931836654
2023-09-15,3.68,3.72,3.65,3.69,46000540,3.930704868728799,4.098011197696397,4.230498546858628,3.6907495503834635,3.7839341113935645,-0.09318456101010097,-0.1063255145336609,0.013140953523559928,3.7034999999999996,3.803554984882988,3.603445015117011
2023-09-18,3.69,3.7,3.62,3.68,35835000,3.9208733052492386,4.089733748237062,4.2250209493774475,3.689095773401392,3.7762352883273747,-0.08713951492598282,-0.10248831461212529,0.015348799686142472,3.7,3.798183501668738,3.6018164983312624
2023-09-19,3.68,3.72,3.65,3.69,55010606,3.9118194501414254,4.0818182284699915,4.219697357841354,3.689234885185793,3.7698474891920135,-0.0806126040062205,-0.09811317249094434,0.01750056848472384,3.6975000000000002,3.794014247652536,3.6009857523474644
2023-09-20,3.7,3.75,3.69,3.72,60448801,3.9042971187633304,4.074653511074546,4.214725244828007,3.693967979772594,3.7661550825851977,-0.07218710281260377,-0.09292795855527623,0.020740855742672468,3.7005000000000003,3.7958886785731676,3.605111321426833
2023-09-21,3.72,3.79,3.71,3.74,76275625,3.8978540944981015,4.06802670887505,4.210001610551111,3.701049829038349,3.7642176690603684,-0.06316784002201947,-0.08697593484862488,0.02380809482660541,3.7015000000000002,3.7980971014054514,3.604902898594549
2023-09-22,3.72,3.79,3.71,3.78,59598950,3.8932323653020977,4.0623232096894055,4.205722987560553,3.713196009186295,3.765386730611452,-0.052190721425156905,-0.0800188921639313,0.027828170738774388,3.7045000000000003,3.8067692524659056,3.602230747534095
2023-09-25,3.75,3.76,3.72,3.73,33157348,3.8868310960745647,4.055742552071793,4.200989425495274,3.7157812385422497,3.7627654913069,-0.046984252764650236,-0.07341196428407508,0.026427711519424843,3.7039999999999997,3.805666120216791,3.6023338797832083
2023-09-26,3.73,3.73,3.65,3.68,50664301,3.878720072699092,4.048302105496114,4.195805451112237,3.710276432612673,3.756634714173056,-0.046358281560382686,-0.0680012277393366,0.021642946178953917,3.7019999999999995,3.803901913622537,3.600098086377462
2023-09-27,3.67,3.72,3.63,3.67,49733547,3.8705349718089317,4.04081097469421,4.190573556076295,3.70408005836457,3.7502173279380147,-0.04613726957344477,-0.06362843610615825,0.017491166532713473,3.6985,3.7997472221837962,3.597252777816204
2023-09-28,3.66,3.69,3.62,3.63,44884360,3.861102227816425,4.032676103908186,4.184995709747178,3.692683126308482,3.7413123406833466,-0.04862921437486456,-0.060628591759899514,0.011999377385034954,3.6915000000000004,3.791354894721966,3.591645105278035
2023-09-29,3.65,3.74,3.65,3.72,29036000,3.855568807117742,4.026484497890202,4.18036888676462,3.6968857222610234,3.7397336487808763,-0.04284792651985292,-0.0570724587118902,0.01422453219203728,3.6905,3.788780211639652,3.592219788360348
2023-10-03,3.71,3.71,3.56,3.59,38392700,3.8451543440935168,4.017841240506237,4.17449456948338,3.6804417649900967,3.7286422673897004,-0.04820050239960372,-0.0552980674494329,0.007097565049829183,3.6885000000000003,3.7930514227542353,3.5839485772457653
2023-10-04,3.59,3.59,3.54,3.57,26676708,3.834363977658477,4.008973097129876,4.168479698145236,3.6634507242223897,3.716890988323797,-0.05344026410140712,-0.054926506779827744,0.001486242678420624,3.6765,3.777549492823737,3.575450507176263
2023-10-05,3.57,3.6,3.56,3.59,23295122,3.824781076573831,4.000676600157007,4.162723681248269,3.6521506128035606,3.7074916558553674,-0.05534104305180687,-0.055009414034223575,-0.0003316290175832959,3.6710000000000003,3.7781260939264305,3.56387390607357
2023-10-06,3.6,3.66,3.6,3.61,15716000,3.8163582892572103,3.9929404298568683,4.157223943126396,3.645665903141474,3.7002700517179328,-0.05460414857645857,-0.054928360942670576,0.00032421236621200944,3.6665,3.7759120651479274,3.5570879348520728
2023-10-09,3.61,3.61,3.57,3.59,16126950,3.807481493600065,3.984961411443861,4.151579923791805,3.6371019180427857,3.6921018997388266,-0.05499998169604092,-0.05494268509334465,-5.729660269627318e-05,3.6620000000000004,3.776122740941209,3.547877259058792
2023-10-10,3.6,3.65,3.59,3.62,31073266,3.8001292781647686,3.9777344528014082,4.146290571316265,3.6344708537285113,3.686761018276691,-0.052290164548179696,-0.054412180984311664,0.0021220164361319682,3.66,3.7755854662141144,3.544414533785886
2023-10-11,3.63,3.67,3.6,3.63,36088317,3.7934575417661502,3.9708486220528654,4.1411533517011785,3.633783030077971,3.6825564984043435,-0.04877346832637253,-0.05328443845272384,0.004510970126351314,3.6599999999999993,3.7755854662141135,3.544414533785885
2023-10-12,3.74,3.78,3.7,3.76,77059813,3.7921454813047326,3.966673401814195,4.1373607810374855,3.6532010254505907,3.6882930540780956,-0.035092028627504934,-0.04964595648768007,0.014553927860175134,3.6674999999999995,3.788475204070645,3.546524795929354
2023-10-13,3.73,3.75,3.71,3.74,53953688,3.790100560469253,3.9621848196000524,4.133406942420197,3.6665547138428076,3.6921231982204588,-0.025568484377651135,-0.04483046206567428,0.019261977688023145,3.6715000000000004,3.796443987450115,3.546556012549886
2023-10-16,3.72,3.73,3.61,3.64,37892856,3.7842142639802625,3.95580492218223,4.128497420605071,3.6624693732516063,3.6882622205744986,-0.02579284732289233,-0.04102293911711789,0.015230091794225561,3.6689999999999996,3.7943634715534564,3.5436365284465428
2023-10-17,3.66,3.72,3.65,3.7,42374602,3.780911743824174,3.950739478178621,4.124233764678653,3.6682433158282826,3.6891316857171286,-0.020888369888846015,-0.03699602527146352,0.016107655382617506,3.6699999999999995,3.796015872015926,3.543984127984073
2023-10-18,3.71,3.73,3.69,3.72,28546821,3.778523047987932,3.9461703796008267,4.120211538164438,3.6762058826239317,3.69141822751586,-0.015212344891928353,-0.03263928919555649,0.017426944303628136,3.6714999999999995,3.7991362017608417,3.5438637982391574
2023-10-19,3.67,3.67,3.59,3.59,31446000,3.771129987282523,3.9391175007968497,4.1149358014662845,3.662943439143327,3.683905766218389,-0.02096232707506207,-0.03030389677145761,0.00934156969639554,3.665,3.795307329033843,3.534692670966157
2023-10-20,3.57,3.64,3.52,3.53,49491000,3.7616739093498754,3.9310161641474073,4.1091155447352765,3.6424906023520456,3.672505339091101,-0.030014736739055525,-0.030246064764977192,0.00023132802592166699,3.6545,3.792554337128299,3.516445662871701
2023-10-24,3.51,3.56,3.49,3.51,40109024,3.7518043442773314,3.922679210401914,4.103154196031443,3.622107432759423,3.660467906565834,-0.038360473806410944,-0.031868946573263945,-0.006491527233146999,3.6410000000000005,3.7801258423152717,3.501874157684729
2023-10-25,3.57,3.59,3.48,3.5,34307532,3.741929664109593,3.914309325047421,4.097152661742572,3.603321673873358,3.6485813949683648,-0.04525972109500653,-0.03454710147761247,-0.010712619617394066,3.6295,3.775167429440948,3.4838325705590525
2023-10-26,3.51,3.57,3.48,3.56,47188348,3.734795167477844,3.907293298808858,4.091807859138169,3.5966568009697646,3.6420198101558934,-0.04536300918612879,-0.03671028301931573,-0.008652726166813056,3.6235,3.770234454031537,3.4767655459684628
2023-10-27,3.59,3.61,3.55,3.57,48620618,3.728332611890478,3.90061422358492,4.086615741136794,3.5925557546667237,3.636685009403605,-0.04412925473688123,-0.03819407736282883,-0.0059351773740524,3.6185,3.7653706914259386,3.4716293085740615
2023-10-30,3.51,3.55,3.28,3.33,204124440,3.7127117251496746,3.8893149320287828,4.079087226299611,3.552162561641074,3.6139676012996342,-0.0618050396585601,-0.042916269821975085,-0.018888769836585016,3.6034999999999995,3.7966087776356443,3.4103912223643547
2023-10-31,3.35,3.36,3.29,3.35,70771875,3.698487735928119,3.8786354284242526,4.071832627032949,3.521060629080909,3.5944144456478093,-0.07335381656690032,-0.04900377917096013,-0.02435003739594019,3.5849999999999995,3.799615936034425,3.370384063965574
2023-11-01,3.35,3.39,3.34,3.38,54961172,3.685998020793683,3.8687614595445643,4.064948720296303,3.499358993837692,3.578531894118342,-0.07917290028064983,-0.05503760339289808,-0.024135296887751748,3.5744999999999996,3.806919878667751,3.342080121332248
2023-11-02,3.38,3.45,3.38,3.43,53827954,3.675958882723343,3.8600731138110085,4.058630822581912,3.488688379401124,3.5675295315910573,-0.07884115218993326,-0.05979831315230512,-0.019042839037628143,3.5675,3.808321510666992,3.3266784893330077
2023-11-03,3.46,3.51,3.43,3.45,58332512,3.6670977500675255,3.8519528541315826,4.05257479449652,3.4827363210317204,3.5588236403620903,-0.07608731933036994,-0.06305611438791808,-0.013031204942451857,3.5604999999999998,3.8063841190478396,3.31461588095216
2023-11-06,3.52,3.52,3.45,3.48,28695946,3.659760583398211,3.844587451079472,4.04687753285974,3.482315348565302,3.5529848521871203,-0.07066950362181856,-0.06457879223469817,-0.00609071138712039,3.554,3.8011760506196586,3.306823949380341
2023-11-07,3.45,3.47,3.39,3.4,46115961,3.649573893853183,3.8357837391769083,4.040440940492977,3.4696514487860246,3.5416526409140006,-0.07200119212797595,-0.06606327221335373,-0.005937919914622225,3.5445,3.799880108857233,3.2891198911427675
2023-11-08,3.41,3.43,3.35,3.39,41823430,3.6393945254667837,3.826956338401128,4.033968891333844,3.4573973797420208,3.530419111957408,-0.07302173221538721,-0.06745496421376043,-0.005566768001626782,3.533,3.7943885995982454,3.2716114004017545
2023-11-09,3.39,3.42,3.35,3.4,37992313,3.6300065048602432,3.81850175744269,4.027660743161368,3.4485670136278634,3.5207584369976,-0.07219142336973672,-0.0684022560449557,-0.0037891673247810176,3.5215000000000005,3.785035576345836,3.257964423654165
2023-11-10,3.4,3.4,3.33,3.34,36499075,3.618633700748077,3.809026475117092,4.020818347707026,3.4318643961466533,3.507368923145926,-0.07550452699927268,-0.0698227102358191,-0.005681816763453584,3.5005,3.7512967304410716,3.2497032695589287
2023-11-13,3.32,3.35,3.28,3.32,44111969,3.6069225752285448,3.799342782540516,4.013845030814419,3.414654489047168,3.493489743653635,-0.07883525460646679,-0.07162521910994864,-0.00721003549651815,3.4795000000000003,3.7165210961073534,3.242478903892647
2023-11-14,3.34,3.35,3.3,3.32,21433661,3.595670709533308,3.7898508462525853,4.006941100159549,3.4000922599629884,3.4806386515311436,-0.08054639156815524,-0.07340945360158996,-0.007136937966565282,3.4635000000000007,3.6982147204585414,3.22878527954146
2023-11-15,3.38,3.46,3.38,3.46,45423235,3.5903502895516097,3.7833191463267917,4.001498900157962,3.409308835353298,3.4791098625288366,-0.06980102717553871,-0.07268776831637971,0.0028867411408410037,3.4515000000000002,3.659660995385617,3.2433390046143833
2023-11-16,3.47,3.47,3.38,3.4,45160102,3.5828855723142916,3.775728668181707,3.9955138364747986,3.407876706837406,3.473249872711886,-0.06537316587448005,-0.07122484782799979,0.005851681953519733,3.4355,3.604079358166801,3.2669206418331993
2023-11-17,3.4,3.4,3.3,3.32,39540473,3.5725763341843195,3.7667043381187026,3.988792305763607,3.3943572134778046,3.461898030288783,-0.06754081681097857,-0.07048804162459554,0.0029472248136169776,3.4219999999999997,3.58194999218484,3.2620500078151595
2023-11-20,3.36,3.4,3.32,3.39,22766012,3.565416477941797,3.759244846274768,3.9828341733679493,3.393686872942758,3.456572250267392,-0.06288537732463428,-0.0689675087646033,0.00608213143996901,3.415,3.567512294586143,3.2624877054138572
2023-11-21,3.4,3.45,3.38,3.4,29413024,3.5589295572381974,3.7521310869425943,3.9770348283593133,3.3946581232592563,3.4523817132105483,-0.05772358995129201,-0.06671872500194104,0.008995135050649028,3.4095,3.5557155942433307,3.2632844057566692
2023-11-22,3.38,3.43,3.38,3.41,14820028,3.5530891824445425,3.74535621393383,3.9713926907636985,3.3970184119886015,3.4492423270468042,-0.052223915058202675,-0.06381976301319336,0.01159584795499069,3.405,3.5452141219704,3.2647858780295995
2023-11-23,3.39,3.47,3.35,3.44,30015000,3.5486543125447567,3.73930955623217,3.9661052013033635,3.4036309639903553,3.4485577102285223,-0.04492674623816706,-0.060041159658188105,0.015114413420021046,3.3989999999999996,3.5212947259693976,3.2767052740306015
2023-11-24,3.45,3.45,3.36,3.38,36983329,3.542040417935158,3.7321945155147014,3.9602733087530817,3.399995431068762,3.443479361322706,-0.043483930253943814,-0.05672971377733925,0.013245783523395435,3.3894999999999995,3.4834095309323287,3.2955904690676703
2023-11-27,3.38,3.38,3.31,3.37,37076399,3.5352937348788775,3.725022346890648,3.9543999424968326,3.3953807493658754,3.438036445669172,-0.042655696303296686,-0.053914910282530745,0.011259213979234059,3.3914999999999997,3.4818935838427154,3.301106416157284
2023-11-28,3.37,3.37,3.32,3.34,23237317,3.52763515704049,3.717398142001724,3.9482865102331823,3.3868606340788174,3.430774486730715,-0.0439138526518974,-0.05191469875640408,0.00800084610450668,3.3909999999999996,3.482411159055829,3.2995888409441703
2023-11-29,3.38,3.38,3.22,3.24,51023204,3.516355346960471,3.7079447134472345,3.9412388832656884,3.364266690374384,3.416643043269181,-0.052376352894796696,-0.052007029584082605,-0.00036932331071409114,3.3839999999999995,3.4966765281677152,3.2713234718322837
2023-11-30,3.25,3.28,3.23,3.26,66454313,3.506302196099276,3.699074521101745,3.934460386914786,3.3482256610860173,3.405039854878871,-0.056814193792853906,-0.05296846242583687,-0.00384573136701704,3.3755,3.4982151172428644,3.252784882757136
2023-12-01,3.28,3.33,3.25,3.26,36828438,3.4966432864483243,3.690379976129433,3.927749338288768,3.3346524824573995,3.394296161924881,-0.05964367946748128,-0.05430350583416575,-0.005340173633315529,3.3660000000000005,3.4934990196037994,3.2385009803962017
2023-12-04,3.28,3.32,3.25,3.26,34553313,3.487363157567998,3.6818576003644936,3.9211050662659943,3.3231674851562607,3.3843482980785935,-0.061180812922332795,-0.05567896725179917,-0.005501845670533627,3.3549999999999995,3.47917729260992,3.2308227073900793
2023-12-05,3.29,3.29,3.22,3.23,41304446,3.4772704847221942,3.6729099251097512,3.9142283989399647,3.3088340259014513,3.372915090813512,-0.06408106491206089,-0.05735938678385152,-0.0067216781282093754,3.3465,3.48010763451214,3.2128923654878596
2023-12-06,3.24,3.3,3.21,3.29,37836305,3.4699265441448532,3.665327550355103,3.908017171089816,3.305936483455074,3.3667732322347335,-0.06083674877965928,-0.05805485918301308,-0.0027818895966462004,3.3415,3.475705066968165,3.207294933031835
2023-12-07,3.28,3.34,3.26,3.32,51604704,3.4640470718254477,3.6584893810411403,3.9021662539645448,3.3081001013850626,3.363308548365494,-0.05520844698043126,-0.05748557674249672,0.002277129762065462,3.3375,3.469238377096158,3.2057616229038417
2023-12-08,3.34,3.41,3.31,3.35,40012649,3.4595746376362144,3.6523806804264645,3.896672062382808,3.3145462396335144,3.36232272996805,-0.04777649033453546,-0.05554375946090447,0.007767269126369013,3.3379999999999996,3.469848397790529,3.2061516022094705
2023-12-11,3.35,3.35,3.24,3.28,54802446,3.4525324949838136,3.6450068055665343,3.8905360219610885,3.3092314335360506,3.3562247499704165,-0.046993316434365884,-0.05383367085559676,0.0068403544212308764,3.336,3.470074606096492,3.2019253939035077
2023-12-12,3.28,3.41,3.26,3.4,44196344,3.4504723971413114,3.6401551856543257,3.88565506651869,3.323195828376658,3.3594673610837194,-0.036271532707061294,-0.05032124322588967,0.014049710518828376,3.34,3.4766747965059013,3.2033252034940984
2023-12-13,3.4,3.42,3.29,3.31,37671282,3.4449636756847895,3.633617459205725,3.8799271554090513,3.3211657009340954,3.355803112114555,-0.03463741118045949,-0.04718447681680364,0.012547065636344154,3.3325000000000005,3.458018922875914,3.206981077124087
2023-12-14,3.31,3.36,3.29,3.34,20891649,3.4408474531089155,3.6278032520927406,3.8745547459024934,3.3240632854057726,3.35463251121718,-0.03056922581140764,-0.043861426615724446,0.013292200804316805,3.3294999999999995,3.451233315078204,3.2077666849217947
2023-12-15,3.36,3.47,3.36,3.43,97681750,3.440422062790919,3.6238863560116963,3.870131315595006,3.340361241497192,3.360215288164056,-0.019854046666863745,-0.03905995062595231,0.019205903959088562,3.335,3.4642284798329284,3.2057715201670716
2023-12-18,3.41,3.43,3.38,3.41,29249571,3.439229040720687,3.619650982625326,3.8655528945443094,3.3510748966514705,3.363903044596348,-0.012828147944877522,-0.033813590089737354,0.020985442144859832,3.336,3.4672097557345856,3.204790244265414
2023-12-19,3.41,3.41,3.37,3.37,10901731,3.4365141763786995,3.614707398810963,3.8606220199717294,3.3539864510127826,3.3643546709225443,-0.010368219909761667,-0.029124516053742215,0.01875629614398055,3.3345,3.4634147004803157,3.205585299519684
2023-12-20,3.38,3.42,3.35,3.36,20655879,3.4335136204422803,3.6096636879434194,3.85564070634017,3.3549116123954317,3.364032102706059,-0.00912049031062745,-0.02512371090511926,0.016003220594491812,3.332,3.4568358922743356,3.207164107725664
2023-12-21,3.39,3.43,3.33,3.43,19534083,3.4333758314053284,3.6061059911524604,3.8514054754313127,3.366463672026904,3.3689186136167213,-0.0024549415898174054,-0.02058995704205889,0.018135015452241485,3.3314999999999997,3.454670613378068,3.2083293866219313
2023-12-22,3.42,3.46,3.41,3.41,27882286,3.4324591321345315,3.6022227041989465,3.847013381148414,3.3731615686381495,3.371961679274742,0.0011998893634075358,-0.016231987760965606,0.017431877124373142,3.3329999999999997,3.4591903324344995,3.2068096675655
2023-12-27,3.43,3.44,3.37,3.42,43455711,3.4319705387174912,3.5986143338187695,3.8427644917837536,3.380367481155357,3.375520073402539,0.004847407752818,-0.012016108658208886,0.016863516411026888,3.3355000000000006,3.466416003605097,3.2045839963949043
2023-12-28,3.41,3.51,3.41,3.5,25226110,3.43463836072857,3.596661574733249,3.8393538998257064,3.3987724840545326,3.3847408087060544,0.014031675348478156,-0.0068065518568714775,0.020838227205349634,3.3435,3.4928017079605245,3.194198292039476
2023-12-29,3.5,3.52,3.48,3.5,16403446,3.4372015622686263,3.594747484144472,3.835977244106048,3.414345948046143,3.39327852657968,0.02106742146646301,-0.0012317571922045804,0.02229917865866759,3.3564999999999996,3.512612139181839,3.2003878608181604
2024-01-02,3.5,3.52,3.43,3.43,14438305,3.436919148062014,3.5914851577257694,3.8319376695378287,3.4167542637313515,3.395998635721926,0.020755628009425653,0.0031657198481214663,0.017589908161304187,3.3649999999999998,3.517643375224508,3.2123566247754916
2024-01-03,3.43,3.44,3.4,3.43,13400110,3.436647808922327,3.5882874318302096,3.8279382897414322,3.4187920693111433,3.3985172552980796,0.020274814013063747,0.006587538681109922,0.013687275331953824,3.3735,3.5206427877944755,3.2263572122055244
2024-01-04,3.44,3.49,3.41,3.43,37340000,3.436387110533216,3.5851530272395125,3.823978704768881,3.4205163663401983,3.4008493104611848,0.019667055879013517,0.00920344212069064,0.010463613758322877,3.382,3.5213700111212245,3.2426299888787757
2024-01-05,3.43,3.53,3.38,3.49,45768555,3.4384895767868153,3.583268808878334,3.820655533577151,3.431206156134014,3.4074530652418376,0.023753090892176587,0.01211337187498783,0.011639719017188757,3.3950000000000005,3.523296531519486,3.266703468480515
2024-01-08,3.49,3.5,3.4,3.42,30033922,3.4377644953441955,3.580035763157971,3.8166689113525027,3.429482132113397,3.408382467816516,0.021099664296880594,0.013910630359366384,0.0071890339375142095,3.4015,3.520709898917541,3.282290101082459
2024-01-09,3.43,3.43,3.34,3.34,53866797,3.4339305935659916,3.5752825797291004,3.811925937110189,3.4157156502497976,3.4033170998301077,0.012398550419689958,0.0136082143714311,-0.0012096639517411422,3.4025,3.5192690027358733,3.2857309972641264
2024-01-10,3.32,3.36,3.28,3.29,36713821,3.428286256563404,3.5696334197344646,3.8067326442036205,3.396374780980598,3.394923240583433,0.0014515403971651075,0.011176879576577902,-0.009725339179412795,3.3995000000000006,3.52431586437601,3.2746841356239913
2024-01-11,3.28,3.36,3.25,3.31,34044227,3.4236475798354276,3.5644921638981386,3.8017900308284602,3.3830863531374296,3.3886326301698455,-0.005546277032415947,0.007832248254779134,-0.01337852528719508,3.4010000000000007,3.520649488088878,3.2813505119111235
2024-01-12,3.3,3.35,3.29,3.31,19796731,3.419190811998744,3.5594527151080766,3.7968965976858886,3.3718422988085943,3.382807990898005,-0.010965692089410783,0.00407266018594115,-0.015038352275351934,3.3964999999999996,3.5225595097560283,3.270440490243971
2024-01-15,3.34,3.35,3.29,3.3,20463454,3.4145166625085976,3.554315037581184,3.791952352932795,3.360789637453426,3.3766740656463012,-0.015884428192875166,8.124251017788695e-05,-0.015965670703053055,3.396,3.5234990196038005,3.2685009803961993
2024-01-16,3.28,3.34,3.26,3.27,34717860,3.4088493424102215,3.5486850368370018,3.78675879718222,3.3468220009221294,3.3687722830058346,-0.021950282083705197,-0.0043250624085987305,-0.017625219675106468,3.3925000000000005,3.529448895577622,3.255551104422379
2024-01-17,3.24,3.24,3.14,3.17,95210750,3.3994827015313898,3.541186323236269,3.780621893727671,3.319618616164879,3.354048410190588,-0.034429794025709004,-0.010346008732020786,-0.024083785293688216,3.3795,3.545930165534768,3.2130698344652324
2024-01-18,3.17,3.22,3.15,3.21,45155204,3.3920520073536884,3.5346281782216895,3.774944063939336,3.3027542136779746,3.3433781575838775,-0.04062394390590285,-0.0164015957667972,-0.02422234813910565,3.3695,3.550770516080057,3.188229483919943
2024-01-19,3.2,3.22,3.17,3.21,63566680,3.3849127129476617,3.5281998974648245,3.7693227299697907,3.288484334650594,3.3334982940591456,-0.045013959408551685,-0.0221240684951481,-0.022889890913403585,3.3615000000000004,3.5556417008268193,3.1673582991731815
2024-01-22,3.21,3.25,3.14,3.16,50509032,3.3760926065575574,3.520908810386313,3.7632598172337732,3.268717513935118,3.320646568573283,-0.051929054638164995,-0.02808506572375148,-0.023843988914413514,3.3515,3.5645985687420967,3.1384014312579036
2024-01-23,3.17,3.32,3.17,3.3,78791750,3.373108582770987,3.516534378497475,3.7586502668135364,3.2735302040989462,3.3191171931234105,-0.04558698902446423,-0.03158545038389403,-0.014001538640570202,3.345,3.5560450188939083,3.133954981106092
2024-01-24,3.33,3.48,3.32,3.44,49502504,3.375731775603497,3.5150188462500003,3.7554796173925062,3.2991409419298776,3.328071475114269,-0.028930533184391205,-0.031054466943993466,0.002123933759602261,3.3465000000000003,3.559786192708131,3.1332138072918694
2024-01-25,3.45,3.58,3.43,3.56,58297641,3.3829579804817915,3.515909562165842,3.7535345465726806,3.3392731047098962,3.3452513658465453,-0.00597826113664901,-0.026039225782524576,0.020060964645875565,3.3535000000000004,3.5844350558055886,3.122564944194412
2024-01-26,3.56,3.59,3.49,3.52,48748633,3.388332177325643,3.5159905609348354,3.751210819741112,3.367077242446835,3.3581957091171715,0.008881533329663682,-0.019055073960086925,0.027936607289750608,3.3545000000000003,3.5881214887375092,3.1208785112624913
2024-01-29,3.52,3.62,3.52,3.59,51972915,3.396240719391304,3.51745609438167,3.7496067319824937,3.401373051301168,3.375366397330714,0.026006653970453986,-0.010042728373978745,0.03604938234443273,3.3590000000000004,3.606701433181018,3.111298566818983
2024-01-30,3.57,3.57,3.5,3.52,46797200,3.4010940245132137,3.51750646875035,3.7473220878831657,3.419623351100989,3.386079997528439,0.03354335357254978,-0.0013255119846730381,0.03486886555722282,3.3634999999999997,3.619333930509481,3.1076660694905183
2024-01-31,3.51,3.57,3.49,3.52,38588020,3.4057570039440686,3.517555845606779,3.745060176560945,3.4350659124700673,3.3959999977115176,0.0390659147585497,0.006752773363971509,0.03231314139457819,3.368,3.631408428111042,3.1045915718889576
2024-02-01,3.52,3.59,3.49,3.54,45484391,3.411021435161948,3.518000284307635,3.7430197767941698,3.451209618243903,3.4066666645477017,0.044542953696201426,0.014310809430417494,0.030232144265783932,3.3735,3.646283797172651,3.100716202827349
2024-02-02,3.55,3.59,3.52,3.54,47543524,3.4160794180967735,3.518435922242137,3.740999679512636,3.4648696769756104,3.416543207914539,0.04832646906107163,0.021113941356548323,0.027212527704523308,3.376,3.6538776709272085,3.0981223290727913
2024-02-05,3.5,3.6,3.5,3.59,46411403,3.4228998330733704,3.519853032692788,3.739497195139376,3.4841204959024394,3.4293918591801287,0.054728636722310764,0.02783688042970081,0.026891756292609953,3.3845,3.677243915393523,3.091756084606477
2024-02-06,3.58,3.75,3.54,3.73,83252625,3.434942976874415,3.5240143587780794,3.739402695685253,3.5219481119174487,3.4516591288704896,0.07028898304695907,0.03632730095315247,0.03396168209380661,3.404,3.732109737740181,3.075890262259819
2024-02-07,3.74,3.75,3.69,3.71,44624965,3.4457295268009087,3.527697242762672,3.7391101315490816,3.5508791716224564,3.470795489694898,0.08008368192755855,0.045078577148033684,0.035005104779524863,3.425,3.7743136126748142,3.0756863873251854
2024-02-08,3.71,3.74,3.67,3.69,35861258,3.45530876104401,3.5309111587475694,3.7386214735237178,3.5722823759882325,3.4870328608286094,0.08524951515962309,0.053112764750351565,0.032136750409271525,3.444,3.8072850120771986,3.0807149879228013
2024-02-09,3.62,3.7,3.62,3.66,8727520,3.463335868454049,3.5334673734258355,3.737839170304577,3.585777395066966,3.4998452415079715,0.08593215355899453,0.059676642512080165,0.026255511046914363,3.4615,3.8309468838682097,3.0920531161317903
2024-02-14,3.6,3.77,3.6,3.74,15390184,3.474185442240165,3.537557128407502,3.7378606710975664,3.6095039496720482,3.5176344828777513,0.09186946679429697,0.06611520736852353,0.025754259425773446,3.4835000000000003,3.86409295842137,3.1029070415786304
2024-02-15,3.74,3.79,3.73,3.77,20340567,3.4857860131327074,3.5421599575479474,3.7381804654150037,3.6341956497225025,3.5363282248868066,0.09786742483569588,0.072465650861958,0.025401773973737884,3.5085,3.895347515178695,3.1216524848213054
2024-02-16,3.75,3.87,3.75,3.86,27539247,3.500461071441229,3.548453819774721,3.7393926000874913,3.6689347805344257,3.560303911932228,0.1086308686021975,0.0796986944100059,0.0289321741921916,3.543,3.925993472529142,3.160006527470858
2024-02-19,3.83,3.83,3.74,3.8,55410020,3.5122076960905924,3.5534349322544294,3.7399956587930885,3.6890986604522062,3.5780591777150264,0.1110394827371799,0.0859668520754407,0.02507263066173919,3.5724999999999993,3.9388809492863,3.2061190507136987
2024-02-20,3.79,3.87,3.77,3.87,33426622,3.526238766832138,3.559703547457312,3.741289234327486,3.716929635767251,3.5996844238102095,0.11724521195704174,0.09222252405176092,0.025022687905280824,3.6055,3.953780059721958,3.257219940278042
2024-02-21,3.83,4.01,3.82,3.97,69964563,3.543641168132839,3.56782822968588,3.743564963339153,3.755863537956905,3.6271152072316757,0.1287483307252293,0.0995276853864546,0.029220645338774692,3.646,3.96477264625424,3.32722735374576
2024-02-22,3.97,4.02,3.94,4.01,39654555,3.5619297497746882,3.5765841063257637,3.7462160582313007,3.7949614551943043,3.655477043733033,0.13948441146127122,0.10751903060141793,0.03196538085985329,3.6814999999999998,3.996350758296579,3.3666492417034206
2024-02-23,3.97,4.06,3.97,3.98,44187622,3.5783246615482303,3.5845725398638675,3.748542266607109,3.8234289236259498,3.67951578123429,0.14391314239165975,0.1147978529594663,0.02911528943219345,3.7085,4.028454684291277,3.388545315708723
2024-02-26,3.97,3.98,3.88,3.92,53363352,3.591723694428692,3.591214667787355,3.7502483137055456,3.8382860122988807,3.697329427068787,0.1409565852300938,0.12002959941359181,0.020926985816501986,3.7264999999999993,4.051478460824606,3.4015215391753917
2024-02-27,3.9,3.95,3.89,3.93,40675848,3.604989431902077,3.5979232882272094,3.7520368876985253,3.8523958565605914,3.714564284322951,0.1378315722376402,0.1235899939784015,0.014241578259238705,3.747,4.0689999999998925,3.4250000000001073
2024-02-28,3.93,3.96,3.85,3.9,44220747,3.61655847378827,3.603905005292017,3.7535091574726693,3.859719570935885,3.7283002632619917,0.1314193076738932,0.12515585671749985,0.006263450956393357,3.7625,4.082617166050075,3.442382833949926
2024-02-29,3.89,3.94,3.88,3.88,42890528,3.6268895140318675,3.609372232909997,3.7547677728212,3.8628396369457487,3.7395372807981406,0.1233023561476081,0.12478515660352149,-0.0014828004559133967,3.7805,4.08410994713601,3.4768900528639897
2024-03-01,3.87,3.93,3.84,3.9,46034868,3.6375997291678726,3.615127238198908,3.7562128696090493,3.8685566158771723,3.7514234081464264,0.11713320773074587,0.12325476682896638,-0.006121559098220514,3.7995000000000005,4.082376298052579,3.5166237019474225
2024-03-04,3.9,3.9,3.85,3.89,28196719,3.6474977790044263,3.6205702631850682,3.75754408483682,3.871855598049915,3.7616883408763204,0.11016725717359455,0.12063726489789202,-0.010470007724297473,3.8169999999999993,4.075774032700212,3.558225967299786
2024-03-05,3.85,3.89,3.81,3.82,42254571,3.654262571984645,3.624519366884374,3.758165536728991,3.8638778137345433,3.76600772303363,0.09787009070091335,0.11608383005849629,-0.018213739357582942,3.8310000000000004,4.056468401333604,3.6055315986663965
2024-03-06,3.81,3.89,3.81,3.88,30644102,3.66311502014211,3.629578389322307,3.759377819945618,3.866358150083075,3.774451595401509,0.09190655468156583,0.1112483749831102,-0.01934182030154437,3.8455,4.042626862705038,3.6483731372949615
2024-03-07,3.88,3.94,3.87,3.89,28121043,3.6720124703326156,3.6347352529000827,3.760677543130239,3.8699953577626016,3.7830107364828787,0.08698462127972295,0.10639562424243276,-0.01941100296270981,3.8534999999999995,4.0441069253724296,3.6628930746275694
2024-03-08,3.89,3.96,3.88,3.93,34020790,3.682129628358788,3.6405820795753288,3.762362343696107,3.87922684118374,3.7938988300767393,0.08532801110700072,0.10218210161534637,-0.016854090508345645,3.8645000000000005,4.045880814861802,3.683119185138199
2024-03-11,3.95,3.98,3.89,3.93,20461301,3.691850035089816,3.64631312750453,3.7640303800772403,3.8870380963862416,3.8039803982192035,0.08305769816703812,0.09835722092568473,-0.015299522758646614,3.8765,4.041093438508135,3.7119065614918654
2024-03-12,3.96,4.03,3.9,4.0,27896090,3.703934347439235,3.6533168279499852,3.766378336494382,3.9044168507883583,3.8185003687214847,0.08591648206687363,0.09586907315392251,-0.009952591087048879,3.8934999999999995,4.033539280203559,3.75346071979644
2024-03-13,4.0,4.0,3.89,3.9,31132782,3.711623196559265,3.658201643238104,3.767707905285483,3.903737335282457,3.824537378445819,0.07919995683663794,0.0925352498904656,-0.013335293053827663,3.9015,4.022541315260249,3.7804586847397506
2024-03-14,3.92,3.96,3.86,3.89,31512575,3.718618365321647,3.6627917097086367,3.768924742048812,3.901623899085156,3.829386461523906,0.07223743756124978,0.08847568742462245,-0.01623824986337266,3.9075,4.012737825898919,3.8022621741010814
2024-03-15,3.89,3.89,3.8,3.84,35317157,3.7233784294266803,3.6663007847639113,3.7696319585458387,3.8921432992259013,3.8301726495591724,0.06197064966672894,0.08317467987304375,-0.02120403020631481,3.9065000000000003,4.01388249391745,3.7991175060825504
2024-03-18,3.84,3.89,3.83,3.86,12199520,3.7287361380766146,3.670136412788388,3.7705311430379203,3.88719817626807,3.8323820829251596,0.05481609334291049,0.07750296256701711,-0.02268686922410662,3.9095000000000004,4.007780211639634,3.811219788360367
2024-03-19,3.84,3.84,3.78,3.81,38660106,3.7319229561912572,3.6729059887727766,3.7709238679828165,3.87532153376529,3.8307241508566294,0.044597382908660776,0.07092184663534584,-0.026324463726685066,3.9065,4.012759117255561,3.8002408827444385
2024-03-20,3.79,3.82,3.78,3.79,20710567,3.734200487321012,3.675224682064405,3.7711136802416942,3.8621951439552453,3.8277075470894717,0.03448759686577363,0.0636349966814314,-0.029147399815657768,3.8975,4.010968057178799,3.7840319428212013
2024-03-21,3.79,3.89,3.79,3.87,29556614,3.7395259584064626,3.6790816190532287,3.772097623721877,3.863395891039054,3.8308403213791404,0.03255556965991335,0.05741911127712779,-0.024863541617214435,3.8905000000000003,3.991983988884608,3.7890160111153928
2024-03-22,3.84,3.87,3.76,3.8,26492563,3.7418974894493466,3.6814760424383133,3.7723752593067337,3.8536426770330454,3.828555853128834,0.025086823904211464,0.05095265380254453,-0.025865829898333068,3.8815,3.981554984882969,3.781445015117031
2024-03-25,3.79,3.85,3.76,3.83,33794020,3.745352489863098,3.6844171109048816,3.7729486398111445,3.8500053421048843,3.8286628269711427,0.021342515133741635,0.045030626068783955,-0.02368811093504232,3.8770000000000002,3.977816665288687,3.7761833347113134
2024-03-26,3.82,3.91,3.82,3.87,21345680,3.750240627515526,3.6880920195998343,3.773914324987153,3.8530814433195175,3.831724839788095,0.021356603531422547,0.04029582156131168,-0.018939218029889134,3.874,3.9718570385814487,3.7761429614185515
2024-03-27,3.87,3.87,3.8,3.85,20258399,3.754152759769819,3.69129811822162,3.774671396380316,3.852607375116515,3.8330785553593474,0.019528819757167692,0.03614242120048288,-0.01661360144331519,3.8714999999999997,3.9691268405712847,3.7738731594287147
2024-03-28,3.84,3.86,3.78,3.84,35704243,3.757519318210218,3.6942427099400037,3.775321432237228,3.8506677789447434,3.833591254962359,0.01707652398238446,0.0323292417568632,-0.015252717774478737,3.8695,3.9679835011559352,3.7710164988440646
2024-04-02,3.83,3.84,3.67,3.71,105210190,3.7556558155353077,3.694554735485746,3.774671467737355,3.8290265821840137,3.8244363471873695,0.004590234996644238,0.026781440404819407,-0.02219120540817517,3.8600000000000003,3.9793314711211223,3.7406685288788784
2024-04-03,3.7,3.74,3.65,3.69,61407555,3.753081077671178,3.6944645427038503,3.7738289655708144,3.807637877232627,3.8144780992475646,-0.006840222014937503,0.02005710792086803,-0.02689732993580553,3.85,3.98942740046322,3.71057259953678
2024-04-05,3.66,3.69,3.56,3.62,39111864,3.7478622118801517,3.692989997303774,3.7722983290974734,3.778770511504531,3.800072314118115,-0.021301802613584275,0.011785325813977567,-0.03308712842756184,3.84,4.011580884716017,3.668419115283983
2024-04-08,3.61,3.73,3.6,3.7,40458481,3.7459852623946555,3.693128809238353,3.771578942738295,3.7666519712730646,3.792659550109366,-0.026007578836301448,0.004226744883921763,-0.03023432372022321,3.8310000000000004,4.01187564789084,3.6501243521091604
2024-04-09,3.74,3.74,3.69,3.73,27720774,3.745358389359571,3.6938589318276924,3.7711652219150285,3.761013206461824,3.7880181019531167,-0.027004895491292924,-0.0020195831911211746,-0.02498531230017175,3.8230000000000004,4.0068586413523475,3.639141358647653
2024-04-10,3.75,3.83,3.73,3.81,42587969,3.7478933544827253,3.6961587549598174,3.7715516376173666,3.768549636236928,3.7896463906973303,-0.021096754460402156,-0.005835017444977371,-0.015261737015424784,3.817,3.9942117377600344,3.639788262239966
2024-04-11,3.75,3.76,3.71,3.72,32655813,3.7467994974441874,3.696630858821999,3.7710386859992835,3.761080461431247,3.7844873987938246,-0.023406937362577374,-0.009349401428497373,-0.01405753593408,3.8065000000000007,3.9805430981105867,3.6324569018894146
2024-04-12,3.69,3.72,3.53,3.59,114114250,3.7406504975444155,3.694519356667108,3.769237306039092,3.7347603904418247,3.770080924809097,-0.03532053436727223,-0.014543628016252344,-0.020776906351019885,3.786,3.9606310396233475,3.6113689603766526
2024-04-15,3.5,3.66,3.5,3.64,77505438,3.7367034192093405,3.693439765445977,3.7679513626954195,3.72018186883539,3.7604453007491636,-0.04026343191377357,-0.01968758879575659,-0.02057584311801698,3.7729999999999997,3.9504373128739587,3.5955626871260407
2024-04-16,3.55,3.7,3.55,3.68,51573426,3.734479755710935,3.69317363147675,3.767076224758152,3.7140000428607145,3.754486389582559,-0.04048634672184459,-0.02384734038097419,-0.0166390063408704,3.7625,3.9358060876020553,3.589193912397945
2024-04-17,3.66,3.75,3.66,3.73,39788043,3.734304079016389,3.6939028664970124,3.766707307098867,3.7164615747282967,3.752672582946814,-0.03621100821851719,-0.02632007394848279,-0.009890934270034402,3.757,3.9270705735861773,3.586929426413823
2024-04-18,3.71,3.86,3.71,3.79,66153313,3.736488232780452,3.695805780031725,3.766939075187436,3.727775178616251,3.7554375768026054,-0.02766239818635441,-0.026588538796057118,-0.001073859390297291,3.7535,3.9177284993535872,3.5892715006464124
2024-04-19,3.75,3.83,3.73,3.8,43898719,3.7389788903184735,3.697869031912285,3.7672680396134317,3.7388866895983663,3.7587384970394497,-0.01985180744108339,-0.025241192525062375,0.0053893850839789835,3.753,3.916597065988151,3.5894029340118494
2024-04-22,3.8,3.89,3.8,3.82,49674672,3.742156188737357,3.700287466923923,3.7677927357366814,3.751365660429387,3.7632763861476386,-0.01191072571825158,-0.022575099163700218,0.010664373445448638,3.7545,3.919966008593703,3.589033991406297
2024-04-23,3.82,3.89,3.81,3.83,41394317,3.74560104408099,3.7028560319353305,3.7684117134905457,3.763463251132558,3.7682188760626283,-0.004755624930070201,-0.019011204316974215,0.014255579386904013,3.7525,3.9132326973578535,3.5917673026421464
2024-04-24,3.83,3.84,3.79,3.81,51773329,3.748126493332716,3.7049776946692843,3.7688255272866598,3.770622750958318,3.7713137741320635,-0.0006910231737453643,-0.015347168088328445,0.01465614491458308,3.753,3.914381535498741,3.591618464501259
2024-04-25,3.81,3.87,3.78,3.85,43390528,3.7521215328098645,3.707849423487714,3.7696332334828124,3.782834635426269,3.7771423834556144,0.005692251970654816,-0.011139284076531794,0.01683153604718661,3.754,3.9175114674875475,3.5904885325124525
2024-04-26,3.85,3.89,3.75,3.75,75476063,3.7520383354447717,3.7086840883691456,3.7694378779257693,3.7777831530529973,3.7751318365329762,0.002651316520021041,-0.008381163957221226,0.011032480477242267,3.7479999999999998,3.9026091847204794,3.59339081527952
2024-04-29,3.77,3.84,3.73,3.79,101987630,3.7535270281724276,3.7102943044410437,3.769642476155364,3.7796626679679206,3.7762331819749777,0.0034294859929429045,-0.006019033967188401,0.009448519960131305,3.745,3.8937951612114166,3.5962048387885837
2024-04-30,3.79,3.87,3.75,3.84,56697098,3.756918125106842,3.7128627340560727,3.77034255101949,3.7889453344343944,3.7809566499768312,0.007988684457563178,-0.003217490282238085,0.011206174739801263,3.7449999999999997,3.8937951612114157,3.5962048387885837
2024-05-02,3.85,3.89,3.81,3.83,33168153,3.759784080985005,3.7151822838767443,3.7709361574770077,3.7952614368291027,3.7845894907192883,0.010671946109814368,-0.0004396030038275947,0.011111549113641962,3.7510000000000003,3.903302330907742,3.5986976690922585
2024-05-03,3.88,4.0,3.87,3.91,47976219,3.7656749013385347,3.7190400604336404,3.7723198773031075,3.8129135234707796,3.793879158073415,0.019034365397364805,0.0034551906764108855,0.01557917472095392,3.7620000000000005,3.926389780704068,3.597610219295933
2024-05-06,3.94,3.94,3.87,3.89,47532747,3.7705503954036903,3.722425405771588,3.773490823797604,3.8247729813983518,3.800999220438347,0.02377376096000461,0.007518904733129631,0.01625485622687498,3.7755,3.935309261308384,3.615690738691616
2024-05-07,3.89,3.93,3.88,3.92,36757301,3.776411164211389,3.726337773974131,3.774948626545887,3.8394232919524516,3.809814092998469,0.029609198953982396,0.011936963577300185,0.01767223537668221,3.7865,3.9541036992429803,3.61889630075702
2024-05-08,3.93,3.96,3.89,3.89,25498500,3.7808656283599618,3.7295786101330592,3.7760934163315003,3.8472043239597666,3.8157537898133973,0.031450534146369336,0.015839677691114017,0.015610856455255319,3.7945,3.965786310019019,3.6232136899809815
2024-05-09,3.9,3.96,3.87,3.95,29638770,3.7874983488164338,3.7339433901304244,3.7778238300993463,3.863019043350572,3.8256979535309235,0.037321089819648545,0.020135960116820922,0.017185129702827623,3.8015,3.9857036916023434,3.6172963083976564
2024-05-10,3.99,4.32,3.99,4.2,207783440,3.803674884156966,3.743172233890218,3.782024588008806,3.914862267450484,3.853424031047151,0.06143823640333279,0.028396415374123296,0.033041821029209495,3.8254999999999995,4.074616438638503,3.576383561361496
2024-05-13,4.19,4.21,4.13,4.16,77392250,3.817648418111595,3.7514262490607084,3.7857855373818525,3.952575764765794,3.8761333620806955,0.07644240268509872,0.038005612836318384,0.03843678984878034,3.8540000000000005,4.118756491893837,3.589243508106164
2024-05-14,4.19,4.2,4.1,4.12,45926067,3.8295053428915327,3.758724739178318,3.789111054422829,3.978333339417211,3.8941975574821255,0.08413578193508542,0.047231646656071796,0.03690413527901362,3.878,4.147785099662548,3.6082149003374515
2024-05-16,4.17,4.31,4.14,4.28,82892625,3.8471718000330415,3.7690470215708265,3.793995521543,4.024743594891486,3.922775516187153,0.10196807870433311,0.05817893306572406,0.04378914563860905,3.908,4.2140457482141045,3.6019542517858953
2024-05-17,4.28,4.32,4.24,4.29,61746083,3.864537611796452,3.7793629221337803,3.798930889487846,4.065552272600488,3.9499773298029197,0.11557494279756853,0.06965813501209296,0.045916807785475564,3.936,4.272713528091657,3.599286471908343
2024-05-20,4.29,4.34,4.25,4.28,49439559,3.880830254471101,3.7892765276360816,3.8037176468063754,4.098544230661952,3.9744234535212217,0.12412077714073044,0.08055066343782047,0.043570113702909974,3.9605000000000006,4.321580323473783,3.5994196765262183
2024-05-21,4.27,4.3,4.22,4.28,44399016,3.8964839699820386,3.7989938241185355,3.8084567746988496,4.126460502867806,3.9970587532603905,0.12940174960741535,0.09032088067173945,0.0390808689356759,3.9845000000000006,4.363101373478665,3.6058986265213364
2024-05-22,4.29,4.4,4.26,4.31,61294399,3.912700284884704,3.809112758294406,3.813447254552593,4.154697348580451,4.020239586352213,0.13445776222823813,0.0991482569830392,0.035309505245198936,4.0089999999999995,4.404873717238124,3.6131262827618746
2024-05-23,4.31,4.31,4.22,4.27,35566801,3.9267120384186374,3.8182392383281805,3.8179900679401295,4.172436218029612,4.038740357733531,0.13369586029608183,0.10605777764564772,0.027638082650434104,4.031000000000001,4.433487266879253,3.628512733120748
2024-05-24,4.25,4.39,4.21,4.25,42842000,3.939389997696338,3.8267889563810877,3.8222886742292825,4.184369107563518,4.054389220123639,0.12997988743987943,0.11084219960449407,0.01913768783538536,4.053,4.452854973709132,3.6531450262908676
2024-05-27,4.25,4.36,4.24,4.33,58884032,3.954708037002364,3.8367535315022545,3.827340528217051,4.206773860246054,4.074804833447814,0.13196902679823985,0.11506756504324323,0.016901461754996627,4.077,4.482812764707975,3.6711872352920247
2024-05-28,4.34,4.36,4.29,4.3,19139000,3.968248898296389,3.8459267288982493,3.8320436075382744,4.221116343285122,4.091485956896125,0.12963038638899782,0.11798012931239416,0.011650257076603665,4.1045,4.492080959284547,3.7169190407154518
2024-05-29,4.28,4.33,4.21,4.23,28662176,3.978513647382805,3.8535321402071947,3.8360033726373963,4.222483059702796,4.101746256385301,0.12073680331749514,0.11853146411341435,0.0022053392040807945,4.1265,4.4893374291606785,3.7636625708393217
2024-05-30,4.21,4.26,4.17,4.19,34379950,3.986807229838382,3.860194870104082,3.839525727138517,4.217485665902366,4.108283570727131,0.10920209517523549,0.11666559032577858,-0.007463495150543092,4.144,4.482845097352655,3.8051549026473452
2024-05-31,4.22,4.31,4.13,4.14,85593250,3.992814789452563,3.8657355657455854,3.842515520898333,4.205564794225079,4.110632935858455,0.09493185836662477,0.11231884393394782,-0.017386985567323057,4.1594999999999995,4.466320794601556,3.8526792053984438
2024-06-03,4.15,4.24,4.15,4.19,33082801,4.0005475428073645,3.8721566436516133,3.84597307790432,4.203170210498144,4.116511977646717,0.08665823285142693,0.10718672171744364,-0.020528488866016714,4.1735,4.4582648152422095,3.8887351847577896
2024-06-04,4.22,4.23,4.17,4.2,24477239,4.008369207795311,3.8786485913020763,3.849495733845571,4.202682485806122,4.122696275598813,0.07998621020730923,0.10174661941541677,-0.02176040920810754,4.189,4.442369295692927,3.935630704307073
2024-06-05,4.2,4.31,4.19,4.2,27625000,4.015884140822946,3.885011985533718,3.852983338483924,4.202269795682104,4.128422477406308,0.07384731827579571,0.09616675918749257,-0.022319440911696853,4.203,4.424278105559339,3.9817218944406614
2024-06-06,4.2,4.25,4.2,4.21,24011012,4.023496527457341,3.8914473917607735,3.856535743076124,4.2034590578848565,4.134465256857692,0.06899380102716446,0.09073216755542696,-0.0217383665282625,4.218999999999999,4.387392398878125,4.0506076011218735
2024-06-07,4.21,4.32,4.21,4.29,59961532,4.033947644027641,3.899339522616996,3.860848820259446,4.216773048979494,4.145986348942308,0.07078670003718646,0.08674307405177886,-0.015956374014592406,4.236000000000001,4.353200682591569,4.118799317408432
2024-06-11,4.27,4.27,4.16,4.2,49582989,4.040459501124597,3.905293195436461,3.86422345886383,4.214192579905726,4.1499873601317665,0.06420521977395932,0.08223550319621496,-0.01803028342225564,4.236,4.353200682591568,4.118799317408431
2024-06-12,4.18,4.19,4.08,4.11,47746219,4.043186579511868,3.909346795526828,3.8666689965865784,4.198162952227921,4.147025333455339,0.05113761877258227,0.07601592631148843,-0.024878307538906158,4.233500000000001,4.3589232833246285,4.108076716675374
2024-06-13,4.11,4.16,4.03,4.08,67368250,4.044630243060422,3.9127260669025348,3.868791693137956,4.179984036500549,4.142060493940129,0.03792354256042074,0.06839744956127489,-0.030473907000854145,4.2315000000000005,4.365107634512141,4.09789236548786
2024-06-14,4.07,4.12,4.04,4.04,48848247,4.04444866490119,3.915246342805455,3.8704952583803642,4.15844803088508,4.1345004573519715,0.023947573533108724,0.05950747435564166,-0.035559900822532936,4.2195,4.374867306728056,4.064132693271944
2024-06-17,4.04,4.08,4.01,4.04,50172899,4.044274207454085,3.917716712254852,3.872181872724838,4.14022525690276,4.127500423474047,0.012724833428713112,0.05015094617025596,-0.037426112741542845,4.207,4.377188131195833,4.0368118688041665
2024-06-18,4.04,4.09,4.01,4.04,27789641,4.044106591475494,3.92013816349733,3.873851704837029,4.124805986610028,4.121018910624118,0.0037870759859099934,0.040878172133386764,-0.03709109614747677,4.194999999999999,4.376383571471978,4.013616428528021
2024-06-19,4.04,4.21,4.04,4.2,59564465,4.050220058476455,3.9256799820419372,3.8770969615053175,4.136374296362331,4.126869361688998,0.009504934673333132,0.03460352464137604,-0.025098589968042907,4.191,4.3681891644540665,4.013810835545933
2024-06-20,4.2,4.27,4.18,4.25,50959227,4.058054565987183,3.932102160615364,3.8808074395002894,4.1538551738450495,4.135990149712035,0.017865024133014273,0.031255824539703686,-0.013390800406689413,4.188000000000001,4.358950285170661,4.01704971482934
2024-06-21,4.19,4.25,4.17,4.18,44120180,4.062836739870038,3.9370110287219906,3.8837844799032717,4.157877454791965,4.139250138622255,0.018627316169710362,0.028730122865705022,-0.01010280669599466,4.1835,4.350266303550599,4.016733696449402
2024-06-24,4.18,4.23,4.12,4.21,43464735,4.068607848110429,3.9424167509255157,3.8870304054763736,4.165896307900893,4.14449086909468,0.02140543880621326,0.02726518605380667,-0.0058597472475934095,4.1815,4.345971882095179,4.017028117904821
2024-06-25,4.2,4.28,4.19,4.23,52158516,4.074936952106099,3.9481114687289707,3.8904430382577035,4.175758414377679,4.15082487879137,0.02493353558630851,0.02679885596030704,-0.0018653203739985302,4.1765,4.328193770471732,4.024806229528267
2024-06-26,4.16,4.3,4.16,4.24,46760340,4.081410012807821,3.9538914396452287,3.893921216981508,4.185641735242651,4.157430443325343,0.028211291917307868,0.027081343151707203,0.0011299487656006649,4.1735,4.317482637841966,4.029517362158034
2024-06-27,4.23,4.29,4.18,4.26,86396125,4.088413541717318,3.959952995295818,3.897563791936916,4.197081468282243,4.165028188264206,0.032053280018036645,0.028075730524973093,0.003977549493063552,4.175,4.321901327427395,4.028098672572605
2024-06-28,4.2,4.33,4.2,4.3,57423301,4.096711049885267,3.9666865993493663,3.9015681323156532,4.212915088546513,4.175026100244636,0.03788898830187737,0.030038382080353948,0.00785060622152342,4.1805,4.337149289816234,4.023850710183766
2024-07-02,4.23,4.36,4.23,4.28,89555125,4.10389885185055,3.9728908251048245,3.9053336235363934,4.2232358441547415,4.182801944670959,0.04043389948378273,0.0321174855610397,0.00831641392274303,4.1875,4.348729649878458,4.026270350121542
2024-07-03,4.35,4.37,4.25,4.3,33708833,4.111589092954451,3.9793682345086894,3.909260652157922,4.235045714284781,4.19148328210274,0.04356243218204092,0.03440647488523995,0.009155957296800972,4.193,4.36153486286205,4.024465137137949
2024-07-04,4.31,4.38,4.31,4.35,34010551,4.12093854028957,3.9867074773897055,3.913646118305605,4.2527309890102,4.20322526120624,0.04950572780395923,0.037426325468983807,0.012079402334975425,4.2005,4.382431305717103,4.018568694282897
2024-07-05,4.36,4.38,4.22,4.23,37724723,4.1252154602782145,3.991525151104761,3.9167939181234597,4.249233913777862,4.205208575190963,0.0440253385868985,0.03874612809256675,0.005279210494331749,4.202,4.384384209842656,4.019615790157344
2024-07-08,4.2,4.28,4.18,4.24,24426567,4.129716814777108,3.9964454451422906,3.9200098990376544,4.247813311658191,4.2077857177694105,0.04002759388878019,0.03900242125180944,0.0010251726369707517,4.2035,4.386614718141197,4.020385281858803
2024-07-09,4.24,4.26,4.19,4.2,22280938,4.132473018119183,4.000476228406799,3.922795870191509,4.2404574175569305,4.207208997934639,0.03324841962229108,0.037851620925905764,-0.004603201303614683,4.199,4.377762412156275,4.020237587843725
2024-07-10,4.2,4.27,4.2,4.21,18012665,4.13551329191843,4.0046252139829015,3.9256536227269168,4.235771661009711,4.20741573882837,0.02835592218134053,0.03595248117699272,-0.007596558995652189,4.1995000000000005,4.378326731782276,4.020673268217725
2024-07-11,4.23,4.3,4.22,4.27,26104247,4.140787280470649,4.009880160240666,3.929079954839087,4.241037559315909,4.212051610026268,0.028985949289640267,0.03455917479952223,-0.005573225509881964,4.2075,4.383894444356759,4.03110555564324
2024-07-12,4.32,4.39,4.28,4.37,32719700,4.14977601456984,4.017011246176494,3.9334672189700415,4.260877934805769,4.223751490765063,0.03712644404070531,0.03507262864775885,0.0020538153929464606,4.2219999999999995,4.401733135509091,4.042266864490908
2024-07-15,4.4,4.4,4.3,4.32,28825645,4.156451464978866,4.02301102347993,3.937313316293723,4.269973637143343,4.230881009967652,0.039092627175691064,0.03587662835334529,0.0032159988223457725,4.236,4.399755915923453,4.072244084076546
2024-07-16,4.31,4.35,4.23,4.24,30555313,4.15972787811695,4.0273078348961695,3.9403251240917956,4.265362308352059,4.231556490710789,0.03380581764127033,0.0354624662109303,-0.0016566485696599687,4.246,4.38287950905789,4.109120490942111
2024-07-17,4.24,4.28,4.19,4.19,26398516,4.160915020151579,4.030529461927928,3.9428094512152607,4.253768107067127,4.2284782321396195,0.025289874927507228,0.03342794795424569,-0.008138073026738461,4.253500000000001,4.35670368210451,4.150296317895491
2024-07-18,4.19,4.27,4.17,4.24,24395930,4.164016391910341,4.0346773933749,3.9457665711036665,4.251649936749107,4.229331696425573,0.0223182403235338,0.031206006428103315,-0.008887766104569515,4.2555,4.355993780901748,4.155006219098251
2024-07-19,4.19,4.21,4.06,4.08,57628653,4.160721631443269,4.035574870733813,3.9471022271125853,4.225242254172322,4.218270089282938,0.006972164889384125,0.02635923812035948,-0.019387073230975355,4.247,4.373348723776415,4.120651276223585
2024-07-22,4.08,4.12,4.0,4.11,24536704,4.158732547857259,4.037048635669777,3.9487231004746493,4.207512676607349,4.210250082669387,-0.0027374060620379836,0.020539909283879988,-0.02327731534591797,4.243499999999999,4.380507299075373,4.106492700924625
2024-07-23,4.11,4.24,4.08,4.22,32976700,4.1611351930393266,4.0406714349634445,3.9514223731067424,4.209433803283142,4.210972298767951,-0.0015384954848087773,0.016124228330142234,-0.01766272381495101,4.244,4.380586968631451,4.107413031368549
2024-07-24,4.22,4.33,4.17,4.29,33593922,4.166188714880922,4.045608634271098,3.9547913047176206,4.221828602778043,4.216826202562918,0.005002400215125213,0.01389986270713883,-0.008897462492013617,4.247,4.384854996282067,4.1091450037179325
2024-07-25,4.29,4.32,4.18,4.23,45386504,4.168691118218925,4.0492599484439475,3.957529699695555,4.2230857408121905,4.217802039410109,0.005283701402081675,0.0121766304461274,-0.006892929044045724,4.2465,4.384525359988405,4.108474640011595
2024-07-26,4.23,4.26,4.15,4.17,14794172,4.168742446916222,4.051650840553968,3.9596438320368925,4.214918703764162,4.2142611476019525,0.0006575561622090831,0.009872815589343737,-0.009215259427134654,4.242,4.383788574997879,4.100211425002121
2024-07-29,4.17,4.28,4.17,4.21,19227024,4.17036039017441,4.054786467473692,3.962134938185779,4.214161980108137,4.2139455070388445,0.0002164730692921779,0.007941547085333426,-0.007725074016041248,4.2375,4.377339193361265,4.097660806638735
2024-07-30,4.23,4.23,4.14,4.16,13080895,4.169954100363649,4.056869903761341,3.9641037447709957,4.2058293677838074,4.209949543554486,-0.004120175770678358,0.00552920251413107,-0.009649378284809428,4.2315,4.373806008305796,4.089193991694203
2024-07-31,4.17,4.22,4.14,4.18,21449000,4.170348057212133,4.059308123488839,3.9662519662160607,4.20185561889399,4.207731058846746,-0.0058754399527556345,0.0032482740207537284,-0.009123713973509362,4.2255,4.365853126078224,4.085146873921777
2024-08-01,4.17,4.23,4.14,4.17,22456399,4.170334407909697,4.061500041835595,3.9682793098358013,4.196954754448761,4.204936165598839,-0.007981411150077555,0.0010023369865874718,-0.008983748136665026,4.2165,4.346465380005331,4.086534619994669
2024-08-02,4.14,4.22,4.1,4.2,24772856,4.171497764462258,4.064242615264593,3.970584988344898,4.197423253764336,4.204570523702628,-0.007147269938291956,-0.0006275843983884138,-0.006519685539903542,4.215000000000001,4.3449999999997315,4.08500000000027
2024-08-05,4.2,4.2,4.04,4.1,27820942,4.168693930561778,4.064950682289057,3.9718726999036553,4.182435060877515,4.196824558983915,-0.014389498106399223,-0.003379967139990576,-0.011009530966408648,4.208,4.346650640099245,4.069349359900755
2024-08-06,4.14,4.15,4.06,4.07,22403254,4.164823580343669,4.065050668778382,3.9728490909493903,4.165137359204052,4.187430147207328,-0.022292788003276165,-0.007162531312647694,-0.015130256690628471,4.2015,4.3526654722479,4.0503345277521
2024-08-07,4.08,4.15,4.07,4.14,20002715,4.163850106604702,4.066534813951088,3.9745122840742724,4.161270073172659,4.183916802969748,-0.02264672979708937,-0.010259371009536031,-0.01238735878755334,4.1979999999999995,4.351440542230307,4.044559457769692
2024-08-08,4.12,4.18,4.09,4.15,34372258,4.163306965169224,4.068187589912452,3.976258430501394,4.159536215761481,4.181404447194212,-0.0218682314327312,-0.012581143094175065,-0.009287088338556135,4.192,4.343076139743942,4.040923860256059
2024-08-09,4.2,4.2,4.09,4.13,27211043,4.162000809672392,4.069411598032998,3.977788197362077,4.1549921825674065,4.177596710365011,-0.022604527797604135,-0.014585820034860881,-0.008018707762743254,4.18,4.3091510743274375,4.050848925672562
2024-08-12,4.12,4.18,4.1,4.15,34007379,4.16153018968524,4.071007407972938,3.979501747637081,4.154224154480113,4.175552509597233,-0.02132835511711928,-0.01593432705131256,-0.00539402806580672,4.1715,4.283976664246108,4.059023335753892
2024-08-13,4.16,4.19,4.13,4.18,30498211,4.1622544959720935,4.073165677121988,3.9814967551232794,4.1581896691754805,4.175881953330771,-0.017692284155290672,-0.016285918472108182,-0.0014063656831824894,4.1685,4.276624927745325,4.060375072254675
2024-08-14,4.18,4.24,4.1,4.16,27725942,4.162166084365345,4.074885168664127,3.9832729068135952,4.158468181610022,4.174705512343307,-0.016237330733284594,-0.016276200924343467,3.887019105887346e-05,4.167,4.274721864075645,4.059278135924354
2024-08-15,4.16,4.27,4.11,4.25,34855977,4.165610551645136,4.07835278908662,3.985926907740823,4.172549999823865,4.180282881799358,-0.0077328819754933775,-0.01456753713457345,0.006834655159080072,4.1675,4.276655851881299,4.058344148118702
2024-08-16,4.31,4.34,4.24,4.3,36291629,4.170880726090425,4.082741842768073,3.989052013136437,4.192157692158655,4.189150816480887,0.0030068756777676953,-0.011052654572105223,0.014059530249872918,4.1785000000000005,4.29430587204426,4.062694127955741
2024-08-19,4.31,4.4,4.3,4.38,53735809,4.179081481930016,4.088628142911279,3.9929420428564724,4.221056508749631,4.203287793037858,0.017768715711772742,-0.00528838051532963,0.02305709622710237,4.192,4.3329397034193375,4.051060296580663
2024-08-20,4.39,4.41,4.35,4.37,24219825,4.186568482638643,4.09419986285363,3.996693863325562,4.243970892018918,4.215636845405424,0.02833404661349448,0.0014361049104351922,0.026897941703059286,4.1995000000000005,4.360182917573495,4.0388170824265055
2024-08-21,4.33,4.35,4.29,4.35,25748680,4.192977561750854,4.0992652121040525,4.0002093472725715,4.260283062477546,4.225589671671688,0.03469339080585776,0.008087562089519705,0.026605828716338056,4.2025,4.371836942218556,4.033163057781444
2024-08-22,4.35,4.39,4.31,4.37,36475258,4.199919618152782,4.104626297012882,4.003888856254934,4.277162591327154,4.236286733029341,0.04087585829781304,0.014645221331178373,0.026230636966634666,4.2095,4.39372540541394,4.025274594586061
2024-08-23,4.37,4.39,4.33,4.39,30055555,4.2073737507742415,4.110277261428468,4.007730758182746,4.294522192661438,4.247672900953093,0.04684929170834451,0.0210860354066116,0.025763256301732908,4.2204999999999995,4.419645675323191,4.021354324676808
2024-08-26,4.39,4.45,4.39,4.45,22657774,4.21688850564584,4.117004444370478,4.012131447156053,4.318441855328909,4.262660093475087,0.05578176185382233,0.028025180696053746,0.027756581157768585,4.2325,4.455199348898756,4.009800651101244
2024-08-27,4.44,4.51,4.42,4.47,27114200,4.226814446600905,4.123994455373042,4.0166873531544995,4.341758492970615,4.278018605069525,0.06373988790109042,0.03516812213706108,0.02857176576402934,4.248,4.490619042945786,4.005380957054214
2024-08-28,4.47,4.48,4.38,4.41,30315200,4.233998193793026,4.129657931504268,4.02060091182958,4.3522571863597515,4.287795004694004,0.06446218166574713,0.041026934042798294,0.023435247622948838,4.2595,4.50981779800871,4.00918220199129
2024-08-29,4.37,4.4,4.2,4.29,62731454,4.236194343056044,4.13283302196953,4.023281499771574,4.3426791576890205,4.287958337679634,0.05472082000938627,0.04376571123611589,0.010955108773270383,4.2655,4.5126821190942605,4.01831788090574
2024-08-30,4.31,4.31,4.11,4.19,88728188,4.234382800191101,4.133965041336469,4.0249403903211105,4.319190056506094,4.28070216451818,0.03848789198791369,0.04271014738647545,-0.004222255398561761,4.265,4.512749873864607,4.017250126135393
2024-09-02,4.19,4.19,4.06,4.14,78325938,4.230681513909097,4.13408454546842,4.026085262059209,4.291622355505156,4.270279781961278,0.02134257354387792,0.03843663261795594,-0.017094059074078023,4.267,4.509989711716214,4.024010288283787
2024-09-03,4.12,4.16,4.02,4.07,78653438,4.224380278069525,4.132815544568055,4.026522224625785,4.257526608504363,4.255444242556739,0.0020823659476238987,0.031165779283889535,-0.029083413336265636,4.267,4.509989711716214,4.024010288283787
2024-09-04,4.03,4.1,3.98,4.09,61884161,4.219110463243269,4.131967712002351,4.02715384428125,4.231753284119076,4.243189113478462,-0.01143582935938614,0.0226454575552344,-0.03408128691462054,4.2645,4.513616438638499,4.015383561361501
2024-09-05,4.1,4.11,4.01,4.04,31566047,4.212086523508239,4.130146569190423,4.027281666726212,4.202252778869988,4.228138068035613,-0.02588528916562538,0.012939308211062444,-0.03882459737668782,4.259,4.522431205440679,3.9955687945593215
2024-09-09,4.01,4.06,3.98,4.03,51580309,4.204945875527524,4.128163468810414,4.0273087148184885,4.1757523513515284,4.213461174107049,-0.0377088227555209,0.0028096820177457753,-0.04051850477326668,4.254,4.530506781110208,3.9774932188897902
2024-09-10,4.03,4.07,3.98,4.04,30903422,4.198477409820562,4.126417657546842,4.02743499626308,4.154867374220524,4.200612198247268,-0.045744824026743736,-0.006901219191152126,-0.03884360483559161,4.2485,4.537171093114516,3.9598289068854844
2024-09-11,4.04,4.04,3.89,3.95,51499043,4.188733197670737,4.122924238585518,4.026664498787826,4.123349316648136,4.182048331710433,-0.05869901506229702,-0.017260778365381105,-0.04143823669691592,4.237,4.552727730806038,3.9212722691939623
2024-09-12,3.95,4.02,3.92,4.0,35889602,4.181331895801296,4.120490095247191,4.026399180391928,4.104372498702269,4.168563270102253,-0.06419077139998386,-0.02664677697230166,-0.0375439944276822,4.229,4.559871576294988,3.8981284237050122
2024-09-13,4.0,4.13,4.0,4.09,52009219,4.177750252828696,4.11988633098487,4.027032024368128,4.102161345055767,4.162743768613197,-0.060582423557430154,-0.03343390628932736,-0.027148517268102794,4.221,4.557148776585503,3.884851223414497
2024-09-16,4.08,4.13,4.08,4.13,15840000,4.175877693894238,4.1200866016584365,4.02805658133959,4.106444215047187,4.160318304271478,-0.05387408922429149,-0.037521942876320186,-0.016352146347971303,4.2125,4.5488257349652725,3.8761742650347277
2024-09-17,4.08,4.27,4.08,4.23,23560000,4.178000137270935,4.122263104595893,4.030065968589943,4.12545279734762,4.16547991136248,-0.04002711401486003,-0.03802297710402816,-0.002004136910831872,4.205,4.532627837644989,3.8773721623550115
2024-09-19,4.23,4.25,4.15,4.21,40563926,4.179255033848546,4.12400046886132,4.031856356962183,4.13846005929414,4.168777695706,-0.03031763641186025,-0.03648190896559458,0.006164272553734328,4.197,4.515816561677607,3.8781834383223934
2024-09-20,4.19,4.3,4.16,4.29,45269895,4.183597973697622,4.127287588289809,4.034424950425246,4.16177389632581,4.177757125653704,-0.015983229327893866,-0.032382173038054435,0.01639894371016057,4.194000000000001,4.508095526870301,3.879904473129701
2024-09-23,4.29,4.36,4.28,4.32,55855028,4.188947072768304,4.131103675650406,4.037266493207084,4.186116373814147,4.188293634864541,-0.0021772610503942857,-0.026341190640522406,0.02416392959012812,4.1915,4.500710284434285,3.882289715565715
2024-09-24,4.37,4.54,4.34,4.52,84799250,4.20192954050288,4.138804592964259,4.0420698116826355,4.237483085535048,4.212864476726427,0.024618608808620657,-0.016149230750693796,0.040767839559314456,4.1979999999999995,4.528369490116643,3.8676305098833557
2024-09-25,4.64,4.66,4.5,4.52,54076676,4.214402891855707,4.146353016865957,4.0468253359445,4.280947226221963,4.235615256228173,0.04533196999379019,-0.0038529906017969982,0.04918496059558719,4.2015,4.543744064959396,3.8592559350406046
2024-09-26,4.6,4.74,4.54,4.74,143510130,4.235014543155483,4.1581084026705915,4.053722596283361,4.351570729880123,4.27297708910016,0.078593640779963,0.012636335674555004,0.065957305105408,4.215,4.614974999218615,3.815025000781385
2024-09-27,4.75,4.8,4.52,4.6,126919750,4.249327698325857,4.16685873133058,4.059158192340243,4.389790617590873,4.297201008426074,0.09258960916479886,0.02862699037260378,0.06396261879219509,4.2245,4.650714734611475,3.7982852653885244
2024-09-30,4.62,4.74,4.54,4.65,142369320,4.265040337607196,4.176425885165617,4.0650372153020315,4.429822830269201,4.323334267061179,0.10648856320802125,0.04419930493968728,0.062289258268333966,4.2425,4.706951289157356,3.7780487108426435
2024-10-02,5.0,5.3,4.96,5.26,472166880,4.304058363583384,4.197882798330655,4.076927392264201,4.5575423948431695,4.392716913945536,0.16482548089763327,0.06832454013127648,0.09650094076635679,4.296,4.936918091490581,3.6550819085094193
2024-10-03,5.26,5.26,5.04,5.12,123192380,4.336056074815409,4.216142544898364,4.087306224181971,4.644074334098066,4.446589735134756,0.19748459896331028,0.09415655189768324,0.10332804706562704,4.345,5.074451848993426,3.615548151006574
2024-10-04,5.15,5.25,5.06,5.25,107463000,4.371897013057942,4.236614969751861,4.098875316478668,4.7372936673137485,4.506101606606256,0.23119206070749243,0.12156365365964508,0.10962840704784735,4.404,5.220612515211423,3.587387484788577
2024-10-07,5.39,5.39,5.17,5.27,57829036,4.407116738036063,4.257078039657765,4.110528298404254,4.819248487727018,4.56268667278357,0.25656181494344743,0.14856328591640555,0.10799852902704188,4.463,5.347988135513649,3.578011864486351
2024-10-08,5.27,5.27,4.74,4.78,256560820,4.421739611054257,4.267432929961571,4.117189708370381,4.813210258845938,4.578783956281083,0.23442630256485497,0.16573588924609545,0.06869041331875952,4.5,5.372949024857651,3.6270509751423483
2024-10-09,4.86,4.87,4.54,4.62,236323380,4.429514528267815,4.274414456100946,4.1221927958492826,4.783485603638871,4.581836996556559,0.20164860708231203,0.17291843281333877,0.028730174268973258,4.5295000000000005,5.37641144755513,3.682588552444871
2024-10-10,4.65,4.85,4.65,4.72,161497690,4.440906115394569,4.283237932217759,4.128141126238842,4.773718587694429,4.592071293107925,0.18164729458650353,0.17466420516797174,0.0069830894185317904,4.5634999999999994,5.383238372897062,3.743761627102937
2024-10-14,4.8,4.87,4.69,4.79,155779070,4.454596071653605,4.293272824649089,4.1347267866742765,4.776223420356824,4.606732678803635,0.16949074155318922,0.17362951244501523,-0.004138770891826016,4.6055,5.38003147127791,3.8309685287220905
2024-10-15,4.82,4.82,4.63,4.67,77504063,4.463043284529935,4.300732768715443,4.140052888299408,4.759881355686543,4.611419147040402,0.14846220864614157,0.1685960516852405,-0.02013384303909893,4.639,5.3621293107044705,3.9158706892955295
2024-10-16,4.64,4.82,4.64,4.78,133144820,4.475472959646408,4.3102232089389,4.146420521251653,4.762976531734767,4.623906617630001,0.1390699141047662,0.16269082416914565,-0.02362091006437944,4.6735,5.353096203638544,3.9939037963614554
2024-10-17,4.78,4.92,4.69,4.72,115523820,4.485062255346549,4.3183376008411,4.152127779746662,4.756364757621727,4.631024645953705,0.12534011166802195,0.15522068166892092,-0.02988057000089897,4.703,5.3352372972230615,4.070762702776939
2024-10-18,4.71,4.85,4.7,4.79,114310820,4.497020598274135,4.327677450329395,4.158474767012865,4.761539410295307,4.642800598105282,0.11873881219002502,0.14792430777314175,-0.029185495583116727,4.731,5.3254375492849695,4.13656245071503
2024-10-21,4.78,4.78,4.63,4.67,111932190,4.503804104224169,4.334456114679307,4.1635645703261694,4.747456424096029,4.644815368616001,0.10264105548002789,0.13886765731451897,-0.036226601834491085,4.754,5.29961524905369,4.208384750946309
2024-10-22,4.63,4.71,4.59,4.64,75647438,4.50914511974479,4.340506488646054,4.1683052213677,4.730924666542793,4.644458674644445,0.08646599189834792,0.12838732423128477,-0.04192133233293685,4.7715,5.277475295839549,4.26552470416045
2024-10-23,4.61,4.73,4.61,4.7,105277940,4.516629624852838,4.347625172039201,4.173595716677475,4.72616702553621,4.648572846893005,0.07759417864320461,0.11822869511366874,-0.04063451647046412,4.7905,5.253985706359883,4.327014293640117
2024-10-24,4.65,4.72,4.65,4.67,73340000,4.522644149368413,4.35400883199882,4.178535062780187,4.7175259446844855,4.650160043419449,0.0673659012650365,0.10805613634394229,-0.04069023507890579,4.798,5.248404262857179,4.347595737142821
2024-10-25,4.67,4.7,4.66,4.7,81366813,4.529599280765731,4.36086014225627,4.183723768623171,4.714829645502257,4.653851892055045,0.06097775344721157,0.09864045976459615,-0.03766270631738458,4.807,5.241745902798312,4.372254097201688
2024-10-28,4.7,4.7,4.61,4.64,45338524,4.533928720735702,4.366387664191789,4.18826383062692,4.703317392348064,4.652825825976894,0.05049156637116958,0.08901068108591084,-0.03851911471474126,4.802,5.241981817806053,4.362018182193946
2024-10-29,4.64,4.66,4.58,4.61,33393137,4.5369119081578315,4.371211670841456,4.192460210421678,4.688960870448361,4.649653542571198,0.03930732787716362,0.0790700104441614,-0.039762682566997776,4.8025,5.2415842743710135,4.363415725628987
2024-10-30,4.58,4.61,4.51,4.52,52957309,4.53624869607321,4.37415797438915,4.195719312805542,4.662966890379383,4.640049576454812,0.022917313924570415,0.0678394711402432,-0.04492215721567279,4.796,5.247592736876845,4.344407263123156
2024-10-31,4.52,4.58,4.44,4.47,80258625,4.533650707991908,4.3760558362824336,4.198448473872153,4.633279676474862,4.627453311532234,0.005826364942628004,0.05543684990072017,-0.049610484958092164,4.7565,5.1758936098701565,4.3371063901298434
2024-11-01,4.48,4.59,4.47,4.52,64272571,4.533115386109873,4.378906215761989,4.201647991545067,4.615852033940268,4.61949380697429,-0.0036417730340225773,0.04362112531377162,-0.0472628983477942,4.7265,5.122796606091853,4.330203393908146
2024-11-04,4.52,4.52,4.44,4.5,47201000,4.5318167435173295,4.381304112479573,4.2046166682461115,4.598028644103303,4.610642413865083,-0.012613769761779636,0.03237414629866137,-0.04498791606044101,4.689,5.015918950200081,4.362081049799919
2024-11-05,4.46,4.58,4.46,4.57,69907750,4.533314126124494,4.3850406647077005,4.208252323288439,4.593716545010487,4.607631864689892,-0.013915319679404625,0.023116253103048177,-0.0370315727824528,4.654,4.847121723272976,4.460878276727024
2024-11-06,4.52,4.57,4.46,4.51,45426067,4.532399846668631,4.3875151069907155,4.2112547877333295,4.580837076547335,4.6003998747128625,-0.019562798165527084,0.014580442849333124,-0.03414324101486021,4.6405,4.8342498387094155,4.446750161290585
2024-11-07,4.48,4.66,4.48,4.64,89411000,4.536619460524763,4.392514807842384,4.21552090924842,4.589939064770823,4.603333217326725,-0.013394152555902039,0.008985523768286093,-0.022379676324188132,4.6415,4.835022608498139,4.44797739150186
2024-11-08,4.65,4.66,4.56,4.58,79244188,4.538320658151243,4.396227385904911,4.219147566867839,4.588409977883003,4.601604830858079,-0.013194852975075833,0.004549448419613709,-0.017744301394689542,4.6345,4.826278518087727,4.442721481912273
2024-11-11,4.51,4.55,4.5,4.53,69877625,4.537994357831587,4.398876348560259,4.22224062590398,4.579423827439465,4.596300769313037,-0.016876941873571916,0.0002641703609765839,-0.0171411122345485,4.621499999999999,4.80439614539384,4.438603854606159
2024-11-12,4.52,4.56,4.45,4.46,83681063,4.534935755563682,4.4000867178957,4.22460639082036,4.561050930910317,4.586204416030589,-0.02515348512027238,-0.004819360735273209,-0.02033412438499917,4.611,4.805309032213959,4.416690967786041
2024-11-13,4.44,4.5,4.44,4.48,40352422,4.5327814122082435,4.401669159125488,4.227147620762445,4.548581556924114,4.578337422250545,-0.029755865326430708,-0.009806661653504708,-0.019949203672926,4.595999999999999,4.781946228786511,4.410053771213487
2024-11-14,4.45,4.51,4.45,4.48,38406446,4.530711552905959,4.4032202648853795,4.2296635648344605,4.538030548166558,4.571053168750504,-0.033022620583945894,-0.014449853439592946,-0.01857276714435295,4.584,4.767346666181651,4.400653333818348
2024-11-15,4.5,4.57,4.49,4.51,38804922,4.5298993351449415,4.405334715085669,4.232452982099789,4.533718156140934,4.566530711806022,-0.032812555665088006,-0.01812239388469196,-0.014690161780396047,4.57,4.729499216298785,4.410500783701216
2024-11-18,4.57,4.62,4.55,4.6,60556426,4.532648380825532,4.409189473202784,4.236110166357503,4.543915362888483,4.56900991833891,-0.02509455545042716,-0.019516826197839,-0.005577729252588159,4.5665,4.720028498982848,4.412971501017151
2024-11-19,4.63,4.65,4.57,4.58,55665204,4.534505307067668,4.412571859872036,4.239531955746981,4.549466845521024,4.569823998461954,-0.020357152940930767,-0.019684891546457355,-0.0006722613944734127,4.5634999999999994,4.713469996999154,4.413530003000845
2024-11-20,4.58,4.63,4.55,4.57,45958770,4.535897255810113,4.41568924878546,4.242820194993279,4.552625792363943,4.56983703561292,-0.01721124324897705,-0.019190161886961293,0.001978918637984245,4.557,4.693396480892752,4.420603519107249
2024-11-21,4.57,4.61,4.55,4.57,51561954,4.537234618327364,4.418744907225352,4.2460757154411075,4.5552987473848745,4.569849107049,-0.014550359664125878,-0.01826220144239421,0.003711841778268332,4.552,4.678427845033943,4.425572154966056
2024-11-22,4.6,4.62,4.51,4.52,69555188,4.536558750941978,4.420749958567424,4.248801330212838,4.549868170864125,4.566156580600926,-0.016288409736801235,-0.017867443101275617,0.0015790333644743818,4.543,4.6501634265966105,4.43583657340339
2024-11-25,4.56,4.57,4.5,4.52,103994070,4.53590938815994,4.422715305922525,4.251499824439576,4.545273067654259,4.562737574630487,-0.01746450697622759,-0.017786855876266012,0.00032234890003842234,4.537,4.634795705426809,4.439204294573191
2024-11-26,4.5,4.54,4.47,4.5,45234114,4.534501176859551,4.424245695904257,4.253972463002366,4.538307980322834,4.55809034688008,-0.01978236655724608,-0.018185958012462027,-0.0015964085447840518,4.531499999999999,4.624510752066238,4.438489247933761
2024-11-27,4.49,4.56,4.48,4.52,40463907,4.5339325032572155,4.426141820737836,4.256619503171497,4.5354913679654745,4.5552688397037775,-0.01977747173830302,-0.018504260757630227,-0.0012732109806727933,4.531499999999999,4.624510752066238,4.438489247933761
2024-11-28,4.51,4.51,4.43,4.46,71573250,4.531033189403991,4.426812279733126,4.258643189707104,4.523877311355402,4.548211888614609,-0.02433457725920718,-0.01967032405794562,-0.00466425320126156,4.531000000000001,4.625424573072519,4.436575426927482
2024-11-29,4.45,4.48,4.39,4.41,68776063,4.526286789819521,4.426479363302767,4.260149227620467,4.506357724993032,4.537973970939452,-0.03161624594642021,-0.02205950843564054,-0.009556737510779668,4.5255,4.633661915663173,4.417338084336827
2024-12-02,4.41,4.45,4.38,4.42,50362446,4.522118680414835,4.42635105907895,4.261739782569517,4.49307192114795,4.529235158277271,-0.03616323712932079,-0.02488025417437659,-0.0112829829549442,4.5215000000000005,4.638679349716268,4.404320650283733
2024-12-03,4.41,4.51,4.41,4.5,43345672,4.521251281182881,4.427809453948674,4.264110531001661,4.494137779432881,4.527069590997473,-0.03293181156459202,-0.026490565652419678,-0.006441245912172339,4.518,4.633342966842055,4.402657033157944
2024-12-04,4.51,4.53,4.45,4.49,66239125,4.5200257407443365,4.429040949910086,4.266358187409605,4.493501197981669,4.524323695368031,-0.030822497386362002,-0.027356951999208144,-0.003465545387153858,4.517,4.6329482643247735,4.401051735675227
2024-12-05,4.5,4.5,4.43,4.44,74217000,4.516887476401421,4.429257960802956,4.26808596663936,4.485270244446028,4.51807749571114,-0.03280725126511186,-0.02844701185238889,-0.004360239412722969,4.507,4.6128489489788524,4.401151051021147
2024-12-06,4.44,4.51,4.42,4.44,100554630,4.513872281248424,4.429470674450422,4.269796554035984,4.4783055914543315,4.512293977510314,-0.033988386055982645,-0.02955528669310764,-0.004433099362875004,4.5,4.604115320678217,4.395884679321783
2024-12-09,4.42,4.55,4.42,4.55,81055000,4.5152890545328,4.431857393768235,4.272584648025675,4.489335500461357,4.515087016213254,-0.025751515751896825,-0.02879453250486548,0.0030430167529686553,4.501,4.606621967411746,4.395378032588255
2024-12-10,4.61,4.63,4.49,4.51,103232190,4.515081640629552,4.433404772109458,4.274946989836365,4.492514654236533,4.514710200197458,-0.022195545960924434,-0.027474735196077273,0.005279189235152838,4.5035,4.607475958759358,4.399524041240642
2024-12-11,4.51,4.54,4.45,4.46,54608856,4.512921576291139,4.433931410285508,4.276788313320581,4.4875123997386055,4.5106575927754236,-0.023145193036818057,-0.02660882676422543,0.0034636337274073746,4.5025,4.607737825898903,4.3972621741010975
2024-12-12,4.45,4.58,4.44,4.53,123546440,4.513591318397369,4.435833758596686,4.279307832591023,4.494048953624974,4.512090363680948,-0.01804141005597426,-0.024895343422575197,0.006853933366600937,4.505000000000001,4.610356537528186,4.399643462471816
2024-12-13,4.5,4.51,4.42,4.44,83019313,4.51070538434257,4.435916258426454,4.280906759629919,4.485733729990363,4.506750336741619,-0.02101660675125583,-0.024119596088311324,0.003102989337055495,4.5015,4.610545861911069,4.392454138088931
2024-12-16,4.42,4.51,4.42,4.47,116975880,4.509109094760509,4.436591184002167,4.282788284409721,4.483313156145692,4.5040280895755735,-0.020714933429881732,-0.023438663556625407,0.002723730126743675,4.495,4.5948999499495775,4.395100050050423
2024-12-17,4.45,4.51,4.42,4.48,82663375,4.507967561632646,4.437450764516976,4.2847505900374845,4.482803439815585,4.502248231088494,-0.019444791272908546,-0.022639889099882037,0.0031950978269734906,4.49,4.582086915465381,4.397913084534619
2024-12-18,4.5,4.59,4.5,4.52,61529012,4.508439421960778,4.439085402843372,4.287091380186365,4.488525987536264,4.50356317693379,-0.01503718939752563,-0.021119349159410758,0.006082159761885128,4.4875,4.57326129663157,4.401738703368429
2024-12-19,4.51,4.57,4.49,4.53,60302004,4.509284934825062,4.4408856918959785,4.289508381378541,4.494906604838378,4.505521460123879,-0.010614855285501434,-0.019018450384628894,0.00840359509912746,4.4855,4.565117837197002,4.405882162802998
2024-12-20,4.53,4.57,4.52,4.52,58968157,4.509705133459374,4.4424523118584345,4.291801830320048,4.498767127170935,4.506593944559147,-0.007826817388211893,-0.016780123785345494,0.008953306397133601,4.4855,4.565117837197002,4.405882162802998
2024-12-23,4.55,4.66,4.54,4.63,103661440,4.514422579206065,4.446166127465197,4.295166986237262,4.518956799913868,4.515735133851062,0.003221666062805717,-0.012779765815715254,0.01600143187852097,4.491,4.591776981498397,4.390223018501603
2024-12-24,4.62,4.72,4.61,4.67,75400000,4.520523654531318,4.450598481376777,4.298896667966244,4.542194215311734,4.527162160973205,0.015032054338528944,-0.007217401784866415,0.022249456123395357,4.499499999999999,4.627010783857397,4.371989216142602
2024-12-27,4.61,4.61,4.44,4.49,83318500,4.519326648471266,4.451378709468325,4.300798193658122,4.534164336033006,4.524409408308523,0.009754927724483053,-0.003822935882996521,0.013577863607479574,4.498,4.625216351150032,4.370783648849969
2024-12-30,4.53,4.57,4.47,4.57,84746813,4.521313838727296,4.453727645914497,4.303476818596847,4.539677515104851,4.5277864891745585,0.011891025930292898,-0.0006801435203386374,0.012571169450631536,4.5035,4.633157240445445,4.373842759554555
2024-12-31,4.56,4.63,4.55,4.58,52375438,4.523615256816422,4.456228088569655,4.30622829303867,4.5458809743194895,4.53165415664311,0.014226817676379788,0.002301248719005048,0.01192556895737474,4.512,4.63826955294103,4.385730447058969
2025-01-02,4.56,4.6,4.48,4.51,85278313,4.5230813251765625,4.457292878895008,4.308255872212414,4.540360824424184,4.530050145039916,0.010310679384267551,0.0039031348520575486,0.006407544532210003,4.5165,4.635542009391338,4.397457990608661
2025-01-03,4.51,4.55,4.47,4.51,64098211,4.5225683320323835,4.4583365842634235,4.310263276469008,4.5356899283589245,4.528564949111034,0.007124979247890906,0.0045475037312242205,0.002577475516666685,4.5169999999999995,4.6358444361336595,4.398155563866339
2025-01-06,4.52,4.56,4.49,4.52,40473098,4.5224676131291535,4.459557642000782,4.312350209041456,4.533276093226782,4.527930508436142,0.005345584790640068,0.00470711994310739,0.0006384648475326778,4.5185,4.636698984766908,4.400301015233093
2025-01-07,4.54,4.58,4.51,4.55,89951875,4.52354731457507,4.4613485797829435,4.314714883578357,4.535849001961123,4.52956528558902,0.006283716372102788,0.00502243922890647,0.0012612771431963175,4.524,4.637207773584359,4.410792226415641
2025-01-08,4.55,4.61,4.53,4.55,71417125,4.524584674787812,4.463104053450608,4.317056029015387,4.538026078582488,4.531078968137981,0.006947110444507132,0.005407373472026603,0.0015397369724805291,4.5295000000000005,4.636359721129748,4.4226402788702535
2025-01-09,4.59,4.59,4.47,4.48,63496348,4.522836256168683,4.463438626649606,4.3186773620600105,4.529098989569798,4.527295340868501,0.0018036487012969005,0.004686628517880663,-0.0028829798165837623,4.526,4.634517279729669,4.41748272027033
2025-01-10,4.5,4.54,4.42,4.44,65021325,4.5195877755346165,4.4629744954288215,4.319884552487275,4.515391452712906,4.520829019322686,-0.005437566609779232,0.002661789492348684,-0.008099356102127916,4.5225,4.6371952483755425,4.407804751624457
2025-01-13,4.44,4.44,4.34,4.43,44625567,4.51607452943522,4.4623215351233,4.320980228581929,4.50225430614169,4.514100943817302,-0.011846637675611227,-0.00023989594124329853,-0.011606741734367928,4.520999999999999,4.639642319599405,4.402357680400593
2025-01-14,4.42,4.47,4.41,4.45,43788200,4.513483371418153,4.462077544328778,4.322264007402009,4.494215182119892,4.509352725756761,-0.015137543636869033,-0.0032194254803684457,-0.011918118156500587,4.5169999999999995,4.639490815981964,4.394509184018035
2025-01-15,4.45,4.51,4.43,4.49,61374325,4.512562454891951,4.46263046424306,4.323933022253731,4.493566692562986,4.50791919051552,-0.014352497952534016,-0.00544603997480156,-0.008906457977732455,4.5195,4.637563542213198,4.401436457786802
2025-01-16,4.51,4.57,4.49,4.57,57323540,4.514814907641287,4.464756593663989,4.326381449892997,4.505325662937912,4.512517768995852,-0.007192106057940073,-0.005795253191429263,-0.0013968528665108098,4.5245,4.642224254085245,4.4067757459147545
2025-01-17,4.57,4.59,4.52,4.54,50148000,4.5158025583220205,4.466246562106286,4.328507007605505,4.510660176332079,4.514553489810973,-0.0038933134788941004,-0.005414865248922231,0.001521551770028131,4.5275,4.643581867662126,4.411418132337873
2025-01-20,4.58,4.59,4.51,4.52,53955399,4.51596716387802,4.467310986619033,4.330412410514903,4.51209707228099,4.514956935010161,-0.0028598627291707146,-0.004903864744971929,0.002044002015801214,4.5275,4.643581867662126,4.411418132337873
2025-01-21,4.55,4.63,4.52,4.62,76015000,4.520046882941628,4.470334531438458,4.333293879066994,4.528697522699299,4.522737902787186,0.005959619912113467,-0.00273116781355485,0.008690787725668317,4.532,4.654898331965602,4.409101668034398
2025-01-22,4.62,4.62,4.52,4.54,49133829,4.5208293581203876,4.471714045667399,4.335350656389711,4.530436365360945,4.524016576654801,0.006419788706144125,-0.0009009765096150547,0.0073207652157591795,4.5329999999999995,4.655816936942456,4.410183063057543
2025-01-23,4.54,4.7,4.54,4.67,96274000,4.526679187213706,4.475640500208638,4.338680500604738,4.551907693766953,4.53483016356926,0.017077530197693314,0.002694724831846619,0.014382805365846695,4.535,4.665153755227912,4.404846244772088
2025-01-24,4.68,4.71,4.64,4.67,48399329,4.532299611244542,4.479489203174803,4.341977212041507,4.57007574087973,4.544842744045611,0.02523299683411917,0.00720237923230113,0.01803061760181804,4.535,4.665153755227912,4.404846244772088
2025-01-27,4.67,4.77,4.66,4.75,81292813,4.540836881391815,4.4848458526168855,4.3460371402799005,4.597756396129002,4.56003957782001,0.03771681830899176,0.013305267047639256,0.024411551261352506,4.548,4.706442418562476,4.389557581437524
2025-01-28,4.76,4.76,4.62,4.64,21591004,4.544725631141156,4.487918211971007,4.348962143859205,4.604255412109156,4.565962572055565,0.03829284005359046,0.018302781648829498,0.019990058404760962,4.5515,4.714751339963649,4.388248660036351
2025-02-03,4.58,4.6,4.46,4.56,36412473,4.545324625998365,4.489345574110194,4.3510620230247845,4.597446887169286,4.56552090005145,0.03192598711783656,0.021027422742630912,0.01089856437520565,4.5505,4.713285134456212,4.3877148655437885
2025-02-04,4.6,4.65,4.51,4.59,42648723,4.547076601449409,4.491338731058507,4.353439515332996,4.596301212220165,4.567334166714305,0.028967045505860156,0.022615347295276762,0.006351698210583394,4.5545,4.7170392260346,4.3919607739654
2025-02-05,4.62,4.64,4.54,4.6,77296313,4.54915202884355,4.493490439354378,4.3558928534888866,4.596870256493986,4.569753858068801,0.027116398425184762,0.023515557521258366,0.0036008409039263965,4.559,4.72134531098842,4.39665468901158
2025-02-06,4.6,4.65,4.56,4.62,76387875,4.551930380653608,4.495995579169143,4.358520785294968,4.600428678571834,4.573475794508149,0.026952884063685012,0.0242030228297437,0.0027498612339413135,4.564,4.727389106123776,4.400610893876224
2025-02-07,4.64,4.64,4.54,4.57,100535570,4.552638993176997,4.497461013245001,4.360625056088053,4.595747343406937,4.573218328248286,0.0225290151586508,0.02386822129552512,-0.00133920613687432,4.5649999999999995,4.7282789024948615,4.4017210975051375
2025-02-10,4.59,4.65,4.56,4.65,76637813,4.556457071875938,4.500481587240149,4.363504408763794,4.604093905959716,4.578905859489153,0.025188046470562497,0.024132186330532598,0.0010558601400298996,4.57,4.737212439728408,4.402787560271593
2025-02-11,4.66,4.68,4.62,4.65,54462422,4.560125421998451,4.503442347888858,4.366355111164155,4.611156381965913,4.584172092119586,0.02698428984632706,0.024702607033691492,0.0022816828126355666,4.5785,4.743820900069913,4.413179099930087
2025-02-12,4.67,4.79,4.65,4.78,127659190,4.568747954469099,4.508918737039574,4.370470980704811,4.637132323201927,4.598677863073691,0.03845446012823572,0.027452977652600342,0.011001482475635382,4.5954999999999995,4.770025069832175,4.420974930167824
2025-02-13,4.78,4.82,4.72,4.74,98126313,4.575463720960507,4.513494603632849,4.37414788636944,4.6529581196324,4.609146169512677,0.043811950119723164,0.03072477214602491,0.013087177973698256,4.611,4.778916645988196,4.4430833540118035
2025-02-14,4.76,4.81,4.69,4.76,79896875,4.582700437785586,4.518375898610416,4.377987210883177,4.669426101227415,4.620320527326553,0.04910557390086279,0.034400932496992484,0.014704641403870303,4.6265,4.789260560333038,4.463739439666962
2025-02-17,4.74,4.92,4.73,4.91,72265500,4.5955357147351705,4.5261308313112,4.383280870476379,4.706437470269352,4.641778266043104,0.06465920422624727,0.040452586842843447,0.024206617383403822,4.647499999999999,4.840048695139498,4.4549513048605
2025-02-18,4.89,4.97,4.87,4.95,43962223,4.609436274941634,4.534524280196126,4.388919866790047,4.743908628689452,4.664609505595466,0.07929912309398546,0.04822189409307185,0.031077229000913607,4.6665,4.896132314798948,4.436867685201052
2025-02-19,4.95,4.95,4.87,4.93,41345028,4.622007401414511,4.54235548256848,4.3943037487125345,4.772538070429536,4.684268060736542,0.08827000969299359,0.056231517213056206,0.03203849247993738,4.686,4.934789067283759,4.437210932716241
2025-02-20,4.93,4.98,4.88,4.9,39668364,4.632909071947276,4.549437552220589,4.3993355522079325,4.792147598055761,4.700248204385687,0.09189939367007405,0.06336509250445978,0.02853430116561427,4.705,4.95817977802329,4.4518202219767105
2025-02-21,4.94,4.96,4.87,4.96,51508290,4.645736167165031,4.557567501681568,4.404914302932231,4.817971044508721,4.719489078134895,0.09848196637382589,0.070388467278333,0.028093499095492885,4.7219999999999995,4.994954208613683,4.449045791386316
2025-02-24,4.9,5.05,4.88,4.97,60258547,4.658452395903657,4.565734481846289,4.4105370461866364,4.841360114584303,4.738045442717496,0.10331467186680676,0.07697370819602777,0.026340963670778997,4.7435,5.0233767585919225,4.463623241408078
2025-02-25,4.98,5.0,4.89,4.91,57947172,4.668317007829004,4.572551620819629,4.415506826821596,4.851920096955949,4.7507828173310145,0.10113727962493435,0.08180642248180908,0.01933085714312527,4.7555,5.042238556877028,4.468761443122971
2025-02-26,4.98,5.05,4.96,5.01,57222141,4.681716340855318,4.581213964961814,4.4214221817785955,4.876240082039649,4.76998409012131,0.10625599191833857,0.08669633636911497,0.019559655549223592,4.7725,5.076728532521065,4.468271467478935
2025-02-27,4.98,5.07,4.98,5.0,122268500,4.694198052978639,4.589506757734847,4.427179174994729,4.895280069418164,4.78702230566788,0.1082577637502844,0.09100862184534886,0.01724914190493554,4.785,5.104656065169927,4.465343934830074
2025-02-28,5.0,5.05,4.93,4.93,178326630,4.703445188155948,4.596249198175741,4.432182367283339,4.900621597199985,4.797613245988777,0.10300835121120766,0.09340856771852063,0.00959978349268703,4.7995,5.117837870822684,4.481162129177316
2025-03-03,4.93,5.01,4.89,4.98,70780750,4.714290474894931,4.603848223954439,4.437633289001913,4.912833659169218,4.8111233759155345,0.10171028325368336,0.09506891082555317,0.006641372428130191,4.8205,5.128102015597946,4.512897984402054
2025-03-04,4.97,5.05,4.91,5.01,57702192,4.725886926859835,4.611890833381083,4.443328480156123,4.927782326989338,4.825854977699569,0.10192734928976943,0.09644059851839644,0.005486750771372992,4.8415,5.140516721940292,4.5424832780597075
2025-03-05,5.02,5.15,5.02,5.1,84467000,4.7405580277672925,4.621556361432943,4.449862525129694,4.954277353606363,4.846162016388489,0.10811533721787381,0.09877554625829191,0.0093397909595819,4.8665,5.164175998360496,4.568824001639505
2025-03-06,5.15,5.17,5.06,5.09,53342032,4.754261634521516,4.630832473087736,4.456232052242831,4.975157760743845,4.8642240892486015,0.11093367149524358,0.10120717130568224,0.009726500189561338,4.89,5.180241278938605,4.599758721061394
2025-03-07,5.1,5.16,5.08,5.11,76889125,4.768212158657927,4.640320938967187,4.462737205951859,4.995902720629408,4.882429712267224,0.11347300836218377,0.10366033871698255,0.009812669645201222,4.917,5.182563551715812,4.651436448284188
2025-03-10,5.12,5.16,5.03,5.08,67322688,4.780439132828205,4.649027455027243,4.468879124300597,5.008840763609499,4.897064548395577,0.11177621521392211,0.10528351401637047,0.006492701197551645,4.9384999999999994,5.182899263501174,4.694100736498825
2025-03-11,5.06,5.15,5.01,5.08,53879043,4.792186617815334,4.657561564828684,4.474959929033925,5.019788338438808,4.910615322588497,0.10917301585031058,0.1060614143831585,0.0031116014671520864,4.96,5.172696967538129,4.747303032461871
2025-03-12,5.08,5.14,5.0,5.05,90094563,4.802296946528458,4.665332622950888,4.480681720784831,5.024436286371299,4.920940113507868,0.10349617286343094,0.10554836607921299,-0.0020521932157820527,4.9735,5.172625588511159,4.77437441148884
2025-03-13,5.05,5.12,5.02,5.1,72194375,4.813971576076362,4.6739398977439395,4.486844091722295,5.036061473083406,4.934203808803581,0.10185766427982568,0.10481022571933554,-0.0029525614395098654,4.9915,5.166574269953969,4.816425730046031
2025-03-14,5.1,5.25,5.07,5.18,87848625,4.828325631916505,4.683960889867822,4.493741165436502,5.058205861839806,4.95241093407739,0.10579492776241572,0.10500716612795159,0.0007877616344641319,5.0125,5.171481130955579,4.8535188690444215
2025-03-17,5.2,5.29,5.19,5.25,61134000,4.84486188164527,4.695169585117964,4.501266128964497,5.0877126523259895,4.9744545685901755,0.11325808373581392,0.10665734964952407,0.006600734086289847,5.0295000000000005,5.21198013590502,4.847019864094981
2025-03-18,5.27,5.32,5.23,5.31,40285379,4.863102592168985,4.707344444818598,4.50931323215888,5.121910705814298,4.999309785731644,0.12260092008265389,0.10984606373615004,0.012754856346503848,5.0475,5.263080611372901,4.8319193886270995
2025-03-19,5.25,5.36,5.24,5.33,66194375,4.881412294436869,4.719674257792486,4.5174792696498365,5.15392444338133,5.02380535715893,0.13011908622239954,0.11390066823339995,0.01621841798899959,5.0675,5.308487551545538,4.826512448454462
2025-03-20,5.29,5.37,5.28,5.29,48027458,4.897435341713854,4.7309678368461,4.525166043086156,5.174859144399587,5.043523478850862,0.13133566554872544,0.11738766769646505,0.013947997852260391,5.087000000000001,5.333665765763945,4.840334234236057
2025-03-21,5.26,5.33,5.23,5.26,69088688,4.9116535636074286,4.7414437212649885,4.532477823751966,5.1879577375688815,5.059558776713761,0.1283989608551206,0.11958992632819616,0.008809034526924428,5.101999999999999,5.352407667614058,4.851592332385941
2025-03-24,5.23,5.29,5.19,5.28,52190848,4.926098521897333,4.7521082020320184,4.5399158553564245,5.202118085635208,5.075887756216445,0.126230329418763,0.12091800694630954,0.0053123224724534596,5.1175,5.371655464233827,4.863344535766172
2025-03-25,5.24,5.3,5.22,5.23,36183786,4.9380162269209675,4.761571405952176,4.546782364258351,5.206407610922099,5.087303477978189,0.1191041329439102,0.12055523214582968,-0.0014510992019194785,5.1335,5.3732728091337965,4.893727190866203
2025-03-26,5.22,5.26,5.13,5.2,62119278,4.948290100375048,4.770253160289757,4.55328204222593,5.2054218246263915,5.095651368498324,0.1097704561280679,0.11839827694227732,-0.008627820814209416,5.143,5.377444023169523,4.908555976830477
2025-03-27,5.2,5.22,5.08,5.09,47683090,4.953847351340732,4.776584780878078,4.558622519417712,5.187664620837715,5.0952327486095585,0.09243187222815674,0.11320499599945322,-0.020773123771296476,5.1475,5.3741164159982935,4.9208835840017064
2025-03-28,5.07,5.07,4.83,4.97,138042500,4.954480788543057,4.7804147852171255,4.562715827682212,5.154177756093452,5.085956248712554,0.0682215073808976,0.1042082982757421,-0.035986790894844495,5.149500000000001,5.368997152600921,4.930002847399081
2025-03-31,4.97,4.97,4.78,4.81,142030190,4.948814875266859,4.781000631054409,4.56517636671025,5.101227332079074,5.065515045104217,0.0357122869748574,0.09050909601556516,-0.05479680904070776,5.141,5.396335073971266,4.885664926028734
2025-04-01,4.81,4.85,4.74,4.83,78796563,4.944155468393649,4.781970915587985,4.567811427738008,5.0595000502207546,5.048069486207608,0.011430564013146238,0.07469338961508137,-0.06326282560193514,5.132,5.4162252627756935,4.847774737224306
2025-04-02,4.83,4.91,4.8,4.9,50859055,4.942423881397819,4.784308125180303,4.571116786665988,5.034961580956023,5.037101376118156,-0.00213979516213314,0.05932675265963847,-0.06146654782177161,5.122,5.423569229199387,4.820430770800613
2025-04-03,4.85,4.88,4.81,4.82,58248188,4.937622944872415,4.785014894978713,4.573593236549909,5.00189056850125,5.0210197927019955,-0.019129224200745476,0.04363555728756168,-0.06276478148830716,5.1085,5.437515197217261,4.77948480278274
2025-04-07,4.57,4.73,4.5,4.53,198007320,4.921637731348007,4.779965095078143,4.573159473002149,4.929292019501058,4.984647956205552,-0.05535593670449401,0.02383725848915054,-0.07919319519364455,5.0795,5.494010554750918,4.664989445249082
2025-04-08,4.5,4.56,4.47,4.52,109865000,4.905887232079458,4.774817271413229,4.5726305230220285,4.8663240165008945,4.950229589079214,-0.08390557257831954,0.002288692275656524,-0.08619426485397606,5.0515,5.532427229422409,4.5705727705775905
2025-04-09,4.49,4.5,4.36,4.46,94235313,4.88840145827242,4.76858326603871,4.571509821300417,4.803812629346911,4.913916286184457,-0.11010365683754575,-0.02018977754698393,-0.08991387929056183,5.0205,5.565714636633974,4.475285363366027
2025-04-10,4.47,4.63,4.47,4.58,68443688,4.876307283438208,4.764848943938933,4.571594300690463,4.769379917139694,4.889181746467091,-0.1198018293273968,-0.040112187903066504,-0.0796896414243303,4.997,5.57465387560365,4.41934612439635
2025-04-11,4.58,4.67,4.53,4.63,60146774,4.866648174283768,4.76217866782133,4.572175451927374,4.747936852964356,4.869983098580639,-0.12204624561628297,-0.0564989994457098,-0.06554724617057317,4.9735,5.570401164347932,4.376598835652067
2025-04-14,4.67,4.8,4.64,4.79,53364032,4.863642363527542,4.762729585290215,4.574342860365909,4.754408106354455,4.864058424611703,-0.10965031825724836,-0.06712926320801751,-0.042521055049230844,4.954,5.548117833430304,4.359882166569696
2025-04-15,4.79,4.86,4.77,4.82,60700473,4.861930898291169,4.76386365290823,4.576787210014009,4.764499166915308,4.860794837603429,-0.09629567068812062,-0.07296254470403814,-0.02333312598408248,4.9325,5.5131849403936,4.3518150596064
2025-04-16,4.82,4.86,4.76,4.77,47403407,4.858325765024849,4.763985164731829,4.578709725337253,4.765345448928338,4.854069294077249,-0.08872384514891074,-0.07611480479301266,-0.012609040355898077,4.9055,5.463226635548205,4.347773364451795
2025-04-17,4.77,4.82,4.77,4.82,23731086,4.856822793847404,4.765094369390605,4.581110623592604,4.773753841400902,4.851545642664119,-0.07779180126321705,-0.07645020408705354,-0.0013415971761635143,4.880000000000001,5.403335456471202,4.356664543528799
2025-04-22,4.88,4.88,4.77,4.87,50423747,4.857339547029859,4.767171708610593,4.583985144750887,4.788560942723841,4.852912632096406,-0.06435168937256552,-0.07403050114415594,0.009678811771590412,4.859,5.347380998811299,4.370619001188701
2025-04-23,4.78,4.82,4.74,4.79,43861895,4.854698780479668,4.76762375398464,4.586035043808093,4.788782336150942,4.848252437126302,-0.05947010097535976,-0.0711184211103967,0.011648320135036944,4.835500000000001,5.288378570921525,4.382621429078476
2025-04-24,4.79,4.82,4.74,4.76,43780793,4.850985102813799,4.767472788559201,4.587766038397067,4.7843542844354126,4.84171521956139,-0.05736093512597762,-0.06836692391351289,0.011005988787535267,4.8095,5.214492592524756,4.4045074074752435
2025-04-25,4.79,4.82,4.75,4.77,48997918,4.847809216428945,4.7675228323501075,4.5895793116468475,4.782145932983811,4.836402981075361,-0.054257048091550075,-0.06554494874912033,0.011287900657570252,4.7865,5.142661480230421,4.430338519769579
2025-04-28,4.78,4.86,4.76,4.84,45837129,4.847502972647417,4.768958023788719,4.5920710597896655,4.791046558678609,4.836669426921631,-0.0456228682430222,-0.0615605326479007,0.015937664404878503,4.7684999999999995,5.071701253295439,4.46529874670456
2025-04-29,4.88,4.9,4.8,4.85,39945989,4.8476008952886955,4.770562815396863,4.594637516906187,4.8001163188819,4.837656876779288,-0.03754055789738864,-0.05675653769779829,0.01921597980040965,4.7565,5.024848653806807,4.488151346193193
2025-04-30,4.83,4.83,4.55,4.78,211643440,4.844949879787178,4.7707496903395,4.5964819197230415,4.797021500592376,4.833385997017859,-0.036364496425482784,-0.05267812944333519,0.016313633017852408,4.747,4.99728783430268,4.4967121656973195
2025-05-02,4.78,4.85,4.74,4.77,28046000,4.842010668815132,4.770734844986242,4.598208467785499,4.792864346655088,4.8286907379795,-0.03582639132441123,-0.0493077818195504,0.013481390495139169,4.745,4.9938774798970895,4.496122520102911
2025-05-06,4.74,4.78,4.7,4.76,73624625,4.838794564155715,4.770522273798395,4.599818333777683,4.787808293323536,4.823602535166203,-0.035794241842666885,-0.046605073824173705,0.01081083198150682,4.7415,4.987449181742746,4.4955508182572546
2025-05-07,4.79,4.84,4.76,4.79,89816875,4.836881051835883,4.770907971346942,4.6017106886654675,4.788145478966069,4.8211134584872255,-0.03296797952115682,-0.04387765496357033,0.01090967544241351,4.736,4.97225410049336,4.49974589950664
2025-05-08,4.79,4.85,4.75,4.78,76277875,4.834650422352123,4.771088011518289,4.603484711663821,4.786892328355904,4.818068017117801,-0.03117568876189658,-0.04133726172323558,0.010161572961339002,4.734,4.968042731140975,4.499957268859025
2025-05-09,4.78,4.85,4.76,4.78,93672125,4.832507268534393,4.771264486537729,4.605241082692042,4.785831970147303,4.815248163997963,-0.0294161938506603,-0.038953048148720526,0.009536854298060227,4.746499999999999,4.961560456616101,4.531439543383898
2025-05-12,4.83,4.9,4.79,4.87,100420750,4.833977571729123,4.773219645220149,4.607875499779684,4.798780897816949,4.819303855553669,-0.02052295773672075,-0.03526703006632057,0.014744072329599824,4.764,4.958463364158717,4.569536635841284
2025-05-13,4.86,4.96,4.83,4.95,56798415,4.8385274708770005,4.776720246304898,4.611279723662474,4.82204537507588,4.828985051438583,-0.0069396763627027624,-0.02960155932559701,0.022661882962894248,4.788500000000001,4.942937689700166,4.634062310299836
2025-05-14,4.96,5.07,4.93,5.06,73456813,4.8472126680975105,4.7823297463780685,4.615744602033991,4.85865377891036,4.84609726985054,0.012556509059820087,-0.021169945648513593,0.03372645470833368,4.8125,4.9786174283449025,4.6463825716550975
2025-05-15,5.06,5.08,5.0,5.02,67135500,4.853988641897609,4.787036088033949,4.6197670438047975,4.883476274462613,4.858978953565314,0.02449732089729828,-0.012036492339351218,0.0365338132366495,4.832,4.9994037036625025,4.664596296337497
2025-05-16,5.02,5.04,4.94,5.01,52868715,4.860106734372213,4.791451215003573,4.623649958791815,4.902941463006826,4.870165697745661,0.03277576526116466,-0.0030740408192480436,0.0358498060804127,4.843,5.026095603442362,4.659904396557638
2025-05-19,5.0,5.07,4.97,4.99,62813278,4.865200587926243,4.795382874112413,4.627295232833688,4.916335084082698,4.8790423127274645,0.03729277135523379,0.004999321615648323,0.032293449739585464,4.8515,5.045022608498134,4.657977391501865
2025-05-20,5.0,5.05,4.98,5.04,46231426,4.872055466831096,4.800226777595335,4.63140174792987,4.935360455762283,4.8909651043772815,0.044395351385001725,0.012878527569519006,0.03151682381548272,4.865,5.071155281280694,4.6588447187193065
2025-05-21,5.03,5.11,5.01,5.06,48807817,4.879425840680857,4.805370801801368,4.635666407154448,4.954535770260393,4.903486207756742,0.05104956250365156,0.020512734556345516,0.03053682794730604,4.877,5.098639346687183,4.655360653312816
2025-05-22,5.04,5.17,5.04,5.16,54424000,4.890428748889451,4.8123931621617375,4.640883656834504,4.986145651758794,4.922487229404391,0.06365842235440322,0.029141872115957056,0.034516550238446166,4.8915,5.145056699773287,4.637943300226713
2025-05-23,5.16,5.18,5.09,5.11,56546192,4.899039386187904,4.818286366871406,4.645551481144609,5.005200166872826,4.936377064263325,0.06882310260950142,0.03707811821466593,0.03174498439483549,4.9075,5.17349812029396,4.6415018797060394
2025-05-26,5.11,5.17,5.04,5.06,55011661,4.905351567121712,4.8230727754482094,4.649675347003867,5.0136309104308525,4.945534318762338,0.06809659166851478,0.0432818129054357,0.02481477876307908,4.9225,5.187367891598661,4.65763210840134
2025-05-27,5.06,5.15,5.06,5.11,48468165,4.913376995862037,4.828754502667056,4.654255691809799,5.0284569242107215,4.957716961816979,0.07073996239374214,0.04877344280309699,0.021966519590645148,4.9395,5.206668486165414,4.672331513834585
2025-05-28,5.1,5.15,5.02,5.08,67969438,4.9199112313184274,4.833729661030085,4.6584919535828355,5.036386628178303,4.966774964645351,0.06961166353295223,0.052941086949068045,0.016670576583884184,4.9515,5.221261005336055,4.681738994663945
2025-05-29,5.1,5.12,5.04,5.09,46359497,4.926581379109861,4.838804321207706,4.662785565984997,5.044634839227795,4.975902745041992,0.06873209418580295,0.05609928839641502,0.012632805789387927,4.9635,5.235476101891174,4.691523898108826
2025-05-30,5.04,5.14,5.04,5.1,82146438,4.933382109340847,4.84397651286696,4.667135958363256,5.053152556269673,4.985095134298141,0.06805742197153197,0.05849091511143841,0.009566506860093561,4.9795,5.243959826816698,4.715040173183302
2025-06-02,5.0,5.02,4.86,4.95,32755899,4.934033791327481,4.8460759878596935,4.669950525941732,5.037282932228185,4.9824954947205,0.054787437507684444,0.05775021959068762,-0.002962782083003178,4.9885,5.235504048549649,4.741495951450351
2025-06-03,4.97,5.11,4.96,5.11,61218086,4.9409344269616975,4.851302205921877,4.674329127673656,5.048470173423849,4.9919402728893525,0.056529900534496136,0.05750615577944933,-0.0009762552449531919,5.005999999999999,5.2346831869637915,4.777316813036207
2025-06-04,5.11,5.12,5.03,5.12,48166067,4.947956606296533,4.856622954319464,4.678763663716705,5.059474762127872,5.001426178601252,0.058048583526619346,0.05761464132888333,0.0004339421977360147,5.0225,5.2333909670894325,4.811609032910567
2025-06-05,5.12,5.17,5.1,5.11,29419016,4.9543112491868655,4.861640321560662,4.683054572535444,5.067247875646661,5.009468683890049,0.05777919175661239,0.05764755141442914,0.00013164034218324933,5.039,5.22108789086569,4.856912109134309
2025-06-06,5.11,5.16,5.06,5.11,35447180,4.960416690395224,4.866558334995104,4.6873027857440475,5.073825125547175,5.016915448046341,0.05690967750083331,0.05749997663170998,-0.0005902991308766661,5.0555,5.195710555950383,4.915289444049618
2025-06-09,5.1,5.2,5.09,5.18,38704618,4.9690278005758035,4.872765100638765,4.692205245587391,5.090159721616841,5.028995785228094,0.06116393638874662,0.05823276858311731,0.0029311678056293117,5.071,5.193131077125827,4.948868922874173
2025-06-10,5.18,5.29,5.14,5.21,52959723,4.978477690749301,4.879443019437997,4.697357432198461,5.108596687521942,5.042403504840828,0.06619318268111396,0.05982485140271664,0.006368331278397317,5.084,5.207190908755129,4.960809091244871
2025-06-11,5.18,5.29,5.18,5.27,60680520,4.989909938170897,4.887176821033284,4.703055368196487,5.13342796636472,5.059262504482248,0.07416546188247164,0.06269297349866765,0.011472488383803991,5.0945,5.241261711627775,4.947738288372225
2025-06-12,5.26,5.32,5.23,5.25,91550375,5.000109548438705,4.894361438438565,4.70849760333881,5.151362125385532,5.073391207853934,0.0779709175315979,0.0657485623052537,0.012222355226344211,5.106,5.263276826010426,4.948723173989574
2025-06-13,5.25,5.31,5.21,5.26,71825000,5.010301330852873,4.901601805994237,4.713985189375241,5.168075644556988,5.087214081346235,0.08086156321075322,0.06877116248635361,0.012090400724399611,5.1185,5.2828502357768725,4.954149764223128
2025-06-16,5.26,5.43,5.23,5.42,82168313,5.026367945329231,4.911867116766628,4.721010212366532,5.2068332377020665,5.111864890135403,0.09496834756666317,0.07401059950241552,0.020957748064247647,5.14,5.340099975012274,4.939900024987725
2025-06-17,5.42,5.44,5.35,5.38,44131317,5.040235869041811,4.921137074850457,4.727567324681293,5.233474278055595,5.131726750125374,0.1017475279302209,0.0795579851879766,0.0221895427422443,5.157,5.377009090721071,4.936990909278929
2025-06-18,5.33,5.43,5.33,5.42,38734743,5.05512858005978,4.931015548615795,4.734457202047649,5.262170542970119,5.153080324190161,0.10909021877995784,0.08546443190637286,0.023625786873584978,5.175,5.418022632690686,4.9319773673093135
2025-06-19,5.42,5.47,5.33,5.37,50119286,5.067476478880965,4.939708310029343,4.740781010982498,5.278759690205486,5.169148448324223,0.1096112418812627,0.09029379390135084,0.01931744797991186,5.1855,5.442752793959389,4.928247206040611
2025-06-20,5.37,5.48,5.33,5.46,101075820,5.082869558140535,4.9500111157713365,4.747937418833418,5.306642814789257,5.190693007707614,0.11594980708164293,0.09542499653740927,0.020524810544233663,5.203,5.483862955905388,4.922137044094613
2025-06-23,5.46,5.52,5.38,5.48,31349086,5.098443300958554,4.960505945162003,4.7552216236211455,5.333313150975525,5.212123155284828,0.12118999569069722,0.10057799636806686,0.02061199932263036,5.224,5.521281011838818,4.926718988161182
2025-06-24,5.48,5.6,5.48,5.57,41783352,5.116935720528807,4.972575134366716,4.763328871147303,5.369726512363906,5.238632551189656,0.13109396117425032,0.10668118932930355,0.024412771844946765,5.247,5.575030486387944,4.918969513612056
2025-06-25,5.59,5.63,5.53,5.61,51468633,5.136271574625717,4.985197408933711,4.7717534594940965,5.40669166430792,5.2661412511015335,0.14055041320638662,0.11345503410472016,0.027095379101666456,5.2735,5.627859986454327,4.9191400135456735
2025-06-26,5.63,5.63,5.54,5.6,41474200,5.154457003071768,4.997371717667697,4.779994718603608,5.436431408260548,5.290871528797716,0.1455598794628319,0.11987600317634252,0.02568387628648937,5.299,5.669885427052494,4.928114572947507
2025-06-27,5.58,5.64,5.48,5.55,89565938,5.169968493147385,5.008314851971306,4.787656462697105,5.453903499297386,5.310066230368256,0.14383726892913007,0.12466825632690004,0.01916901260223003,5.3215,5.6959475931287455,4.947052406871255
2025-06-30,5.49,5.51,5.44,5.48,44116352,5.182126591455331,5.017655151932271,4.79454545311803,5.457918345559327,5.322653917007645,0.13526442855168241,0.12678749077185653,0.008476937779825888,5.348000000000001,5.68685690195112,5.009143098048882
2025-07-02,5.53,5.6,5.5,5.52,27610571,5.195376529045318,5.027602574666285,4.8017639063208355,5.4674693693194305,5.337272145377449,0.1301972239419813,0.12746943740588149,0.0027277865360998133,5.3685,5.696724008871853,5.040275991128147
2025-07-03,5.52,5.55,5.47,5.52,23395536,5.20810686123962,5.0373530187323,4.808910534118638,5.475551004808749,5.350807542016157,0.1247434627925923,0.12692424248322365,-0.0021807796906313515,5.3885,5.702141515109065,5.074858484890934
2025-07-04,5.49,5.56,5.46,5.54,34943407,5.221122278445909,5.047306424301957,4.816185056167209,5.485466234838173,5.364821798163108,0.12064443667506453,0.12566828132159183,-0.0050238446465273034,5.41,5.702574776766402,5.117425223233599
2025-07-07,5.54,5.69,5.48,5.69,63773219,5.239509640075482,5.060033029761324,4.824879732225247,5.516932967939993,5.388909072373248,0.12802389556674498,0.12613940417062247,0.0018844913961225118,5.439,5.721694181050671,5.156305818949329
2025-07-08,5.7,5.83,5.69,5.82,59623836,5.26227396791566,5.075081880657139,4.834781426431961,5.563558665179993,5.420841733678933,0.14271693150106035,0.12945490963671005,0.013262021864350299,5.470999999999999,5.773383862003098,5.1686161379969
2025-07-09,5.82,5.82,5.71,5.76,43689348,5.281792635840536,5.088644615693632,4.843987581392838,5.593780408998455,5.4459645682212345,0.14781584077722076,0.1331270958648122,0.014688744912408569,5.4985,5.800974792337987,5.196025207662013
2025-07-10,5.72,5.9,5.72,5.86,31886903,5.304467434435025,5.103918979739302,4.854097157697388,5.63473726915254,5.476633859464106,0.15810340968843395,0.13812235862953656,0.019981051058897387,5.5280000000000005,5.850031054403001,5.205968945597
2025-07-11,5.89,5.93,5.79,5.79,46740211,5.323507927202279,5.117504742516742,4.863409623789951,5.658623843129072,5.499846166170469,0.15877767695860268,0.1422534222953498,0.016524254663252885,5.555000000000001,5.869737986267797,5.240262013732204
2025-07-14,5.75,5.95,5.75,5.87,27902227,5.344938988880621,5.132405638704529,4.873425448428857,5.6911432518784455,5.52726496867636,0.1638782832020853,0.1465783944766969,0.0172998887253884,5.5855,5.898196338321872,5.272803661678127
2025-07-15,5.88,5.93,5.78,5.83,48036485,5.363960989316675,5.146219388433152,4.882943603170858,5.712505828512531,5.549689785811445,0.16281604270108563,0.14982592412157467,0.012990118579510962,5.606,5.926274881937229,5.2857251180627705
2025-07-16,5.82,5.92,5.82,5.85,39278438,5.383021342676806,5.160155638167148,4.892566054880602,5.733658777972142,5.571934986862449,0.1617237911096927,0.1522054975191983,0.009518293590494414,5.6295,5.948966743182927,5.310033256817073
2025-07-17,5.85,5.92,5.78,5.81,36405500,5.399765603748304,5.173023843351957,4.901694750851939,5.7454035813610425,5.5895694322800455,0.1558341490809969,0.15293122783155802,0.002902921249438889,5.649,5.962490031739297,5.335509968260703
2025-07-18,5.79,5.87,5.79,5.86,46406559,5.417814011444449,5.186627331602413,4.911230126465353,5.76303379961319,5.609601326185227,0.15343247342796307,0.15303147695083905,0.00040099647712402153,5.6735,5.9721821052555795,5.37481789474442
2025-07-21,5.85,5.9,5.77,5.78,49466415,5.432017383544666,5.198377285432068,4.919874602818931,5.765643984288084,5.622223450171506,0.1434205341165775,0.15110928838398674,-0.007688754267409226,5.689500000000001,5.974699929873598,5.4043000701264035
2025-07-22,5.8,5.81,5.69,5.77,55936833,5.445271603797817,5.20969654710668,4.9283335619948625,5.766314140551455,5.633169861269913,0.1331442792815425,0.14751628656349788,-0.014372007281955396,5.704,5.974214729428105,5.433785270571894
2025-07-23,5.72,5.8,5.71,5.77,44608000,5.458006050707707,5.2207916649857555,4.936708352422775,5.766881195851231,5.643305427101771,0.1235757687494603,0.14272818300069037,-0.01915241425123007,5.714,5.978378516524895,5.449621483475106
2025-07-24,5.77,5.82,5.71,5.74,58184766,5.469064636954464,5.231073018154355,4.9447013041399615,5.762745627258734,5.650467988057195,0.11227763920153855,0.13663807424086002,-0.024360435039321476,5.7205,5.980690314961768,5.460309685038233
2025-07-25,5.74,5.75,5.65,5.67,88966000,5.476944455113113,5.2397646415572385,4.95191820658633,5.748477069218929,5.651914803756662,0.09656226546226687,0.1286229124851414,-0.03206064702287453,5.723999999999999,5.979452539623123,5.468547460376875
2025-07-28,5.71,5.77,5.65,5.7,48486102,5.485691731383187,5.248878213011551,4.9593618065207945,5.741019058569863,5.655476670145058,0.08554238842480544,0.12000680767307421,-0.03446441924826878,5.7315,5.974586404391326,5.488413595608673
2025-07-29,5.71,5.73,5.63,5.66,36802790,5.492527349760317,5.257019238496471,4.96633333083402,5.728554588020653,5.655811731615794,0.07274285640485978,0.11055401741943133,-0.03781116101457155,5.7405,5.957615176806927,5.523384823193073
2025-07-30,5.63,5.73,5.56,5.61,45674004,5.497134120357951,5.2640089565460455,4.972737974308309,5.710315420632861,5.652418270014624,0.05789715061823664,0.1000226440591924,-0.04212549344095576,5.745,5.946841521991644,5.5431584780083565
2025-07-31,5.6,5.6,5.53,5.55,46675321,5.49920729210862,5.269672145525331,4.97848187506146,5.6856515097662665,5.644831731495023,0.040819778271243834,0.08818207090160268,-0.04736229263035885,5.7465,5.941976341279203,5.551023658720798
2025-08-01,5.53,5.58,5.46,5.48,31553977,5.498454064967106,5.273837053534731,4.983472105160351,5.654012815956071,5.632621973606502,0.021390842349569006,0.07482382519119594,-0.05343298284162694,5.7435,5.952906303629817,5.534093696370183
2025-08-04,5.48,5.56,5.44,5.53,25334118,5.4996911604585925,5.278909587128102,4.988910193666219,5.634933921193599,5.625020345931947,0.009913575261651708,0.0618417752052871,-0.05192819994363539,5.7355,5.9638396592795555,5.507160340720445
2025-08-05,5.56,5.59,5.53,5.56,32215313,5.502056212989628,5.2844757339176445,4.994592679301381,5.623405625625352,5.620204024011062,0.0032016016142906167,0.050113740487087804,-0.04691213887279719,5.7225,5.959554845974309,5.485445154025691
2025-08-06,5.57,5.63,5.56,5.56,38633270,5.504328518362584,5.289931659978682,5.0002186227909196,5.613650913990683,5.615744466676909,-0.002093552686226019,0.039672281852425044,-0.04176583453865106,5.7125,5.959066421071288,5.465933578928713
2025-08-07,5.56,5.78,5.53,5.76,75467813,5.514354850975816,5.2992399439395,5.007778636494493,5.636166157992116,5.626430061737879,0.00973609625423677,0.03368504473278739,-0.02394894847855062,5.7075000000000005,5.94581701575822,5.4691829842417805
2025-08-08,5.7,5.77,5.64,5.69,38072071,5.521242896035588,5.306977766831786,5.01456690876818,5.64444828753179,5.631138946053591,0.013309341478199066,0.029609904081869726,-0.01630056260367066,5.7025,5.9378614241967105,5.467138575803289
2025-08-11,5.69,5.72,5.61,5.61,22779176,5.52472356677929,5.312978207092542,5.020491616143622,5.639148550988438,5.62957309819777,0.00957545279066796,0.025603013823629374,-0.016027561032961414,5.689500000000001,5.914930698885277,5.4640693011147246
2025-08-12,5.63,5.73,5.63,5.7,24210860,5.531597152395789,5.320642004971898,5.027252893594929,5.648510312374833,5.634789905738676,0.013720406636156923,0.023226492386134882,-0.009506085749977959,5.683,5.899157350094565,5.466842649905435
2025-08-13,5.7,5.75,5.66,5.74,36976688,5.539769813086151,5.328946123685325,5.034344904603936,5.662585648932551,5.64258324605433,0.020002402878221304,0.02258167448455217,-0.002579271606330865,5.6775,5.881644556625702,5.473355443374299
2025-08-14,5.73,5.82,5.73,5.78,55169395,5.549190604729832,5.337877883612348,5.041764358289469,5.6806493952506205,5.65276226486512,0.02788713038550039,0.023642765664741817,0.004244364720758575,5.676,5.876638979263513,5.475361020736488
2025-08-15,5.78,5.78,5.58,5.59,70393000,5.550790973171799,5.342870400768539,5.047219439301514,5.666703334442833,5.648113208208445,0.018590126234387938,0.022632237778671044,-0.004042111544283106,5.6625,5.847527025052841,5.477472974947158
2025-08-18,5.59,5.61,5.51,5.53,64243653,5.549975640890552,5.346575937386983,5.052023225975132,5.645672052220858,5.639364081674486,0.006307970546371777,0.01936738433221119,-0.013059413785839413,5.65,5.83536450577148,5.464635494228521
2025-08-19,5.57,5.59,5.47,5.52,47211399,5.548800125561511,5.3500100772407055,5.056679711288813,5.626337890340726,5.630522297846746,-0.004184407506020449,0.014657025964564863,-0.01884143347058531,5.6375,5.822527025052843,5.452472974947157
2025-08-20,5.51,5.59,5.49,5.54,17383762,5.548455022598315,5.353772253929009,5.061488868390416,5.613055137980615,5.623816942450691,-0.010761804470076797,0.009573259877636532,-0.02033506434771333,5.626,5.805153565412207,5.446846434587794
2025-08-21,5.55,5.61,5.51,5.59,32460950,5.550084237398381,5.358450031078929,5.066747685620363,5.609508193675905,5.6213119837506405,-0.011803790074735865,0.0052978498871620525,-0.017101639961897917,5.618499999999999,5.790345861166062,5.446654138833936
2025-08-22,5.57,5.67,5.52,5.55,27377583,5.550080933970993,5.362243099770435,5.071556166360458,5.6003530869565346,5.616029614583927,-0.015676527627392467,0.0011029743842511487,-0.016779502011643615,5.6125,5.7851122822973675,5.439887717702632
2025-08-25,5.56,5.7,5.54,5.67,36581469,5.55478364244272,5.368337295814584,5.077510831371797,5.611067996655529,5.620027420911043,-0.008959424255514215,-0.000909505343701924,-0.00804991891181229,5.611,5.781047052311724,5.440952947688276
2025-08-26,5.67,5.71,5.55,5.55,50191555,5.554596048621437,5.3719345770855815,5.082212216134267,5.601672920246987,5.614840204547263,-0.013167284300275917,-0.003361061135016723,-0.009806223165259195,5.6055,5.775967005604915,5.435032994395085
2025-08-27,5.57,5.58,5.44,5.44,45603668,5.5501020859303996,5.373282407242303,5.085772293585668,5.576800163285912,5.601889078284503,-0.025088914998590894,-0.007706631907731558,-0.017382283090859336,5.5969999999999995,5.782051344226153,5.411948655773846
2025-08-28,5.45,5.51,5.42,5.45,39398208,5.546176513933129,5.37480156749493,5.089396449868398,5.55729244585731,5.590638035448614,-0.0333455895913044,-0.012834423444446127,-0.020511166146858276,5.5920000000000005,5.786997435880339,5.397002564119662
2025-08-29,5.49,5.57,5.41,5.41,31617290,5.540836258484771,5.375498566158396,5.092586534944335,5.534632069571569,5.577257440230198,-0.04262537065862926,-0.018792612887282754,-0.023832757771346504,5.5885,5.793660912456312,5.383339087543687
2025-09-01,5.42,5.59,5.42,5.59,59646641,5.542764248348113,5.379746119303774,5.097535922656332,5.543150212714405,5.57820133354648,-0.03505112083207518,-0.02204431447624124,-0.013006806355833938,5.591500000000001,5.794898623397276,5.388101376602726
2025-09-02,5.56,5.8,5.55,5.73,74198188,5.5501068268442655,5.386681839713599,5.103829097555274,5.571896333835266,5.589445679209704,-0.017549345374438197,-0.021145320655880633,0.0035959752814424366,5.6,5.811471038205959,5.38852896179404
2025-09-03,5.74,5.79,5.6,5.62,40963149,5.5528477355954715,5.391302001303429,5.108965126435321,5.579296897860609,5.591708962231207,-0.012412064370598053,-0.019398669398824116,0.006986605028226064,5.603,5.813817456582481,5.392182543417518
2025-09-04,5.67,5.73,5.6,5.67,52711622,5.557441942042709,5.396820773554846,5.1145475629882045,5.593251221266669,5.597508298362229,-0.004257077095559225,-0.016370350938171137,0.012113273842611912,5.5985,5.799325795155668,5.397674204844331
2025-09-05,5.67,5.75,5.66,5.75,51348180,5.564993238433191,5.403814421603264,5.120870472809218,5.617366417994875,5.608803979965026,0.008562438029848352,-0.01138379314456724,0.01994623117441559,5.6015,5.8093725571110975,5.393627442888902
2025-09-08,5.72,5.74,5.68,5.7,21869094,5.570287621239733,5.409679482561615,5.126632955666837,5.630079276764895,5.615559240708358,0.014520036056536512,-0.00620302730434649,0.020723063360883,5.606,5.818263986582525,5.393736013417475
2025-09-09,5.69,5.8,5.69,5.77,38919797,5.578119479230332,5.41681454231287,5.133034617799506,5.651605541877988,5.626999296952183,0.024606244925804432,-4.117285831630596e-05,0.02464741778412074,5.6095,5.829997165514449,5.3890028344855505
2025-09-10,5.78,5.87,5.73,5.86,31316297,5.58917361729973,5.42559049197004,5.140268104189562,5.683666227742913,5.644258608289059,0.03940761945385418,0.007848585604117792,0.03155903384973639,5.6155,5.855539580069426,5.375460419930574
2025-09-11,5.83,5.85,5.77,5.79,24661305,5.597049161719349,5.43280652183202,5.146733098177725,5.700025269628619,5.6550542669343145,0.04497100269430465,0.015273069022155165,0.029697933672149485,5.6160000000000005,5.85744564605705,5.374554353942951
2025-09-12,5.83,5.88,5.79,5.84,26642079,5.606576645573492,5.440869759023465,5.15363127630531,5.721559843531908,5.6687539508651055,0.05280589266680291,0.022779633751084716,0.030026258915718196,5.6285,5.888444224786599,5.368555775213401
2025-09-15,5.84,5.85,5.76,5.83,39621200,5.61533834574708,5.448575308349732,5.160361313356999,5.738242944526999,5.680698102652876,0.05754484187412334,0.029732675375692443,0.0278121664984309,5.6435,5.913409244006028,5.373590755993972
2025-09-16,5.8,5.87,5.73,5.74,28211266,5.620227038070725,5.454346094323005,5.166128862477825,5.738513260753615,5.6850908357897,0.05342242496391503,0.03447062529333696,0.01895179967057807,5.6545000000000005,5.921293927966709,5.387706072033292
2025-09-17,5.79,5.79,5.68,5.75,28588180,5.625316173832657,5.460200627108687,5.1719385255377475,5.740280451406906,5.6898989220275,0.050381529379405876,0.03765280611055074,0.012728723268855137,5.665,5.929461717456242,5.400538282543758
2025-09-18,5.7,5.77,5.65,5.72,79938188,5.629029265054906,5.465345169146139,5.177391873542347,5.737160381959689,5.692128631506945,0.04503175045274421,0.039128594978989434,0.005903155473754779,5.6715,5.9346558473602755,5.4083441526397245
2025-09-19,5.75,5.75,5.6,5.62,50308676,5.6286751762292235,5.4684076410442355,5.181795934502125,5.719135707812044,5.686785769913837,0.03234993789820706,0.037772863562832965,-0.005422925664625905,5.675,5.933418265608112,5.416581734391888
2025-09-22,5.62,5.65,5.5,5.52,22619247,5.624413404612391,5.469429271914646,5.185161149084194,5.68849944507173,5.674431268438738,0.014068176632991758,0.03303192617686473,-0.01896374954387297,5.6675,5.934623566912216,5.400376433087785
2025-09-23,5.52,5.58,5.47,5.49,28149430,5.619142290706023,5.469836613064851,5.188194371481366,5.6579610689068485,5.660769692998831,-0.002808624091982459,0.025863816123095292,-0.02867244021507775,5.664499999999999,5.938103728044602,5.390896271955397
2025-09-24,5.48,5.57,5.42,5.47,34353426,5.613293573423435,5.4698398484497055,5.1909984075860285,5.6290439813827176,5.646638604628547,-0.017594623245829055,0.017172128249310425,-0.034766751495139483,5.6659999999999995,5.93495352758405,5.397046472415949
2025-09-25,5.47,5.47,5.33,5.33,38980012,5.602184021524477,5.46707074253981,5.192381508008058,5.583037215016146,5.623183893174581,-0.04014667815843431,0.005708366967761478,-0.04585504512619579,5.659999999999999,5.952301214502959,5.36769878549704
2025-09-26,5.32,5.43,5.31,5.4,41467954,5.594255236366655,5.46574260902417,5.194447363649769,5.5548776434752005,5.606651752939427,-0.051774109464226115,-0.00578812831863604,-0.04598598114559008,5.6594999999999995,5.953539113044345,5.365460886955654
2025-09-29,5.47,5.47,5.39,5.44,58325680,5.588206011411099,5.465232854390028,5.1968906734642,5.537204159863632,5.594307178647617,-0.057103018783985604,-0.016051106411705953,-0.04105191237227965,5.651999999999999,5.960064928221154,5.343935071778844
2025-09-30,5.46,5.51,5.37,5.46,32930231,5.583178324689095,5.465129233511018,5.199508676713312,5.525326596807688,5.584358498747794,-0.05903190194010577,-0.02464726551738592,-0.03438463642271985,5.6385000000000005,5.955250690606833,5.321749309393168
2025-10-02,5.49,5.5,5.42,5.44,10281973,5.577563488426778,5.464631624926641,5.201901625203727,5.512199428068044,5.573665276618328,-0.06146584855028436,-0.03201098212396561,-0.029454866426318754,5.6295,5.9578580362956055,5.301141963704395
2025-10-03,5.41,5.44,5.38,5.41,11018805,5.5709923712335705,5.463549810571657,5.203972255798715,5.496476439134499,5.561541922794748,-0.06506548366024933,-0.03862188243122236,-0.026443601229026975,5.6165,5.957749175823044,5.275250824176957
2025-10-06,5.41,5.43,5.36,5.38,6040863,5.56350247432245,5.461895358877169,5.205723775641514,5.478556986959961,5.548094372958101,-0.06953738599813963,-0.04480498314460582,-0.024732402853533814,5.598,5.94829130734277,5.24770869265723
2025-10-08,5.38,5.38,5.21,5.26,23471422,5.551600416505884,5.457897430978611,5.206263837575429,5.444932835119967,5.5267540490352784,-0.08182121391531183,-0.05220822929874702,-0.029612984616564808,5.576,5.952212705792757,5.199787294207242
2025-10-09,5.33,5.36,5.28,5.34,29720403,5.543302360956633,5.455562828384975,5.207594545659256,5.428789322024587,5.512920415773405,-0.08413109374881866,-0.05859280218876135,-0.02553829156005731,5.5545,5.933048543782576,5.175951456217424
2025-10-10,5.37,5.4,5.3,5.35,23625012,5.535721876213236,5.453472475347649,5.209011515354189,5.416667887866957,5.500852236827227,-0.08418434896027005,-0.0637111115430631,-0.020473237417206955,5.529,5.890103863175001,5.167896136824999
2025-10-13,5.3,5.36,5.23,5.35,54780395,5.528438665381344,5.4514235154397745,5.2104143858481775,5.406411289733579,5.489677997062247,-0.08326670732866859,-0.0676222307001842,-0.015644476628484394,5.507,5.855201091324984,5.158798908675015
2025-10-14,5.36,5.41,5.29,5.31,35390497,5.519872443209526,5.448623049787502,5.211405287481529,5.39157878362072,5.476368515798377,-0.08478973217765695,-0.07105573099567875,-0.013734001181978206,5.4805,5.803019766835944,5.157980233164056
2025-10-15,5.31,5.34,5.27,5.3,31958286,5.511249994456212,5.44568001909864,5.2122868269095735,5.377489739986763,5.463304181294793,-0.08581444130803018,-0.07400747305814903,-0.011806968249881145,5.454000000000001,5.7426104641206095,5.165389535879392
2025-10-16,5.29,5.43,5.28,5.42,21831770,5.507671563301066,5.4451715038689645,5.214353624651767,5.3840297799888,5.460096464161846,-0.07606668417304618,-0.07441931528112847,-0.0016473688919177165,5.438,5.695184758490688,5.180815241509311
2025-10-17,5.42,5.45,5.32,5.33,22270254,5.5007040510147505,5.4428908800299745,5.215504334854237,5.375717506144369,5.4504596890387464,-0.0747421828943775,-0.07448388880377828,-0.0002582940905992287,5.417,5.634356849443294,5.199643150556706
2025-10-20,5.3,5.44,5.3,5.43,26234395,5.497931343131819,5.442635615078886,5.217638620079568,5.384068659045235,5.448944156517357,-0.06487549747212196,-0.07256221053744702,0.007686713065325063,5.4025,5.570055960800908,5.234944039199092
2025-10-21,5.43,5.48,5.42,5.44,20152993,5.4956595257541005,5.442583424681284,5.219851171123553,5.3926734807305845,5.4482816264049605,-0.055608145674376,-0.06917139756483281,0.013563251890456818,5.3934999999999995,5.529775456337214,5.257224543662785
2025-10-22,5.44,5.48,5.42,5.45,13959450,5.493868956116685,5.442730287558882,5.222141209221827,5.401492945233571,5.448408913337926,-0.046915968104355166,-0.06472031167273729,0.01780434356838212,5.39,5.516332893578498,5.263667106421502
2025-10-23,5.41,5.7,5.41,5.7,41396993,5.501952526465051,5.447824737310191,5.226896023060416,5.44741710750533,5.467045290127709,-0.01962818262237942,-0.055701885862665716,0.036073703240286296,5.4005,5.58143921631287,5.21956078368713
2025-10-24,5.72,5.73,5.63,5.67,29247321,5.508542623466422,5.452224247462464,5.231305017855835,5.481660629427586,5.482078972340472,-0.0004183429128854499,-0.04464517727270967,0.04422683435982422,5.410500000000001,5.624740519043237,5.196259480956765
2025-10-27,5.7,5.71,5.6,5.64,20452907,5.513697814703033,5.455942579195881,5.235371634593588,5.506020532592573,5.493776826241177,0.012243706351395822,-0.03326740054788857,0.04551110689928439,5.426,5.658757384415435,5.193242615584565
2025-10-28,5.71,5.71,5.61,5.7,16514516,5.521003782753894,5.460775399409824,5.239994802408577,5.535863527578331,5.50905261688998,0.02681091068835162,-0.021251738300640536,0.04806264898899215,5.441,5.702067041198068,5.179932958801932
2025-10-30,5.76,5.78,5.65,5.73,43556481,5.529199712841977,5.46610657961953,5.244870476016453,5.565730677181665,5.525419089712944,0.040311587468720766,-0.008939073146768275,0.04925066061548904,5.4555,5.745360311184393,5.165639688815607
2025-10-31,5.58,5.69,5.46,5.48,47641461,5.52727031233837,5.4663816968547865,5.24721007327002,5.55254134223064,5.52205471269717,0.03048662953346959,-0.001053932610720702,0.03154056214419029,5.4565,5.746553443351243,5.166446556648757
2025-11-03,5.54,5.59,5.47,5.57,28000801,5.528945986364317,5.46843354444182,5.250421913336985,5.555227289579772,5.525606215460344,0.029621074119428492,0.005081068735309138,0.024540005384119355,5.462999999999999,5.757081621322911,5.168918378677088
2025-11-04,5.57,5.65,5.56,5.57,18683907,5.5305559476833634,5.470444761383566,5.253601794796318,5.557500014259807,5.528894643944763,0.028605370315044176,0.009785929051256146,0.018819441263788032,5.471,5.767573768226241,5.174426231773759
2025-11-05,5.57,5.61,5.52,5.57,24621067,5.532102773264408,5.4724161522472565,5.256750035644116,5.5594230889890675,5.53193948513404,0.02748360385502746,0.013325464012010409,0.014158139843017052,5.480500000000001,5.776977655144384,5.184022344855618
2025-11-06,5.6,5.71,5.6,5.7,29156481,5.5386869782344315,5.476922763093845,5.261160483050642,5.581050306067673,5.544388412161148,0.03666189390652441,0.017992749990913208,0.018669143915611204,5.5024999999999995,5.795544365241699,5.2094556347583
2025-11-07,5.68,5.72,5.61,5.62,15983793,5.541875724186023,5.4797559757058485,5.264731025507849,5.587042566672646,5.549989270519582,0.037053296153064075,0.02180485922334338,0.015248436929720693,5.5165,5.803851700882229,5.229148299117771
2025-11-10,5.62,5.69,5.56,5.68,24225907,5.547292362453238,5.483721203909693,5.268863055104787,5.60134371026147,5.559619694925539,0.041724015335931064,0.025788690445860917,0.015935324890070147,5.5329999999999995,5.818103489981986,5.247896510018013
2025-11-11,5.63,5.73,5.63,5.71,16200672,5.553673054121738,5.488201972149104,5.273252477442052,5.618060062528936,5.570758976782907,0.04730108574602898,0.030091169505894532,0.01720991624013445,5.551,5.833056731881918,5.268943268118083
2025-11-12,5.72,5.78,5.68,5.71,28217247,5.559803522587552,5.492594012304568,5.277598223935167,5.632204668293714,5.581073126650839,0.051131541642875256,0.03429924393329068,0.016832297709584575,5.571,5.838200299400855,5.303799700599145
2025-11-13,5.71,5.74,5.63,5.68,25387665,5.56451710993706,5.496305021961903,5.281602221706956,5.6395577962485275,5.588401043195222,0.05115675305330569,0.037670745757293685,0.013486007296012008,5.59,5.830083318870566,5.349916681129434
2025-11-14,5.65,5.72,5.63,5.64,18076907,5.567477223272861,5.499150467071568,5.285168368754649,5.639625827594908,5.592223188143723,0.04740263945118439,0.039617124496071826,0.007785514955112566,5.601000000000001,5.82876303475302,5.373236965246981
2025-11-17,5.64,5.69,5.59,5.61,28578000,5.569144783144513,5.501345507327576,5.288400524289429,5.635068007964922,5.593539989021966,0.041528018942955214,0.039999303385448506,0.0015287155575067074,5.615,5.805840247327193,5.424159752672807
2025-11-18,5.61,5.61,5.5,5.52,21356000,5.56721753674669,5.501714903222079,5.29070499668456,5.61736523750878,5.5880925824277465,0.029272655081033605,0.037853973724565525,-0.00858131864353192,5.6195,5.7964152339396025,5.442584766060398
2025-11-19,5.57,5.63,5.52,5.55,24352938,5.566542339227213,5.5026710437523345,5.293285046468793,5.607001354815122,5.585270909655321,0.021730445159800382,0.0346292680116125,-0.012898822851812118,5.625,5.785312195418514,5.464687804581486
2025-11-20,5.55,5.72,5.55,5.67,84609875,5.570599502394773,5.505984488430506,5.297033453966616,5.616693454074333,5.591547138569742,0.025146315504591676,0.032732677510208336,-0.007586362005616659,5.636,5.77562807740531,5.49637192259469
2025-11-21,5.67,5.67,5.5,5.5,23336192,5.567830894457724,5.50586598370911,5.299053021588839,5.598740614985974,5.584765869046057,0.0139747459399171,0.02898109119615009,-0.01500634525623299,5.6259999999999994,5.774243043681326,5.4777569563186725
2025-11-24,5.5,5.57,5.45,5.49,56287821,5.564778702518205,5.505551805813879,5.300952991523278,5.582011289603517,5.577746175042646,0.004265114560871197,0.024037895869094314,-0.019772781308223117,5.617,5.7749999999996975,5.4590000000003025
2025-11-25,5.49,5.55,5.47,5.55,25779840,5.564199145556707,5.50643196807499,5.303431071209614,5.57708647581836,5.575690902817265,0.0013955730010950518,0.019509431295494463,-0.01811385829439941,5.6125,5.772734203589323,5.452265796410677
2025-11-26,5.57,5.61,5.52,5.56,15431696,5.564034473181934,5.507492721182416,5.305983995874195,5.57445778723092,5.57452861371969,-7.082648876988173e-05,0.015593379738641595,-0.01566420622741148,5.605500000000001,5.762021564009261,5.448978435990741
2025-11-27,5.58,5.66,5.53,5.58,24801000,5.564660572272839,5.508928508881774,5.308710523278432,5.57531043534924,5.574933901592305,0.00037653375693480484,0.012550010542300236,-0.012173476785365431,5.598000000000001,5.743958898323829,5.452041101676173
2025-11-28,5.56,5.58,5.48,5.5,18950813,5.5621248635562575,5.5087517067256995,5.310613901156259,5.56372421452628,5.569383242215098,-0.005659027688817986,0.008908202896076592,-0.014567230584894578,5.599,5.741954538227738,5.456045461772263
2025-12-01,5.49,5.53,5.35,5.36,57548641,5.554198398318757,5.5058061283746955,5.311105305124854,5.532382027676083,5.5538733724213865,-0.021491344745303564,0.002828293367800561,-0.024319638113104124,5.5885,5.76527952370087,5.41172047629913
2025-12-02,5.4,5.42,5.35,5.36,25826083,5.546582774855277,5.50291887830787,5.3115918195017215,5.505861715725916,5.539512381871654,-0.03365066614573742,-0.004467498534907036,-0.029183167610830382,5.578,5.7809384143032245,5.375061585696776
2025-12-03,5.38,5.39,5.31,5.33,22929579,5.538089332704089,5.499494742103754,5.311774985476829,5.478806067152698,5.523992946177457,-0.04518687902475893,-0.012611374632877415,-0.03257550439188152,5.566000000000001,5.795991304183241,5.33600869581676
2025-12-04,5.35,5.38,5.31,5.38,13510524,5.53188975102942,5.497128509586848,5.312453841342731,5.463605133744591,5.513326802016165,-0.04972166827157398,-0.020033433360616727,-0.029688234910957255,5.55,5.7849468024892206,5.315053197510779
2025-12-05,5.39,5.4,5.32,5.38,32605684,5.525933290204737,5.494809133159386,5.3131259424238975,5.450742805476192,5.50345074260756,-0.0527079371313679,-0.026568334114766962,-0.026139603016600937,5.538,5.781770383762897,5.294229616237104
2025-12-08,5.35,5.39,5.3,5.32,22321836,5.517857474902591,5.491347566166131,5.313194341006745,5.430628527710624,5.489861798710704,-0.05923327100008002,-0.03310132149182958,-0.026131949508250443,5.5200000000000005,5.772190404258194,5.267809595741807
2025-12-09,5.3,5.32,5.23,5.26,46516700,5.507745417063274,5.486766426242049,5.312665044081305,5.404377984985913,5.472834998806207,-0.06845701382029468,-0.0401724599575226,-0.02828455386277208,5.4975000000000005,5.758028309402094,5.236971690597907
2025-12-10,5.3,5.3,5.2,5.23,34080793,5.496853439923537,5.481681942554087,5.311842506329252,5.377550602680388,5.454847221116859,-0.0772966184364714,-0.04759729165331236,-0.029699326783159036,5.4735,5.739678511529227,5.207321488470773
2025-12-11,5.28,5.28,5.18,5.21,20741270,5.4856042854167315,5.476302102107471,5.310829148057318,5.351773586883405,5.436710389923017,-0.08493680303961249,-0.05506519393057239,-0.029871609109040097,5.45,5.722029410174556,5.177970589825445
2025-12-12,5.25,5.26,5.18,5.25,38680446,5.476364901674899,5.471820872362769,5.31022388290252,5.336116111978265,5.422879990669461,-0.08676387869119573,-0.061404930882697065,-0.025358947808498664,5.4305,5.70116399834466,5.159836001655341
2025-12-15,5.22,5.31,5.2,5.24,40949911,5.467095689844511,5.467230360038753,5.309525137799012,5.321329017827763,5.409333324693946,-0.08800430686618288,-0.06672480607939424,-0.02127950078678864,5.412,5.681636792741493,5.142363207258507
2025-12-16,5.24,5.26,5.12,5.12,31454641,5.4534840941643346,5.460354511325114,5.307639315532356,5.290355322777338,5.387901226568468,-0.09754590379113015,-0.07288902562174143,-0.02465687816938872,5.392,5.684957334777474,5.099042665222527
2025-12-17,5.14,5.17,5.1,5.16,15498094,5.441974914001027,5.454406897239468,5.306170267616611,5.270300657734671,5.3710196542300634,-0.10071899649539251,-0.07845501979647165,-0.022263976698920857,5.3725000000000005,5.672624973969049,5.072375026030952
2025-12-18,5.13,5.26,5.13,5.22,21198059,5.433270015412752,5.449765176502053,5.305312852018436,5.26256209500626,5.359833013175985,-0.0972709181697251,-0.08221819947112234,-0.015052718698602766,5.35,5.623861278752443,5.076138721247556
2025-12-19,5.23,5.3,5.22,5.3,46948465,5.428043740298527,5.446799529442607,5.305259987819247,5.268321772697604,5.355400938125912,-0.08707916542830763,-0.0831903926625594,-0.0038887727657482274,5.34,5.605706605111586,5.0742933948884135
2025-12-22,5.33,5.33,5.24,5.25,22061036,5.42106163283584,5.442902509057604,5.3047101371941805,5.265503038436433,5.347593461227696,-0.08209042279126244,-0.0829703986883,0.0008799758970375604,5.327999999999999,5.587121593079243,5.0688784069207555
2025-12-23,5.29,5.34,5.26,5.29,19651528,5.415921960959924,5.439874736601017,5.30456376766986,5.269271801753906,5.343327278914534,-0.07405547716062788,-0.08118741438276558,0.007131937222137702,5.3149999999999995,5.553537208837376,5.076462791162623
2025-12-24,5.32,5.34,5.28,5.31,13809512,5.4117681585693385,5.43730295963862,5.304617859533842,5.275537678407151,5.340858591587532,-0.06532091318038091,-0.07801411414228865,0.012693200961907736,5.3025,5.5129162541248355,5.092083745875165
2025-12-29,5.3,5.38,5.28,5.3,43021188,5.407385093527404,5.434584089150727,5.304571910682759,5.279301112498358,5.337832029247714,-0.05853091674935573,-0.07411747466370207,0.015586557914346336,5.2885,5.456103699242971,5.120896300757029
2025-12-30,5.31,5.41,5.3,5.35,36385481,5.405134697702801,5.432909156692296,5.305023931471985,5.290177864421688,5.33873336041455,-0.04855549599286224,-0.0690050789295341,0.02044958293667186,5.281,5.421271165960538,5.140728834039462
2025-12-31,5.35,5.4,5.3,5.32,19178450,5.401796082106613,5.4306733318073,5.305172947079229,5.29476588527989,5.3373457040875465,-0.04257981880765627,-0.06372002690515853,0.021140208097502264,5.279,5.415806432597042,5.142193567402958
2026-01-02,5.23,5.25,5.13,5.25,11426500,5.39584329457302,5.427095642068542,5.304623962531177,5.287878826006061,5.330875651932914,-0.04299682592685272,-0.05957538670949737,0.01657856078264465,5.2735,5.405602233137556,5.141397766862444
2026-01-05,5.27,5.27,5.18,5.18,21836168,5.387378851648588,5.422202659057284,5.303383923103007,5.27128208354359,5.319699677715661,-0.048417594172071254,-0.057343828202012156,0.008926234029940902,5.266,5.401410487038227,5.130589512961773
2026-01-06,5.18,5.22,5.15,5.21,23556211,5.380422818250604,5.418000626204664,5.3024547298383,5.26185407069073,5.311573775662649,-0.04971970497191869,-0.055819003555993466,0.006099298584074778,5.2575,5.384287223330786,5.130712776669214
2026-01-07,5.21,5.21,5.13,5.14,31789301,5.3709944724368555,5.412495663309523,5.300838264864785,5.243107290584463,5.298864607095045,-0.05575731651058202,-0.05580666614691118,4.934963632916012e-05,5.2455,5.369027324912068,5.121972675087932
2026-01-08,5.14,5.14,5.02,5.07,36009961,5.35919076763541,5.40571357096676,5.298541366706926,5.216475399725315,5.281911673236153,-0.06543627351083803,-0.05773258761969656,-0.007703685891141468,5.233,5.373299679258124,5.0927003207418755
2026-01-09,5.1,5.1,5.05,5.06,22063387,5.34745779635559,5.398867757680289,5.296167820769544,5.192402261306036,5.265473771514956,-0.07307151020892011,-0.060800372137541275,-0.012271138071378834,5.223,5.3815055204083855,5.064494479591614
2026-01-12,5.06,5.14,5.04,5.14,18303118,5.339322196498507,5.3937416634687985,5.294613912105171,5.184340374951261,5.256179418069404,-0.07183904311814349,-0.06300810633366172,-0.008830936784481769,5.218500000000001,5.381014614727211,5.05598538527279
